{"type": "FeatureCollection", "features": [{"type": "Feature", "geometry": {"type": "MultiPolygon", "coordinates": [[[[16.35084873, 48.19558959], [16.35077965, 48.19564494], [16.35064399, 48.19557072], [16.35064614, 48.19556901], [16.35071446, 48.19551469], [16.35070934, 48.19550956], [16.35070679, 48.1955039], [16.35070557, 48.19549805], [16.35070544, 48.19549211], [16.35070665, 48.19548627], [16.3507088, 48.19548114], [16.35071216, 48.19547629], [16.35071619, 48.1954717], [16.35072103, 48.19546738], [16.35072641, 48.19546342], [16.35073193, 48.19545983], [16.35073771, 48.1954565], [16.35074403, 48.19545362], [16.35075062, 48.19545137], [16.35075789, 48.19544993], [16.35076569, 48.1954493], [16.35077349, 48.19544948], [16.35078129, 48.19545047], [16.35079535, 48.19545258], [16.35079817, 48.19545416], [16.35081642, 48.19543961], [16.35080935, 48.19543564], [16.35086965, 48.19538984], [16.35084368, 48.19536601], [16.35084812, 48.19536241], [16.35089797, 48.19532365], [16.35095234, 48.19528137], [16.35099136, 48.19532255], [16.35101047, 48.19534261], [16.35101195, 48.19534225], [16.3510328, 48.19536464], [16.35103267, 48.19536581], [16.35103148, 48.19538787], [16.35102959, 48.195423], [16.35102851, 48.19542908], [16.35102477, 48.19545022], [16.35096552, 48.19549588], [16.35092767, 48.19552647], [16.35092954, 48.19552769], [16.35092201, 48.1955333], [16.35091994, 48.19553222], [16.35090356, 48.19554567], [16.3509081, 48.19554846], [16.35090136, 48.19555386], [16.35088412, 48.19556768], [16.35087737, 48.19557309], [16.35087252, 48.1955705], [16.35085583, 48.19558374], [16.35085757, 48.19558512], [16.35085073, 48.19559049], [16.35084873, 48.19558959]], [[16.35075199, 48.19553402], [16.35078119, 48.19555083], [16.35080176, 48.19553482], [16.35077257, 48.19551801], [16.35075199, 48.19553402]]]]}, "properties": {"id": 24155178, "bauperiode": "1860-1883"}}, {"type": "Feature", "geometry": {"type": "Polygon", "coordinates": [[[16.34610949, 48.1921643], [16.3460561, 48.19221116], [16.34591782, 48.19214201], [16.3459696, 48.19209569], [16.34601064, 48.19211582], [16.34607169, 48.19214577], [16.34610949, 48.1921643]]]}, "properties": {"id": 23453676, "bauperiode": "1884-1918"}}, {"type": "Feature", "geometry": {"type": "Polygon", "coordinates": [[[16.34600206, 48.19233662], [16.34598667, 48.1923509], [16.34594858, 48.19233234], [16.34592956, 48.19232308], [16.34592903, 48.19232282], [16.34598496, 48.19227367], [16.34600352, 48.1922573], [16.34603849, 48.19222663], [16.3460561, 48.19221116], [16.34610949, 48.1921643], [16.34612848, 48.19217362], [16.34616547, 48.19219179], [16.34614958, 48.19220512], [16.34613048, 48.19219577], [16.34598309, 48.19232816], [16.34600206, 48.19233662]]]}, "properties": {"id": 23457050, "bauperiode": "1884-1918"}}, {"type": "Feature", "geometry": {"type": "Polygon", "coordinates": [[[16.34620177, 48.19220961], [16.34603036, 48.19237217], [16.34598667, 48.1923509], [16.34600206, 48.19233662], [16.34598309, 48.19232816], [16.34613048, 48.19219577], [16.34614958, 48.19220512], [16.34616547, 48.19219179], [16.34620177, 48.19220961]]]}, "properties": {"id": 23457053, "bauperiode": "1884-1918"}}, {"type": "Feature", "geometry": {"type": "Polygon", "coordinates": [[[16.34614165, 48.19236038], [16.3460938, 48.19240307], [16.3460777, 48.19239523], [16.34603036, 48.19237217], [16.34620177, 48.19220961], [16.34627118, 48.19224369], [16.34627212, 48.19224396], [16.34618838, 48.19231868], [16.34617703, 48.19232881], [16.34616809, 48.19233679], [16.34614165, 48.19236038]]]}, "properties": {"id": 23453660, "bauperiode": "1884-1918"}}, {"type": "Feature", "geometry": {"type": "Polygon", "coordinates": [[[16.34598496, 48.19227367], [16.34592903, 48.19232282], [16.34579084, 48.19225552], [16.34579287, 48.19225373], [16.34581209, 48.19223661], [16.34584566, 48.19220672], [16.34584762, 48.19220497], [16.34598496, 48.19227367]]]}, "properties": {"id": 23457047, "bauperiode": "1884-1918"}}, {"type": "Feature", "geometry": {"type": "Polygon", "coordinates": [[[16.34544627, 48.19328228], [16.34540511, 48.19331906], [16.34532815, 48.19328211], [16.34532851, 48.1932818], [16.34543243, 48.19319028], [16.34543481, 48.19318807], [16.34544596, 48.19317771], [16.34545103, 48.19317301], [16.34545223, 48.19317351], [16.34552722, 48.19320996], [16.34549061, 48.19324267], [16.3455151, 48.19325492], [16.34547076, 48.19329453], [16.34544627, 48.19328228]]]}, "properties": {"id": 23455302, "bauperiode": "1884-1918"}}, {"type": "Feature", "geometry": {"type": "Polygon", "coordinates": [[[16.34561838, 48.19338472], [16.34559269, 48.19340892], [16.34558597, 48.19340568], [16.34555688, 48.19339177], [16.34548817, 48.19335892], [16.3455261, 48.19332366], [16.34549745, 48.19332493], [16.34548036, 48.19331809], [16.34547512, 48.19330352], [16.34546301, 48.19329786], [16.3454274, 48.19332976], [16.34540511, 48.19331906], [16.34544627, 48.19328228], [16.34547076, 48.19329453], [16.3455151, 48.19325492], [16.34549061, 48.19324267], [16.34552722, 48.19320996], [16.34554514, 48.19321867], [16.34551949, 48.1932421], [16.34558164, 48.19327204], [16.34558594, 48.19326808], [16.34560692, 48.19324856], [16.34562323, 48.1932564], [16.34568978, 48.1932884], [16.34568779, 48.1932902], [16.34561313, 48.19335774], [16.34561838, 48.19338472]]]}, "properties": {"id": 23455306, "bauperiode": "1884-1918"}}, {"type": "Feature", "geometry": {"type": "Polygon", "coordinates": [[[16.34473355, 48.19628241], [16.34473167, 48.1962843], [16.34471889, 48.19627972], [16.34467166, 48.19626292], [16.34458624, 48.19623255], [16.3445856, 48.1962323], [16.34463885, 48.19617799], [16.3446368, 48.19617658], [16.34467921, 48.19613328], [16.34469056, 48.19612168], [16.34469483, 48.19611732], [16.34469366, 48.19611679], [16.34473228, 48.19607738], [16.34473588, 48.19607904], [16.34478977, 48.19602501], [16.34480766, 48.19603123], [16.34487104, 48.19605323], [16.34489637, 48.19606202], [16.34486023, 48.19609822], [16.34488929, 48.19611117], [16.3449028, 48.19609762], [16.34495506, 48.19612016], [16.3449197, 48.196177], [16.34490154, 48.19620614], [16.34486011, 48.19618851], [16.34477242, 48.19627791], [16.34474901, 48.19626694], [16.34473355, 48.19628241]]]}, "properties": {"id": 23386989, "bauperiode": "1884-1918"}}, {"type": "Feature", "geometry": {"type": "Polygon", "coordinates": [[[16.35025372, 48.19733138], [16.35019092, 48.19739964], [16.3500428, 48.19734094], [16.34982257, 48.19725373], [16.3497023, 48.1972077], [16.3497366, 48.19716911], [16.34977008, 48.19713143], [16.34978246, 48.19713664], [16.34980183, 48.19714455], [16.34985564, 48.19716649], [16.34991605, 48.19719112], [16.34995896, 48.19720866], [16.34997726, 48.19721603], [16.35003255, 48.19723841], [16.35009753, 48.19726467], [16.35025372, 48.19733138]]]}, "properties": {"id": 24154020, "bauperiode": "Nach 1976"}}, {"type": "Feature", "geometry": {"type": "Polygon", "coordinates": [[[16.3494581, 48.19700016], [16.34924764, 48.197218], [16.34916904, 48.1971919], [16.34917016, 48.19719073], [16.3491706, 48.1971901], [16.34916921, 48.19718946], [16.34920351, 48.19714859], [16.3491993, 48.19714684], [16.3492027, 48.19714344], [16.34920092, 48.1971426], [16.34923118, 48.19711036], [16.34923273, 48.1971111], [16.34923621, 48.19710747], [16.34923683, 48.19710761], [16.34929145, 48.19704938], [16.34929085, 48.19704912], [16.34929379, 48.19704538], [16.34929258, 48.19704487], [16.34929775, 48.19703926], [16.34929904, 48.19703977], [16.34930061, 48.19703808], [16.34931717, 48.19702033], [16.34931873, 48.19701866], [16.34931761, 48.19701813], [16.34932283, 48.19701249], [16.34932393, 48.19701298], [16.34932771, 48.19700963], [16.34933321, 48.19701151], [16.34933953, 48.19700665], [16.349374, 48.19697931], [16.34938048, 48.19697416], [16.34938118, 48.19697443], [16.3493834, 48.19697253], [16.3494534, 48.19699818], [16.3494581, 48.19700016]]]}, "properties": {"id": 24154048, "bauperiode": "Nach 1976"}}, {"type": "Feature", "geometry": {"type": "Polygon", "coordinates": [[[16.349306, 48.19723507], [16.34930441, 48.19723697], [16.34929419, 48.19723347], [16.34924764, 48.197218], [16.3494581, 48.19700016], [16.34948999, 48.19701356], [16.34954809, 48.19703803], [16.34951543, 48.19707318], [16.34944292, 48.19704234], [16.34940943, 48.19707832], [16.34943531, 48.19708832], [16.34942838, 48.19709596], [16.34942193, 48.19709326], [16.34940912, 48.19710691], [16.34943867, 48.19711932], [16.34940224, 48.19715812], [16.34939775, 48.19716286], [16.34934972, 48.19714218], [16.34930978, 48.19718256], [16.34934117, 48.19719309], [16.349306, 48.19723507]]]}, "properties": {"id": 24155757, "bauperiode": "Nach 1976"}}, {"type": "Feature", "geometry": {"type": "Polygon", "coordinates": [[[16.34958978, 48.19705557], [16.3495414, 48.19710609], [16.34951142, 48.19709421], [16.34950534, 48.1970918], [16.34945194, 48.19707013], [16.34943531, 48.19708832], [16.34940943, 48.19707832], [16.34944292, 48.19704234], [16.34951543, 48.19707318], [16.34954809, 48.19703803], [16.34955254, 48.1970399], [16.34958978, 48.19705557]]]}, "properties": {"id": 24154077, "bauperiode": "Nach 1976"}}, {"type": "Feature", "geometry": {"type": "Polygon", "coordinates": [[[16.34971036, 48.19715859], [16.34967537, 48.19719738], [16.34964311, 48.19718504], [16.34948559, 48.19712472], [16.34951142, 48.19709421], [16.3495414, 48.19710609], [16.34958978, 48.19705557], [16.34977008, 48.19713143], [16.3497366, 48.19716911], [16.34971036, 48.19715859]]]}, "properties": {"id": 24156890, "bauperiode": "Nach 1976"}}, {"type": "Feature", "geometry": {"type": "Polygon", "coordinates": [[[16.34494446, 48.19379588], [16.34490156, 48.19383428], [16.34477703, 48.19377521], [16.34482966, 48.19372813], [16.34484335, 48.19371588], [16.34489542, 48.19366929], [16.34501876, 48.1937294], [16.34497887, 48.1937651], [16.34499434, 48.19377301], [16.34502003, 48.19378488], [16.34498776, 48.193816], [16.34496422, 48.19380512], [16.34494446, 48.19379588]]]}, "properties": {"id": 23457133, "bauperiode": "1884-1918"}}, {"type": "Feature", "geometry": {"type": "Polygon", "coordinates": [[[16.345154, 48.1937989], [16.34503944, 48.19390106], [16.34499988, 48.19388182], [16.344938, 48.1938517], [16.34497, 48.19382068], [16.34495588, 48.1938133], [16.34496422, 48.19380512], [16.34498776, 48.193816], [16.34502003, 48.19378488], [16.34499434, 48.19377301], [16.34500349, 48.19376563], [16.34501815, 48.19377292], [16.34504935, 48.19374441], [16.34511567, 48.19377723], [16.34515602, 48.1937971], [16.345154, 48.1937989]]]}, "properties": {"id": 23452774, "bauperiode": "1884-1918"}}, {"type": "Feature", "geometry": {"type": "MultiPolygon", "coordinates": [[[[16.34396688, 48.19489751], [16.3438804, 48.19497486], [16.34381126, 48.19494105], [16.343889, 48.19487161], [16.34379443, 48.19482431], [16.34371602, 48.19489321], [16.34358823, 48.19483269], [16.34359024, 48.19483098], [16.34364354, 48.19478369], [16.34366088, 48.1947683], [16.34371914, 48.19471661], [16.34373718, 48.19470059], [16.34375271, 48.19468681], [16.34379037, 48.19465335], [16.34391951, 48.19471891], [16.34391751, 48.19472071], [16.34388064, 48.19475416], [16.34388629, 48.19476612], [16.34387109, 48.19477952], [16.34393095, 48.19481037], [16.34394777, 48.19479562], [16.34397911, 48.19479723], [16.34401141, 48.19476784], [16.3440134, 48.19476602], [16.34407743, 48.19479866], [16.34402645, 48.19484425], [16.34400521, 48.19486324], [16.34400252, 48.1948619], [16.34397871, 48.19485002], [16.34397024, 48.19485767], [16.34396028, 48.19485272], [16.34393917, 48.19487125], [16.34394912, 48.19487665], [16.34394078, 48.19488393], [16.34396423, 48.19489613], [16.34396688, 48.19489751]], [[16.3437768, 48.19478538], [16.34379375, 48.19479392], [16.34381971, 48.1947708], [16.34380276, 48.19476226], [16.3437768, 48.19478538]]]]}, "properties": {"id": 27025280, "bauperiode": "1884-1918"}}, {"type": "Feature", "geometry": {"type": "Polygon", "coordinates": [[[16.34523278, 48.19353008], [16.34519996, 48.1935585], [16.34508289, 48.19350155], [16.34513375, 48.19345445], [16.34513698, 48.19345145], [16.34514891, 48.19344105], [16.34515167, 48.19343865], [16.34515304, 48.19343904], [16.34515648, 48.1934358], [16.34517665, 48.19341766], [16.34517869, 48.19341584], [16.34519872, 48.19339781], [16.34520502, 48.19339253], [16.34532319, 48.19344981], [16.34528778, 48.1934816], [16.3453163, 48.1934959], [16.34526116, 48.19354456], [16.34523278, 48.19353008]]]}, "properties": {"id": 23452817, "bauperiode": "1884-1918"}}, {"type": "Feature", "geometry": {"type": "Polygon", "coordinates": [[[16.34538128, 48.19358565], [16.34533852, 48.19362603], [16.34530637, 48.19361039], [16.34522942, 48.19357289], [16.34526116, 48.19354456], [16.3453163, 48.1934959], [16.34535221, 48.19346388], [16.34544524, 48.19350851], [16.34548441, 48.19352729], [16.34547785, 48.1935333], [16.34544154, 48.19356766], [16.34535719, 48.19352657], [16.34534953, 48.19353367], [16.34533527, 48.19354716], [16.34532425, 48.19355751], [16.34538128, 48.19358565]]]}, "properties": {"id": 23452809, "bauperiode": "1884-1918"}}, {"type": "Feature", "geometry": {"type": "Polygon", "coordinates": [[[16.3490506, 48.19678437], [16.34900125, 48.19682637], [16.34897569, 48.19681595], [16.34884197, 48.19676146], [16.34879434, 48.19674195], [16.34881721, 48.19671686], [16.34876474, 48.19669537], [16.34874188, 48.19672055], [16.34864071, 48.19667929], [16.34864273, 48.19667748], [16.34880586, 48.19653097], [16.34885227, 48.19655542], [16.34890582, 48.19658357], [16.34887784, 48.19661001], [16.3489182, 48.19663123], [16.34894685, 48.19660515], [16.34914111, 48.19670747], [16.3490884, 48.19675226], [16.34907804, 48.19674651], [16.34895992, 48.19668375], [16.34891379, 48.19672503], [16.34904038, 48.19677871], [16.3490506, 48.19678437]]]}, "properties": {"id": 25674234, "bauperiode": "1860-1883"}}, {"type": "Feature", "geometry": {"type": "Polygon", "coordinates": [[[16.34925383, 48.19686674], [16.34920254, 48.19690764], [16.34920094, 48.19690683], [16.34919993, 48.19690756], [16.34907941, 48.19685829], [16.34910079, 48.19684075], [16.34904402, 48.19680973], [16.3490178, 48.19683312], [16.34900125, 48.19682637], [16.3490506, 48.19678437], [16.34904038, 48.19677871], [16.34907804, 48.19674651], [16.3490884, 48.19675226], [16.34914111, 48.19670747], [16.34916829, 48.19672176], [16.34915027, 48.19673625], [16.34920825, 48.19676834], [16.34922547, 48.19675449], [16.34932697, 48.19680816], [16.34927751, 48.19684784], [16.34927517, 48.19684973], [16.34925502, 48.19686579], [16.34925383, 48.19686674]]]}, "properties": {"id": 25674226, "bauperiode": "1860-1883"}}, {"type": "Feature", "geometry": {"type": "Polygon", "coordinates": [[[16.35064728, 48.19627166], [16.35059255, 48.19631537], [16.35052679, 48.19627861], [16.35054592, 48.19626331], [16.35056046, 48.19625169], [16.35058149, 48.19623487], [16.3506447, 48.19627021], [16.35064728, 48.19627166]]]}, "properties": {"id": 27025801, "bauperiode": "1860-1883"}}, {"type": "Feature", "geometry": {"type": "Polygon", "coordinates": [[[16.3505985, 48.1960411], [16.3503956, 48.19620496], [16.35036719, 48.196189], [16.35036875, 48.19618776], [16.35036638, 48.19618643], [16.35044956, 48.19611994], [16.35046519, 48.19610743], [16.35056788, 48.19602533], [16.35057004, 48.19602638], [16.35057125, 48.19602553], [16.3505985, 48.1960411]]]}, "properties": {"id": 27026241, "bauperiode": "1860-1883"}}, {"type": "Feature", "geometry": {"type": "Polygon", "coordinates": [[[16.35049944, 48.19619483], [16.35044888, 48.1962349], [16.3503956, 48.19620496], [16.3505985, 48.1960411], [16.35067464, 48.19608462], [16.35052209, 48.19620775], [16.35049944, 48.19619483]]]}, "properties": {"id": 27026245, "bauperiode": "1860-1883"}}, {"type": "Feature", "geometry": {"type": "Polygon", "coordinates": [[[16.35052141, 48.19623076], [16.35048963, 48.19625779], [16.35044888, 48.1962349], [16.35049944, 48.19619483], [16.35052209, 48.19620775], [16.35067464, 48.19608462], [16.35068316, 48.19608948], [16.35055088, 48.19619611], [16.35056117, 48.19620259], [16.35054052, 48.1962191], [16.35057025, 48.19623573], [16.35057551, 48.19623153], [16.35058149, 48.19623487], [16.35056046, 48.19625169], [16.35052141, 48.19623076]]]}, "properties": {"id": 27026246, "bauperiode": "1860-1883"}}, {"type": "Feature", "geometry": {"type": "Polygon", "coordinates": [[[16.35079615, 48.19615293], [16.35073698, 48.19619862], [16.3507344, 48.19619717], [16.35065505, 48.19615267], [16.35066271, 48.19614683], [16.35065114, 48.19613891], [16.35069929, 48.19609871], [16.35079357, 48.19615148], [16.35079615, 48.19615293]]]}, "properties": {"id": 27025331, "bauperiode": "1860-1883"}}, {"type": "Feature", "geometry": {"type": "Polygon", "coordinates": [[[16.34782912, 48.19266262], [16.34782838, 48.19266346], [16.34770404, 48.19260658], [16.34767172, 48.1925918], [16.34761868, 48.19256754], [16.34757182, 48.19254662], [16.34749871, 48.19251398], [16.34749656, 48.19251302], [16.3476789, 48.19232792], [16.34778113, 48.19237566], [16.34781409, 48.19239103], [16.34774313, 48.19246403], [16.34769307, 48.19251551], [16.34770504, 48.19252071], [16.34774245, 48.19253694], [16.34774674, 48.1925388], [16.34779679, 48.19248736], [16.34786817, 48.19241396], [16.34786857, 48.19241414], [16.34800839, 48.19247802], [16.34799007, 48.19249812], [16.34797017, 48.19251746], [16.34796912, 48.19251693], [16.34795398, 48.19253323], [16.34795485, 48.19253369], [16.34788274, 48.19260741], [16.34786711, 48.19262338], [16.34786575, 48.19262476], [16.34786647, 48.19262533], [16.34782949, 48.19266285], [16.34782912, 48.19266262]]]}, "properties": {"id": 23453650, "bauperiode": "1860-1883"}}, {"type": "Feature", "geometry": {"type": "MultiPolygon", "coordinates": [[[[16.34783218, 48.19582581], [16.34778937, 48.19582914], [16.34775345, 48.19580979], [16.34775279, 48.1958103], [16.34769934, 48.1957818], [16.34769997, 48.19578117], [16.34767003, 48.19576529], [16.34765429, 48.19575692], [16.34757373, 48.19571417], [16.34757325, 48.19571466], [16.3475201, 48.19568645], [16.34752187, 48.19568498], [16.34755119, 48.19565903], [16.34761588, 48.19560074], [16.34762744, 48.19559058], [16.34769309, 48.19562295], [16.34770452, 48.19561234], [16.3477208, 48.19561854], [16.34772605, 48.19561341], [16.3477508, 48.19561206], [16.34775416, 48.19561375], [16.34777245, 48.19562294], [16.34777488, 48.195643], [16.34777421, 48.19564371], [16.34775726, 48.19566026], [16.34777462, 48.19566881], [16.34778619, 48.19567456], [16.34781268, 48.19564875], [16.34780568, 48.19564443], [16.34783269, 48.19562107], [16.34785289, 48.1956036], [16.34786136, 48.19560773], [16.34799818, 48.19567472], [16.34790014, 48.19576358], [16.34790094, 48.19576376], [16.347861, 48.19580055], [16.34786047, 48.19579983], [16.34783218, 48.19582581]], [[16.34780395, 48.19571476], [16.34783005, 48.19572762], [16.34784498, 48.19571403], [16.34781888, 48.19570118], [16.34780395, 48.19571476]]]]}, "properties": {"id": 25020875, "bauperiode": "1884-1918"}}, {"type": "Feature", "geometry": {"type": "Polygon", "coordinates": [[[16.34770452, 48.19561234], [16.34769309, 48.19562295], [16.34762744, 48.19559058], [16.34763699, 48.19558185], [16.34769845, 48.19552681], [16.34774113, 48.195548], [16.34774536, 48.1955501], [16.34776437, 48.19555954], [16.3477624, 48.19556127], [16.34770452, 48.19561234]]]}, "properties": {"id": 25020882, "bauperiode": "1884-1918"}}, {"type": "Feature", "geometry": {"type": "MultiPolygon", "coordinates": [[[[16.34760563, 48.19187628], [16.34756461, 48.19188204], [16.34741956, 48.19181897], [16.34741678, 48.19181776], [16.34746196, 48.19177234], [16.34750781, 48.19172593], [16.34751053, 48.19172716], [16.34755382, 48.19174688], [16.34759174, 48.19170964], [16.3475463, 48.19168894], [16.34754358, 48.1916877], [16.3475623, 48.19166838], [16.34759791, 48.19163167], [16.34764432, 48.19165388], [16.34769327, 48.19160828], [16.34764686, 48.19158607], [16.34766663, 48.19156916], [16.34770982, 48.19153263], [16.34776673, 48.19148451], [16.34783655, 48.19154661], [16.34789526, 48.19159897], [16.34789394, 48.19160016], [16.34789183, 48.19160218], [16.34760563, 48.19187628]], [[16.34762558, 48.19172277], [16.34764743, 48.19173297], [16.34767529, 48.19170628], [16.34765345, 48.19169608], [16.34762558, 48.19172277]]]]}, "properties": {"id": 23457184, "bauperiode": "1884-1918"}}, {"type": "Feature", "geometry": {"type": "Polygon", "coordinates": [[[16.34903889, 48.19707038], [16.34898594, 48.19713535], [16.34898407, 48.19713469], [16.34896132, 48.19712654], [16.34890558, 48.19710658], [16.34888828, 48.19710038], [16.34885395, 48.19708809], [16.34882514, 48.19707776], [16.34882675, 48.19707579], [16.34887283, 48.19701929], [16.34882266, 48.19700023], [16.34884861, 48.19696839], [16.34886286, 48.1969505], [16.3488899, 48.19695949], [16.34887659, 48.19697747], [16.34890054, 48.1969853], [16.34895043, 48.19692441], [16.34897881, 48.19693466], [16.3491078, 48.19698203], [16.34910776, 48.19698281], [16.34910985, 48.19698391], [16.34905668, 48.19704868], [16.34905266, 48.19705357], [16.34904255, 48.19706589], [16.34903889, 48.19707038]]]}, "properties": {"id": 25674203, "bauperiode": "1860-1883"}}, {"type": "Feature", "geometry": {"type": "Polygon", "coordinates": [[[16.34679717, 48.19460329], [16.34673934, 48.1946578], [16.34671374, 48.19464572], [16.34668015, 48.19462957], [16.34672467, 48.19458945], [16.34684121, 48.19447716], [16.34690051, 48.19450586], [16.34679717, 48.19460329]]]}, "properties": {"id": 25022046, "bauperiode": "1884-1918"}}, {"type": "Feature", "geometry": {"type": "MultiPolygon", "coordinates": [[[[16.34655568, 48.19450692], [16.34651118, 48.19454775], [16.34647878, 48.19453253], [16.34643546, 48.19451213], [16.34645523, 48.1944928], [16.34642482, 48.19447886], [16.34640559, 48.19449766], [16.34632071, 48.19445685], [16.34632027, 48.19445664], [16.34632674, 48.19445026], [16.34633643, 48.19444071], [16.34633806, 48.19443912], [16.34636571, 48.19441097], [16.34639232, 48.19438388], [16.34642027, 48.19435543], [16.34643671, 48.19433869], [16.34643479, 48.19433786], [16.34644166, 48.19433076], [16.34646495, 48.19430666], [16.34647142, 48.19429997], [16.34647515, 48.19430158], [16.34647551, 48.1943012], [16.34658017, 48.19435119], [16.3466018, 48.19436152], [16.34663464, 48.1943772], [16.34660478, 48.19440636], [16.34661474, 48.1944113], [16.34657332, 48.1944542], [16.34657816, 48.194465], [16.34655826, 48.19448397], [16.34654629, 48.19448523], [16.34654077, 48.19448236], [16.34653042, 48.19449459], [16.34655568, 48.19450692]], [[16.34647128, 48.19444276], [16.34649644, 48.19445412], [16.34651476, 48.19443599], [16.34648959, 48.19442462], [16.34647128, 48.19444276]]]]}, "properties": {"id": 25022043, "bauperiode": "1884-1918"}}, {"type": "Feature", "geometry": {"type": "Polygon", "coordinates": [[[16.34672467, 48.19458945], [16.34668015, 48.19462957], [16.34667733, 48.19462821], [16.34663939, 48.19461005], [16.34653863, 48.19456069], [16.34651118, 48.19454775], [16.34655568, 48.19450692], [16.34672467, 48.19458945]]]}, "properties": {"id": 25020959, "bauperiode": "1884-1918"}}, {"type": "Feature", "geometry": {"type": "Polygon", "coordinates": [[[16.34891965, 48.19774984], [16.34891882, 48.19775116], [16.34886084, 48.19773049], [16.34886826, 48.19772119], [16.34882433, 48.19770567], [16.34881709, 48.19771503], [16.34875916, 48.19769438], [16.34875426, 48.1976855], [16.34879919, 48.19763096], [16.34880394, 48.19763325], [16.34889286, 48.19752541], [16.34890336, 48.19751269], [16.34891936, 48.19749328], [16.34897737, 48.19742292], [16.34910001, 48.19746947], [16.34909841, 48.19747146], [16.34904676, 48.19753558], [16.34905887, 48.19753989], [16.3490516, 48.19754907], [16.34907605, 48.19755783], [16.34903121, 48.19761287], [16.34902725, 48.19761774], [16.34901248, 48.1976203], [16.34897885, 48.19760789], [16.34895249, 48.19763901], [16.34899766, 48.19765406], [16.34895714, 48.19770381], [16.34891965, 48.19774984]]]}, "properties": {"id": 24156977, "bauperiode": "1884-1918"}}, {"type": "Feature", "geometry": {"type": "Polygon", "coordinates": [[[16.34947476, 48.19432269], [16.34946847, 48.19441901], [16.34941049, 48.19441659], [16.34941143, 48.19440229], [16.34944183, 48.19440319], [16.34944464, 48.19436308], [16.34942675, 48.19436254], [16.34942783, 48.19434689], [16.34938814, 48.19432486], [16.34941665, 48.19430049], [16.3494216, 48.19429624], [16.34949693, 48.19423159], [16.34956325, 48.19426081], [16.34949386, 48.19432287], [16.34947476, 48.19432269]]]}, "properties": {"id": 23453990, "bauperiode": "1884-1918"}}, {"type": "Feature", "geometry": {"type": "Polygon", "coordinates": [[[16.34972632, 48.19441646], [16.34972592, 48.19442465], [16.34969121, 48.19442414], [16.34964064, 48.1944234], [16.34964157, 48.19440424], [16.34965005, 48.19440442], [16.34965312, 48.19434201], [16.34967769, 48.19431977], [16.34972953, 48.19434695], [16.34972632, 48.19441646]]]}, "properties": {"id": 23453986, "bauperiode": "1884-1918"}}, {"type": "Feature", "geometry": {"type": "Polygon", "coordinates": [[[16.34948218, 48.19440795], [16.34948205, 48.19441964], [16.34946847, 48.19441901], [16.34947476, 48.19432269], [16.34949386, 48.19432287], [16.34952924, 48.19432323], [16.34955372, 48.19433276], [16.34955024, 48.19439643], [16.34949079, 48.19439464], [16.34948891, 48.19440228], [16.34948218, 48.19440795]]]}, "properties": {"id": 23453989, "bauperiode": "1884-1918"}}, {"type": "Feature", "geometry": {"type": "MultiPolygon", "coordinates": [[[[16.34972471, 48.19445073], [16.34972335, 48.19448041], [16.3493468, 48.1944685], [16.34934817, 48.1944416], [16.34934956, 48.19441417], [16.34941049, 48.19441659], [16.34946847, 48.19441901], [16.34948205, 48.19441964], [16.34948218, 48.19440795], [16.34948891, 48.19440228], [16.34949079, 48.19439464], [16.34955024, 48.19439643], [16.34954904, 48.19442134], [16.34964064, 48.1944234], [16.34969121, 48.19442414], [16.34969082, 48.19445037], [16.34972471, 48.19445073]], [[16.34948865, 48.19445255], [16.34946525, 48.19445211], [16.34946498, 48.19445786], [16.34948838, 48.19445831], [16.34948865, 48.19445255]]]]}, "properties": {"id": 23453976, "bauperiode": "1884-1918"}}, {"type": "Feature", "geometry": {"type": "Polygon", "coordinates": [[[16.34972083, 48.19453661], [16.34971989, 48.1945367], [16.34971935, 48.19453607], [16.34971828, 48.19453598], [16.34954664, 48.19453115], [16.34954557, 48.19453115], [16.34954463, 48.19453151], [16.34954286, 48.19453145], [16.34952188, 48.19453083], [16.34952028, 48.19453079], [16.3495192, 48.19453043], [16.34934649, 48.19452515], [16.34934555, 48.19452533], [16.34934475, 48.19452569], [16.34934407, 48.19452578], [16.34934394, 48.19452515], [16.3493468, 48.1944685], [16.34972335, 48.19448041], [16.34972138, 48.1945233], [16.34972083, 48.19453535], [16.34972083, 48.19453661]]]}, "properties": {"id": 23453969, "bauperiode": "1884-1918"}}, {"type": "Feature", "geometry": {"type": "Polygon", "coordinates": [[[16.35038545, 48.19596049], [16.35021122, 48.19609673], [16.35017933, 48.19607825], [16.35009133, 48.1960273], [16.35011257, 48.19601068], [16.35009682, 48.19600167], [16.35012154, 48.19598234], [16.35013491, 48.19598999], [16.35014574, 48.19598169], [16.35013941, 48.19596667], [16.35005506, 48.19591802], [16.35016359, 48.19583437], [16.35026391, 48.1958914], [16.35028012, 48.19590061], [16.35038545, 48.19596049]]]}, "properties": {"id": 25675937, "bauperiode": "1781-1848"}}, {"type": "Feature", "geometry": {"type": "Polygon", "coordinates": [[[16.35011257, 48.19601068], [16.35009133, 48.1960273], [16.350091, 48.19602711], [16.35006433, 48.19601058], [16.35005777, 48.19600652], [16.34999131, 48.19596732], [16.35002937, 48.19593789], [16.35004898, 48.19592273], [16.35005506, 48.19591802], [16.35013941, 48.19596667], [16.35014574, 48.19598169], [16.35013491, 48.19598999], [16.35012154, 48.19598234], [16.35009682, 48.19600167], [16.35011257, 48.19601068]]]}, "properties": {"id": 25675935, "bauperiode": "1781-1848"}}, {"type": "Feature", "geometry": {"type": "MultiPolygon", "coordinates": [[[[16.34336027, 48.19542912], [16.34333384, 48.19545308], [16.34323514, 48.19540442], [16.34321706, 48.1953955], [16.34325491, 48.19536119], [16.34321684, 48.19534242], [16.34317899, 48.19537674], [16.34314229, 48.19535865], [16.34312069, 48.19534799], [16.34310145, 48.19533832], [16.34307222, 48.19532364], [16.34306713, 48.1953214], [16.34305133, 48.19531404], [16.343052, 48.19531359], [16.34305052, 48.19531261], [16.34314696, 48.19522662], [16.34314346, 48.19522456], [16.34315013, 48.19521857], [16.3431674, 48.19520306], [16.34317372, 48.19519739], [16.34317776, 48.1951991], [16.34327513, 48.1951124], [16.34327728, 48.19511348], [16.34341288, 48.19518326], [16.34341079, 48.19518509], [16.34335854, 48.19523075], [16.34337684, 48.19524001], [16.3433334, 48.19527967], [16.34332465, 48.195275], [16.34328, 48.19531484], [16.34333974, 48.19534619], [16.34342994, 48.19539351], [16.34337999, 48.19543884], [16.34336027, 48.19542912]], [[16.34324313, 48.19524415], [16.34326829, 48.1952571], [16.3432929, 48.1952357], [16.34326694, 48.19522302], [16.34324313, 48.19524415]]]]}, "properties": {"id": 27027075, "bauperiode": "1860-1883"}}, {"type": "Feature", "geometry": {"type": "Polygon", "coordinates": [[[16.34495062, 48.19392574], [16.34491999, 48.19395297], [16.34484466, 48.19391529], [16.34481695, 48.19394003], [16.3448031, 48.1939331], [16.34478346, 48.19395055], [16.34470854, 48.19391234], [16.34465312, 48.19388492], [16.34465251, 48.1938847], [16.34466202, 48.19387667], [16.3447077, 48.19383603], [16.34472204, 48.19382327], [16.34477663, 48.19377471], [16.34477703, 48.19377521], [16.34490156, 48.19383428], [16.34491341, 48.19383991], [16.3449114, 48.1938417], [16.34489399, 48.19385727], [16.34490697, 48.19386396], [16.34487835, 48.19388947], [16.34492289, 48.19391182], [16.34492388, 48.19391232], [16.3449455, 48.19392317], [16.34495062, 48.19392574]]]}, "properties": {"id": 23456436, "bauperiode": "1884-1918"}}, {"type": "Feature", "geometry": {"type": "Polygon", "coordinates": [[[16.34499666, 48.19398219], [16.34494112, 48.19403085], [16.34487211, 48.19399569], [16.34491999, 48.19395297], [16.34495062, 48.19392574], [16.34496558, 48.19391232], [16.34499988, 48.19388182], [16.34503944, 48.19390106], [16.34506256, 48.19391231], [16.34507103, 48.19391645], [16.34503365, 48.19394981], [16.34501522, 48.19396591], [16.34498307, 48.19394946], [16.34496438, 48.19396574], [16.34499666, 48.19398219]]]}, "properties": {"id": 23454661, "bauperiode": "1884-1918"}}, {"type": "Feature", "geometry": {"type": "Polygon", "coordinates": [[[16.34866363, 48.19302623], [16.3486097, 48.19304332], [16.34849291, 48.19288146], [16.34850071, 48.19287741], [16.34854516, 48.19286203], [16.34866363, 48.19302623]]]}, "properties": {"id": 23453622, "bauperiode": "1946-1976"}}, {"type": "Feature", "geometry": {"type": "Polygon", "coordinates": [[[16.34882233, 48.19297603], [16.34880727, 48.19298071], [16.34876031, 48.19291623], [16.34875117, 48.19291902], [16.34872897, 48.19288665], [16.3487369, 48.19288422], [16.34868537, 48.19281354], [16.34881585, 48.19277143], [16.34881637, 48.19277126], [16.34891728, 48.19291109], [16.34891862, 48.19291055], [16.34892165, 48.19291475], [16.34893624, 48.19293501], [16.34893921, 48.19293914], [16.34893773, 48.19293968], [16.34886012, 48.19296414], [16.34882233, 48.19297603]]]}, "properties": {"id": 23453629, "bauperiode": "1946-1976"}}, {"type": "Feature", "geometry": {"type": "Polygon", "coordinates": [[[16.34846081, 48.19306546], [16.34847534, 48.19308587], [16.34833853, 48.19301772], [16.34837901, 48.19297976], [16.34839098, 48.1929687], [16.34846081, 48.19306546]]]}, "properties": {"id": 23453616, "bauperiode": "1946-1976"}}, {"type": "Feature", "geometry": {"type": "Polygon", "coordinates": [[[16.34851569, 48.19307301], [16.34847534, 48.19308587], [16.34846081, 48.19306546], [16.34839098, 48.1929687], [16.34847456, 48.19289157], [16.34847489, 48.19289126], [16.34849291, 48.19288146], [16.3486097, 48.19304332], [16.34851569, 48.19307301]]]}, "properties": {"id": 23453617, "bauperiode": "1946-1976"}}, {"type": "Feature", "geometry": {"type": "MultiPolygon", "coordinates": [[[[16.3437827, 48.19635547], [16.34366995, 48.19647097], [16.34348852, 48.19644001], [16.34348225, 48.19643894], [16.34347759, 48.19643812], [16.34345532, 48.19643423], [16.34345054, 48.1964334], [16.34344371, 48.19643225], [16.34326253, 48.19640175], [16.34335008, 48.19631344], [16.34341943, 48.19632496], [16.34341609, 48.19633393], [16.3434742, 48.19634358], [16.34348177, 48.19632318], [16.34344851, 48.19631766], [16.34345553, 48.19629878], [16.34346632, 48.19626971], [16.34351206, 48.19627731], [16.3434959, 48.1963208], [16.34353076, 48.19632659], [16.34353774, 48.1963078], [16.3436087, 48.19631959], [16.34361752, 48.19629585], [16.34366389, 48.19630356], [16.34365261, 48.19633393], [16.34364145, 48.19636343], [16.3437122, 48.19637458], [16.3437239, 48.19634571], [16.3437827, 48.19635547]], [[16.34352457, 48.19635495], [16.34358818, 48.19636505], [16.34359642, 48.19634187], [16.34353281, 48.19633176], [16.34352457, 48.19635495]]]]}, "properties": {"id": 27025526, "bauperiode": "1884-1918"}}, {"type": "Feature", "geometry": {"type": "Polygon", "coordinates": [[[16.34382182, 48.19631539], [16.3437827, 48.19635547], [16.3437239, 48.19634571], [16.34365261, 48.19633393], [16.34366389, 48.19630356], [16.34361752, 48.19629585], [16.3436087, 48.19631959], [16.34353774, 48.1963078], [16.34353076, 48.19632659], [16.3434959, 48.1963208], [16.34351206, 48.19627731], [16.34346632, 48.19626971], [16.34345553, 48.19629878], [16.34338114, 48.19628648], [16.34337779, 48.19628592], [16.3433946, 48.1962691], [16.34346239, 48.19620138], [16.34346591, 48.19619788], [16.34353152, 48.1962097], [16.34357098, 48.19621681], [16.34357474, 48.19621749], [16.34362404, 48.19622637], [16.34362589, 48.1962267], [16.34376837, 48.19625237], [16.3437717, 48.19625297], [16.34386661, 48.19627006], [16.34382182, 48.19631539]]]}, "properties": {"id": 27025533, "bauperiode": "1884-1918"}}, {"type": "Feature", "geometry": {"type": "Polygon", "coordinates": [[[16.34389485, 48.19624191], [16.34387764, 48.19625891], [16.34381266, 48.19623122], [16.34384938, 48.19619272], [16.34386727, 48.19620037], [16.34387897, 48.19618804], [16.34364356, 48.1960877], [16.34363065, 48.19609966], [16.34364746, 48.19610694], [16.34357295, 48.19618231], [16.3435517, 48.19617287], [16.34350973, 48.19615416], [16.34354134, 48.1961226], [16.34365539, 48.19600882], [16.34394864, 48.1961339], [16.34396747, 48.1961419], [16.34398685, 48.19615018], [16.34397891, 48.19615818], [16.34389485, 48.19624191]]]}, "properties": {"id": 27025163, "bauperiode": "1884-1918"}}, {"type": "Feature", "geometry": {"type": "Polygon", "coordinates": [[[16.34824913, 48.19223125], [16.34819064, 48.19229196], [16.34806301, 48.19221366], [16.34812232, 48.19215268], [16.34809313, 48.1921463], [16.34810617, 48.19212678], [16.34810819, 48.19212588], [16.34811034, 48.19212507], [16.34811263, 48.19212445], [16.34811491, 48.19212391], [16.34811733, 48.19212355], [16.34811975, 48.19212336], [16.34812217, 48.19212328], [16.3481246, 48.19212336], [16.34812702, 48.19212363], [16.34812944, 48.19212399], [16.34813509, 48.19212471], [16.34813818, 48.19211977], [16.34811809, 48.19209454], [16.34810374, 48.19207651], [16.34825613, 48.19202427], [16.34825667, 48.19202493], [16.34827603, 48.19204839], [16.34830856, 48.1920878], [16.34832271, 48.19210493], [16.34833501, 48.19211981], [16.34833415, 48.1921202], [16.34833839, 48.1921223], [16.34834244, 48.19212577], [16.34834478, 48.19212989], [16.34834526, 48.1921334], [16.34834518, 48.19213431], [16.34834448, 48.19213689], [16.34834181, 48.19214091], [16.34833748, 48.19214423], [16.34833187, 48.19214654], [16.34833317, 48.19214739], [16.34832587, 48.19215484], [16.34832463, 48.19215399], [16.34831472, 48.1921645], [16.34830457, 48.19217524], [16.34826426, 48.19221597], [16.34824913, 48.19223125]]]}, "properties": {"id": 23453668, "bauperiode": "1884-1918"}}, {"type": "Feature", "geometry": {"type": "Polygon", "coordinates": [[[16.34713661, 48.19146935], [16.34713627, 48.19146965], [16.34701238, 48.19140878], [16.34701413, 48.19140716], [16.34710571, 48.19132514], [16.34705594, 48.19130841], [16.34709126, 48.19126892], [16.34713447, 48.19122063], [16.3473139, 48.19128159], [16.34732157, 48.19130452], [16.3471543, 48.19145358], [16.34714321, 48.19146348], [16.34713661, 48.19146935]]]}, "properties": {"id": 23453735, "bauperiode": "1884-1918"}}, {"type": "Feature", "geometry": {"type": "Polygon", "coordinates": [[[16.34924573, 48.19444828], [16.34924516, 48.19444957], [16.3492352, 48.19444921], [16.34923564, 48.19444593], [16.34923523, 48.19444188], [16.34923402, 48.19443801], [16.349232, 48.19443442], [16.34922904, 48.19443109], [16.34922555, 48.19442803], [16.3490251, 48.19433137], [16.34904689, 48.19431159], [16.34904969, 48.19430907], [16.34911267, 48.19434135], [16.34915814, 48.19436455], [16.3491771, 48.19435061], [16.34920172, 48.19436301], [16.34925054, 48.19431615], [16.34923279, 48.1943075], [16.34924461, 48.194297], [16.34924788, 48.19429396], [16.34930982, 48.19423622], [16.34938971, 48.19427911], [16.3494216, 48.19429624], [16.34941665, 48.19430049], [16.34938814, 48.19432486], [16.34935748, 48.1943513], [16.34935425, 48.19434975], [16.34928658, 48.19431723], [16.34920993, 48.19438855], [16.34925917, 48.19441229], [16.34934619, 48.1944141], [16.34934956, 48.19441417], [16.34934817, 48.1944416], [16.34926166, 48.19443897], [16.34925971, 48.1944393], [16.34925782, 48.19443974], [16.34925599, 48.19444031], [16.34925425, 48.19444099], [16.34925262, 48.19444177], [16.34925111, 48.19444265], [16.34924972, 48.19444363], [16.34924848, 48.19444469], [16.34924739, 48.19444583], [16.34924647, 48.19444703], [16.34924573, 48.19444828]]]}, "properties": {"id": 23453981, "bauperiode": "1884-1918"}}, {"type": "Feature", "geometry": {"type": "Polygon", "coordinates": [[[16.3493468, 48.1944685], [16.34934394, 48.19452515], [16.34926954, 48.19452314], [16.34924117, 48.19452237], [16.3492019, 48.19452148], [16.34899527, 48.19442214], [16.34896359, 48.19440692], [16.34894939, 48.1944001], [16.3490251, 48.19433137], [16.34922555, 48.19442803], [16.34922904, 48.19443109], [16.349232, 48.19443442], [16.34923402, 48.19443801], [16.34923523, 48.19444188], [16.34923564, 48.19444593], [16.3492352, 48.19444921], [16.34924516, 48.19444957], [16.34924573, 48.19444828], [16.34924647, 48.19444703], [16.34924739, 48.19444583], [16.34924848, 48.19444469], [16.34924972, 48.19444363], [16.34925111, 48.19444265], [16.34925262, 48.19444177], [16.34925425, 48.19444099], [16.34925599, 48.19444031], [16.34925782, 48.19443974], [16.34925971, 48.1944393], [16.34926166, 48.19443897], [16.34934817, 48.1944416], [16.3493468, 48.1944685]]]}, "properties": {"id": 23455362, "bauperiode": "1884-1918"}}, {"type": "Feature", "geometry": {"type": "Polygon", "coordinates": [[[16.34933268, 48.194145], [16.34926208, 48.19421057], [16.3491944, 48.19417587], [16.34922319, 48.19414879], [16.34926474, 48.19411093], [16.34933268, 48.194145]]]}, "properties": {"id": 23454022, "bauperiode": "1884-1918"}}, {"type": "Feature", "geometry": {"type": "Polygon", "coordinates": [[[16.34924461, 48.194297], [16.34923279, 48.1943075], [16.34922767, 48.19430501], [16.34924232, 48.19429178], [16.34919524, 48.19426706], [16.34913072, 48.19423562], [16.34913603, 48.19423063], [16.34918177, 48.19418774], [16.3491944, 48.19417587], [16.34926208, 48.19421057], [16.34930982, 48.19423622], [16.34924788, 48.19429396], [16.34924461, 48.194297]]]}, "properties": {"id": 23454007, "bauperiode": "1884-1918"}}, {"type": "Feature", "geometry": {"type": "Polygon", "coordinates": [[[16.34919524, 48.19426706], [16.34911267, 48.19434135], [16.34904969, 48.19430907], [16.34912596, 48.19424009], [16.34913072, 48.19423562], [16.34919524, 48.19426706]]]}, "properties": {"id": 23454003, "bauperiode": "1884-1918"}}, {"type": "Feature", "geometry": {"type": "MultiPolygon", "coordinates": [[[[16.34894015, 48.19564224], [16.34890357, 48.19567516], [16.34890075, 48.19567381], [16.34889927, 48.19567498], [16.34885009, 48.19565054], [16.34880186, 48.19562658], [16.34876609, 48.19560881], [16.34875452, 48.19560305], [16.34875651, 48.19560123], [16.34881006, 48.19555232], [16.34877414, 48.19553443], [16.34879216, 48.19551905], [16.34873606, 48.19548974], [16.34871777, 48.19550539], [16.34867849, 48.1954848], [16.3486228, 48.19553489], [16.3486208, 48.1955367], [16.34861273, 48.19553274], [16.3484782, 48.19546623], [16.34848009, 48.19546469], [16.34847786, 48.19546355], [16.34851421, 48.19543089], [16.34851581, 48.19543157], [16.34855138, 48.19539998], [16.34855021, 48.19539938], [16.34855594, 48.1953943], [16.34857228, 48.19537983], [16.34858291, 48.19537041], [16.34860134, 48.19535408], [16.34866154, 48.19529995], [16.34866058, 48.19529959], [16.34866753, 48.19529331], [16.34868148, 48.19528069], [16.34879659, 48.19517654], [16.34879509, 48.19517569], [16.34880812, 48.19516386], [16.34882759, 48.19517287], [16.34882312, 48.19517718], [16.34885975, 48.19519414], [16.34888747, 48.19516737], [16.34888401, 48.19516577], [16.34889131, 48.19515872], [16.34891348, 48.19516976], [16.34891246, 48.19517085], [16.34894764, 48.19518847], [16.34895209, 48.19519078], [16.3489682, 48.19519914], [16.34897169, 48.19520096], [16.3489877, 48.19520927], [16.34899185, 48.19521142], [16.34899261, 48.19521057], [16.34899394, 48.19521125], [16.34900433, 48.19521656], [16.34900335, 48.19521712], [16.34901975, 48.19522501], [16.34902331, 48.19522247], [16.34904166, 48.19523171], [16.34904106, 48.19523227], [16.34903865, 48.19523453], [16.34904338, 48.1952369], [16.34906384, 48.19524715], [16.34906859, 48.19524953], [16.34907093, 48.19524729], [16.34907134, 48.1952469], [16.34908681, 48.19525445], [16.34909024, 48.19525612], [16.3490883, 48.19525805], [16.34919658, 48.1953121], [16.34919794, 48.19531108], [16.34922019, 48.19532225], [16.349213, 48.19532865], [16.34920579, 48.19532503], [16.34917518, 48.19535226], [16.34921449, 48.19537201], [16.3492191, 48.19536791], [16.34923565, 48.19537622], [16.34922297, 48.19538734], [16.34922149, 48.19538662], [16.34911094, 48.19548493], [16.34911215, 48.19548556], [16.3491056, 48.19549142], [16.34909117, 48.19550436], [16.34908485, 48.19551002], [16.34908432, 48.19550985], [16.34900067, 48.19558513], [16.34900107, 48.1955854], [16.34899466, 48.19559111], [16.34898025, 48.19560394], [16.3489384, 48.19564125], [16.34894015, 48.19564224]], [[16.34880678, 48.19533739], [16.348849, 48.19529961], [16.34882829, 48.19529026], [16.34882264, 48.19528765], [16.34881631, 48.19528585], [16.3488112, 48.19528495], [16.34880596, 48.19528469], [16.34880138, 48.19528514], [16.34879694, 48.19528613], [16.34879291, 48.19528729], [16.34878914, 48.19528891], [16.34878497, 48.19529179], [16.34878188, 48.19529404], [16.34877045, 48.19530519], [16.34876938, 48.19530807], [16.34876924, 48.19531104], [16.34876978, 48.19531356], [16.34877086, 48.19531599], [16.34877314, 48.19531868], [16.3487761, 48.1953212], [16.34877879, 48.19532309], [16.34878175, 48.1953248], [16.34878606, 48.19532696], [16.34880678, 48.19533739]], [[16.34902094, 48.19544195], [16.34902659, 48.1954424], [16.34903224, 48.19544222], [16.34903722, 48.19544168], [16.34904193, 48.1954406], [16.34904502, 48.19543934], [16.34904771, 48.19543781], [16.34904986, 48.19543619], [16.34905174, 48.19543449], [16.34906412, 48.19542486], [16.34906546, 48.19542207], [16.34906613, 48.19541911], [16.34906627, 48.19541668], [16.34906573, 48.19541425], [16.34906411, 48.19541137], [16.34906169, 48.19540867], [16.34905954, 48.1954067], [16.34905712, 48.1954049], [16.34905416, 48.19540328], [16.3490508, 48.19540193], [16.34902631, 48.19539105], [16.3489857, 48.19542595], [16.34901139, 48.19543899], [16.34901597, 48.19544078], [16.34902094, 48.19544195]], [[16.34874049, 48.19543425], [16.3488699, 48.19549782], [16.34889236, 48.19547731], [16.34894306, 48.19543099], [16.34892974, 48.19542443], [16.34895085, 48.19540527], [16.34896659, 48.195413], [16.34901286, 48.19537091], [16.34899079, 48.19536012], [16.34898514, 48.19536524], [16.34890255, 48.19532469], [16.34890819, 48.19531957], [16.34887967, 48.19530554], [16.34883341, 48.19534763], [16.34885077, 48.19535618], [16.34882979, 48.19537533], [16.34881378, 48.19536751], [16.34876453, 48.19541238], [16.34874049, 48.19543425]]]]}, "properties": {"id": 25022058, "bauperiode": "1884-1918"}}, {"type": "Feature", "geometry": {"type": "Polygon", "coordinates": [[[16.34894306, 48.19543099], [16.34889236, 48.19547731], [16.34876453, 48.19541238], [16.34881378, 48.19536751], [16.34882979, 48.19537533], [16.34892974, 48.19542443], [16.34894306, 48.19543099]]]}, "properties": {"id": 25020892, "bauperiode": "1884-1918"}}, {"type": "Feature", "geometry": {"type": "Polygon", "coordinates": [[[16.34649723, 48.19487877], [16.34640865, 48.19496117], [16.34637111, 48.19494318], [16.34631852, 48.19491792], [16.34635375, 48.19488572], [16.34637326, 48.19489534], [16.34646901, 48.19480333], [16.3464495, 48.19479371], [16.34647815, 48.19476637], [16.34657003, 48.19481106], [16.34649723, 48.19487877]]]}, "properties": {"id": 25020925, "bauperiode": "1884-1918"}}, {"type": "Feature", "geometry": {"type": "Polygon", "coordinates": [[[16.34635375, 48.19488572], [16.34631852, 48.19491792], [16.34628569, 48.19490218], [16.34624493, 48.19488249], [16.3461891, 48.1948557], [16.34616745, 48.19484536], [16.34619152, 48.19482314], [16.34614578, 48.19480111], [16.34612171, 48.19482333], [16.3460135, 48.19477186], [16.34601281, 48.19477149], [16.34601739, 48.1947668], [16.34601792, 48.19476708], [16.34603246, 48.19475215], [16.34605573, 48.19472824], [16.34607061, 48.19471294], [16.34607002, 48.19471265], [16.34607572, 48.19470668], [16.34607696, 48.19470717], [16.34608129, 48.19470266], [16.34609956, 48.19468367], [16.34610405, 48.194679], [16.34610277, 48.19467859], [16.3461087, 48.19467264], [16.34610941, 48.19467284], [16.34612403, 48.19465792], [16.34614659, 48.19463489], [16.3461624, 48.19461875], [16.34616202, 48.19461855], [16.34616658, 48.19461383], [16.34616758, 48.19461443], [16.34627435, 48.19466665], [16.34625296, 48.19468662], [16.34630489, 48.19471152], [16.3463256, 48.19469228], [16.34638156, 48.19471943], [16.34647815, 48.19476637], [16.3464495, 48.19479371], [16.34642906, 48.19481341], [16.34631647, 48.19476093], [16.34628687, 48.19474714], [16.34628042, 48.19475326], [16.34628634, 48.19475604], [16.34624451, 48.19479625], [16.34623859, 48.19479346], [16.34622837, 48.19480326], [16.34625818, 48.19481715], [16.3463707, 48.19486953], [16.34635375, 48.19488572]]]}, "properties": {"id": 25022053, "bauperiode": "1884-1918"}}, {"type": "Feature", "geometry": {"type": "Polygon", "coordinates": [[[16.34370798, 48.19507964], [16.34367637, 48.19510851], [16.34359741, 48.19506939], [16.34354764, 48.19504467], [16.34356566, 48.19502794], [16.3435323, 48.19501175], [16.34351347, 48.19502884], [16.34350698, 48.19502572], [16.34341957, 48.19498361], [16.34342374, 48.19497983], [16.34349126, 48.19491948], [16.34349707, 48.19491428], [16.34351116, 48.19490168], [16.34358823, 48.19483269], [16.34371602, 48.19489321], [16.34372476, 48.19489743], [16.34372275, 48.19489923], [16.34368657, 48.19493152], [16.34370069, 48.19493863], [16.34367796, 48.19495895], [16.34368482, 48.19496237], [16.34368752, 48.1949791], [16.34367097, 48.19499394], [16.34366773, 48.19499422], [16.34364703, 48.19499601], [16.34362605, 48.19498548], [16.34360439, 48.19500482], [16.34369049, 48.19504897], [16.34371079, 48.1950309], [16.34371564, 48.19502658], [16.34370313, 48.19502046], [16.34372088, 48.19500424], [16.34372922, 48.19499663], [16.343742, 48.19500292], [16.34380925, 48.19494285], [16.34381126, 48.19494105], [16.3438804, 48.19497486], [16.34376446, 48.19507847], [16.34374362, 48.19509708], [16.34374091, 48.19509575], [16.34370798, 48.19507964]]]}, "properties": {"id": 27025272, "bauperiode": "1884-1918"}}, {"type": "Feature", "geometry": {"type": "Polygon", "coordinates": [[[16.34473129, 48.1964799], [16.34469552, 48.19653746], [16.34452885, 48.19650069], [16.34454471, 48.19648622], [16.34456154, 48.19649296], [16.34457553, 48.19649368], [16.34459006, 48.19649035], [16.34460418, 48.19647227], [16.34464121, 48.19640433], [16.34464815, 48.19640572], [16.34463672, 48.19642424], [16.34475026, 48.19644942], [16.34473129, 48.1964799]]]}, "properties": {"id": 23390374, "bauperiode": "1884-1918"}}, {"type": "Feature", "geometry": {"type": "MultiPolygon", "coordinates": [[[[16.34466029, 48.19659403], [16.34462191, 48.19665316], [16.34461413, 48.19665139], [16.34457125, 48.19664164], [16.3445649, 48.19664056], [16.34451908, 48.19663042], [16.34451027, 48.19662826], [16.34451038, 48.19662786], [16.34444477, 48.19661405], [16.3444404, 48.19661313], [16.34442205, 48.19660895], [16.34440975, 48.19660615], [16.34440933, 48.19660606], [16.34436018, 48.19659514], [16.34430245, 48.19658232], [16.34429594, 48.19658089], [16.34428919, 48.19658097], [16.34428263, 48.19657979], [16.34427661, 48.19657736], [16.34427192, 48.19657401], [16.34426862, 48.19656988], [16.34426707, 48.19656528], [16.34426754, 48.19656065], [16.34426984, 48.19655618], [16.34427395, 48.19655229], [16.34427855, 48.1965494], [16.34432918, 48.19649681], [16.34432786, 48.19649624], [16.34451107, 48.19630877], [16.3445856, 48.1962323], [16.34458624, 48.19623255], [16.34467166, 48.19626292], [16.34456689, 48.19636606], [16.3444737, 48.1964578], [16.34454471, 48.19648622], [16.34452885, 48.19650069], [16.34469552, 48.19653746], [16.34469109, 48.19654439], [16.34466029, 48.19659403]], [[16.34435442, 48.19659317], [16.34435669, 48.19659367], [16.34435897, 48.19659317], [16.34435983, 48.1965926], [16.34436057, 48.19659108], [16.34435983, 48.19658956], [16.34435896, 48.19658898], [16.34435669, 48.19658849], [16.34435442, 48.19658898], [16.34435356, 48.19658956], [16.34435282, 48.19659108], [16.34435356, 48.1965926], [16.34435442, 48.19659317]]]]}, "properties": {"id": 23389639, "bauperiode": "1884-1918"}}, {"type": "Feature", "geometry": {"type": "Polygon", "coordinates": [[[16.34459006, 48.19649035], [16.34457553, 48.19649368], [16.34456154, 48.19649296], [16.34454471, 48.19648622], [16.3444737, 48.1964578], [16.34456689, 48.19636606], [16.34462892, 48.19639268], [16.34462118, 48.19640033], [16.34457243, 48.19644862], [16.34459395, 48.19645563], [16.3446031, 48.19646463], [16.34460418, 48.19647227], [16.34459006, 48.19649035]]]}, "properties": {"id": 23382073, "bauperiode": "1884-1918"}}, {"type": "Feature", "geometry": {"type": "Polygon", "coordinates": [[[16.34481212, 48.19634995], [16.34475026, 48.19644942], [16.34463672, 48.19642424], [16.34464815, 48.19640572], [16.34464121, 48.19640433], [16.34462118, 48.19640033], [16.34462892, 48.19639268], [16.34456689, 48.19636606], [16.34467166, 48.19626292], [16.34471889, 48.19627972], [16.34467921, 48.19632253], [16.34481212, 48.19634995]]]}, "properties": {"id": 23382076, "bauperiode": "1884-1918"}}, {"type": "Feature", "geometry": {"type": "Polygon", "coordinates": [[[16.3469243, 48.19169245], [16.3468374, 48.19176987], [16.34681527, 48.19175865], [16.34671818, 48.1917088], [16.3468041, 48.19162943], [16.34683703, 48.191599], [16.34683044, 48.19159505], [16.34683568, 48.1915749], [16.34684402, 48.19156627], [16.34684558, 48.19156632], [16.34686298, 48.1915669], [16.3468693, 48.19156915], [16.34690399, 48.19153713], [16.34690736, 48.19153892], [16.347003, 48.19159063], [16.34702587, 48.19160195], [16.34694012, 48.19167836], [16.3469243, 48.19169245]]]}, "properties": {"id": 23453716, "bauperiode": "1781-1848"}}, {"type": "Feature", "geometry": {"type": "Polygon", "coordinates": [[[16.34502846, 48.19373135], [16.34502648, 48.19373317], [16.34501876, 48.1937294], [16.34489542, 48.19366929], [16.34494508, 48.19362382], [16.34495596, 48.19361387], [16.34496109, 48.19360917], [16.34496194, 48.1936096], [16.34505697, 48.19365441], [16.34508148, 48.19366598], [16.34508606, 48.19366814], [16.34503495, 48.19371284], [16.34504369, 48.19371734], [16.34502846, 48.19373135]]]}, "properties": {"id": 23452793, "bauperiode": "1884-1918"}}, {"type": "Feature", "geometry": {"type": "Polygon", "coordinates": [[[16.34516865, 48.19372848], [16.34511567, 48.19377723], [16.34504935, 48.19374441], [16.34505132, 48.19374259], [16.34506643, 48.19372867], [16.34504369, 48.19371734], [16.34503495, 48.19371284], [16.34508606, 48.19366814], [16.34512291, 48.19368621], [16.34512695, 48.19368819], [16.34516394, 48.19370636], [16.34515022, 48.1937185], [16.34516865, 48.19372848]]]}, "properties": {"id": 23452786, "bauperiode": "1884-1918"}}, {"type": "Feature", "geometry": {"type": "MultiPolygon", "coordinates": [[[[16.34420789, 48.19637952], [16.34405436, 48.19653729], [16.34390886, 48.19651301], [16.34381288, 48.19649686], [16.34366903, 48.19647295], [16.34366995, 48.19647097], [16.3437827, 48.19635547], [16.34382182, 48.19631539], [16.34391962, 48.19633193], [16.34390671, 48.19635999], [16.34392393, 48.19639201], [16.34400073, 48.19637411], [16.34401082, 48.19634793], [16.34403597, 48.19635108], [16.34405938, 48.1963295], [16.34405224, 48.19630935], [16.34401458, 48.19629317], [16.34397314, 48.19627545], [16.34389485, 48.19624191], [16.34397891, 48.19615818], [16.34400904, 48.19617113], [16.3440989, 48.1962097], [16.34411478, 48.19621654], [16.34412594, 48.1962213], [16.34412783, 48.19623209], [16.34414478, 48.19622787], [16.3441983, 48.1961757], [16.34433682, 48.19623938], [16.34433525, 48.1962408], [16.34422241, 48.19635637], [16.34422658, 48.19635816], [16.34422826, 48.19635887], [16.34422312, 48.19636407], [16.34420789, 48.19637952]], [[16.3441273, 48.19631384], [16.34415125, 48.19632301], [16.34418272, 48.19628947], [16.34415998, 48.19628191], [16.34415945, 48.19628731], [16.34415783, 48.19629262], [16.34415609, 48.19629621], [16.3441538, 48.19629963], [16.34415084, 48.19630287], [16.3441456, 48.19630692], [16.34413927, 48.19631024], [16.34413295, 48.19631249], [16.3441273, 48.19631384]], [[16.34396711, 48.19641269], [16.3439575, 48.19643876], [16.3440001, 48.19644585], [16.34402723, 48.19641695], [16.34399313, 48.19640635], [16.34396711, 48.19641269]], [[16.34385681, 48.19641998], [16.34387308, 48.19637843], [16.34383031, 48.19637142], [16.34381404, 48.19641378], [16.34385681, 48.19641998]]]]}, "properties": {"id": 27025787, "bauperiode": "1884-1918"}}, {"type": "Feature", "geometry": {"type": "Polygon", "coordinates": [[[16.3439371, 48.19632842], [16.34393414, 48.19633436], [16.34391962, 48.19633193], [16.34382182, 48.19631539], [16.34386661, 48.19627006], [16.34387764, 48.19625891], [16.34389485, 48.19624191], [16.34397314, 48.19627545], [16.34394612, 48.19632977], [16.3439371, 48.19632842]]]}, "properties": {"id": 27025147, "bauperiode": "1884-1918"}}, {"type": "Feature", "geometry": {"type": "Polygon", "coordinates": [[[16.34399926, 48.19608256], [16.34394864, 48.1961339], [16.34365539, 48.19600882], [16.34369721, 48.195967], [16.34385877, 48.19603597], [16.34391001, 48.19598228], [16.34400593, 48.19602283], [16.34399006, 48.19603902], [16.3440171, 48.19605017], [16.3440327, 48.19603416], [16.34408018, 48.19605421], [16.34403623, 48.19609884], [16.34401783, 48.19609074], [16.34399926, 48.19608256]]]}, "properties": {"id": 27025741, "bauperiode": "1884-1918"}}, {"type": "Feature", "geometry": {"type": "Polygon", "coordinates": [[[16.34391001, 48.19598228], [16.34385877, 48.19603597], [16.34369721, 48.195967], [16.3437498, 48.19591448], [16.34381088, 48.19594034], [16.34388849, 48.1959732], [16.34391001, 48.19598228]]]}, "properties": {"id": 27025738, "bauperiode": "1884-1918"}}, {"type": "Feature", "geometry": {"type": "Polygon", "coordinates": [[[16.3441714, 48.19616239], [16.3441371, 48.19619513], [16.34400931, 48.19613884], [16.34404306, 48.19610453], [16.34404491, 48.19610265], [16.3441714, 48.19616239]]]}, "properties": {"id": 27025772, "bauperiode": "1884-1918"}}, {"type": "Feature", "geometry": {"type": "MultiPolygon", "coordinates": [[[[16.34962748, 48.19502873], [16.34958929, 48.19506165], [16.34945059, 48.19499332], [16.34949887, 48.19495168], [16.34946712, 48.19493522], [16.34945434, 48.19494629], [16.34941089, 48.19492372], [16.34942299, 48.19491266], [16.34944881, 48.19488918], [16.34946899, 48.19487074], [16.34949803, 48.1948443], [16.34951471, 48.19482928], [16.34951737, 48.19483065], [16.34955614, 48.19485077], [16.34954485, 48.19486048], [16.34958023, 48.19487882], [16.34962819, 48.19483743], [16.34963025, 48.19483565], [16.34965743, 48.19484914], [16.34976801, 48.19490452], [16.34976828, 48.19490488], [16.34973036, 48.19493816], [16.34972968, 48.19493789], [16.34968594, 48.19497627], [16.34966995, 48.19499031], [16.34962667, 48.19502828], [16.34962748, 48.19502873]], [[16.34959087, 48.1949442], [16.34959988, 48.1949487], [16.34960943, 48.19494096], [16.34959961, 48.19493584], [16.34959087, 48.1949442]]]]}, "properties": {"id": 25020913, "bauperiode": "1884-1918"}}, {"type": "Feature", "geometry": {"type": "MultiPolygon", "coordinates": [[[[16.34838707, 48.19254892], [16.34834583, 48.19259027], [16.34820126, 48.19252745], [16.34832524, 48.19240124], [16.34842262, 48.19230491], [16.34847626, 48.19230716], [16.34859712, 48.19247162], [16.34860759, 48.19248588], [16.34861172, 48.1924915], [16.34849474, 48.19253102], [16.34845274, 48.19254521], [16.3484424, 48.1925317], [16.34842584, 48.19251004], [16.34838707, 48.19254892]], [[16.34843524, 48.19244313], [16.34846497, 48.19245545], [16.3484881, 48.19244924], [16.34846872, 48.19242325], [16.34843537, 48.19243765], [16.34843524, 48.19244313]], [[16.34834498, 48.19245488], [16.34835544, 48.19245947], [16.34836153, 48.19245327], [16.34835107, 48.19244868], [16.34834498, 48.19245488]]]]}, "properties": {"id": 23457191, "bauperiode": "1884-1918"}}, {"type": "Feature", "geometry": {"type": "MultiPolygon", "coordinates": [[[[16.34837968, 48.19613577], [16.34837443, 48.19613593], [16.34837052, 48.19613558], [16.34836552, 48.19613452], [16.34836093, 48.1961328], [16.34835999, 48.19613229], [16.34821215, 48.19605294], [16.3481867, 48.19603928], [16.34817514, 48.19603308], [16.34827332, 48.19594512], [16.3483251, 48.19597085], [16.34833991, 48.1959782], [16.34835578, 48.19597784], [16.34837541, 48.19596012], [16.34835537, 48.19594844], [16.34835441, 48.19594439], [16.34835173, 48.19593306], [16.3483707, 48.19591651], [16.34839612, 48.19591435], [16.34840379, 48.19591659], [16.34841724, 48.19592244], [16.34844346, 48.19589878], [16.34857866, 48.19596496], [16.34852818, 48.1960106], [16.34851565, 48.19602192], [16.34850981, 48.1960272], [16.34846624, 48.19606641], [16.34839711, 48.19612857], [16.34839367, 48.19613123], [16.34838951, 48.19613337], [16.34838478, 48.19613491], [16.34838057, 48.19613567], [16.34837968, 48.19613577]], [[16.34837232, 48.1959396], [16.34839979, 48.19595324], [16.34841287, 48.19594147], [16.3483854, 48.19592783], [16.34837232, 48.1959396]]]]}, "properties": {"id": 25023778, "bauperiode": "1884-1918"}}, {"type": "Feature", "geometry": {"type": "Polygon", "coordinates": [[[16.34835441, 48.19594439], [16.3483251, 48.19597085], [16.34827332, 48.19594512], [16.34827762, 48.19594071], [16.34833515, 48.19588768], [16.34836544, 48.19585976], [16.34844346, 48.19589878], [16.34841724, 48.19592244], [16.34840379, 48.19591659], [16.34839612, 48.19591435], [16.3483707, 48.19591651], [16.34835173, 48.19593306], [16.34835441, 48.19594439]]]}, "properties": {"id": 25020867, "bauperiode": "1884-1918"}}, {"type": "Feature", "geometry": {"type": "Polygon", "coordinates": [[[16.34793074, 48.19197724], [16.34788449, 48.19202887], [16.34776948, 48.1919773], [16.3477337, 48.19196126], [16.34772979, 48.19193302], [16.34796014, 48.19171194], [16.34797995, 48.19169514], [16.34798219, 48.19169323], [16.34798367, 48.19169251], [16.34798892, 48.19169899], [16.34809429, 48.19182889], [16.34802461, 48.19188802], [16.34797349, 48.19186509], [16.3479466, 48.19189451], [16.34799139, 48.19191599], [16.34798253, 48.19192348], [16.34795818, 48.19194406], [16.34795532, 48.19194284], [16.34790962, 48.19192338], [16.34788097, 48.1919545], [16.34790142, 48.19196259], [16.34790451, 48.19195899], [16.34791769, 48.19196385], [16.34791124, 48.19196825], [16.34792861, 48.19197525], [16.34793155, 48.19197644], [16.34793074, 48.19197724]]]}, "properties": {"id": 23453696, "bauperiode": "1884-1918"}}, {"type": "Feature", "geometry": {"type": "Polygon", "coordinates": [[[16.3474654, 48.19224929], [16.34738622, 48.19232803], [16.34729635, 48.19228764], [16.34730709, 48.19227696], [16.34741939, 48.19216526], [16.34742127, 48.1921634], [16.34742405, 48.19216465], [16.34751114, 48.1922038], [16.34749208, 48.19222276], [16.3474654, 48.19224929]]]}, "properties": {"id": 23453666, "bauperiode": "1884-1918"}}, {"type": "Feature", "geometry": {"type": "MultiPolygon", "coordinates": [[[[16.35152973, 48.19640711], [16.35148246, 48.19646478], [16.35148163, 48.19646451], [16.351325, 48.19641159], [16.3513644, 48.19636383], [16.35135471, 48.19636024], [16.35134744, 48.19634162], [16.35135753, 48.19632714], [16.35138631, 48.19632201], [16.35139573, 48.19632543], [16.35140474, 48.19631446], [16.35138159, 48.19628172], [16.3514292, 48.19624808], [16.35145556, 48.19622721], [16.35150384, 48.19621165], [16.35154098, 48.19626749], [16.35158486, 48.1963317], [16.35158436, 48.19634044], [16.35154103, 48.19639332], [16.35154059, 48.19639386], [16.35152973, 48.19640711]], [[16.3514283, 48.19639224], [16.35143745, 48.19639557], [16.35144431, 48.19638721], [16.35143556, 48.19638424], [16.3514283, 48.19639224]], [[16.35137381, 48.19634944], [16.35141282, 48.19636284], [16.35143124, 48.196339], [16.35139495, 48.19632659], [16.3513921, 48.19632561], [16.35137381, 48.19634944]]]]}, "properties": {"id": 27025545, "bauperiode": "1884-1918"}}, {"type": "Feature", "geometry": {"type": "Polygon", "coordinates": [[[16.34905587, 48.19684867], [16.34897881, 48.19693466], [16.34895043, 48.19692441], [16.34895199, 48.1969225], [16.34897382, 48.1968959], [16.34892284, 48.19687738], [16.34894839, 48.19684446], [16.34896749, 48.19685183], [16.34898135, 48.19685749], [16.34897637, 48.19686325], [16.34901229, 48.19687737], [16.34903314, 48.19685353], [16.34901699, 48.19684715], [16.349026, 48.19683644], [16.34905587, 48.19684867]]]}, "properties": {"id": 25674224, "bauperiode": "1884-1918"}}, {"type": "Feature", "geometry": {"type": "Polygon", "coordinates": [[[16.34914851, 48.19695109], [16.34910911, 48.19698259], [16.3491078, 48.19698203], [16.34897881, 48.19693466], [16.34905587, 48.19684867], [16.34907941, 48.19685829], [16.34919993, 48.19690756], [16.34920164, 48.19690859], [16.34916244, 48.19693994], [16.34914851, 48.19695109]]]}, "properties": {"id": 25674216, "bauperiode": "1884-1918"}}, {"type": "Feature", "geometry": {"type": "Polygon", "coordinates": [[[16.34884197, 48.19676146], [16.34875106, 48.19685338], [16.34870162, 48.19683152], [16.34869879, 48.19683028], [16.34878851, 48.19673957], [16.34879434, 48.19674195], [16.34884197, 48.19676146]]]}, "properties": {"id": 25674232, "bauperiode": "1884-1918"}}, {"type": "Feature", "geometry": {"type": "Polygon", "coordinates": [[[16.34890168, 48.19690434], [16.34890011, 48.19690634], [16.34888962, 48.19690261], [16.34888665, 48.19690155], [16.34875106, 48.19685338], [16.34884197, 48.19676146], [16.34897569, 48.19681595], [16.34895794, 48.19683636], [16.34897489, 48.1968431], [16.34896749, 48.19685183], [16.34894839, 48.19684446], [16.34892284, 48.19687738], [16.34890168, 48.19690434]]]}, "properties": {"id": 25674227, "bauperiode": "1884-1918"}}, {"type": "Feature", "geometry": {"type": "Polygon", "coordinates": [[[16.38876125, 48.19792508], [16.38874725, 48.198038], [16.38870261, 48.19803559], [16.38864793, 48.19803263], [16.3885908, 48.19802954], [16.38856987, 48.19802837], [16.38851422, 48.19802527], [16.38845713, 48.19802209], [16.38841284, 48.19801962], [16.38842695, 48.1979065], [16.38843018, 48.19790668], [16.38849583, 48.19791037], [16.38852126, 48.19791179], [16.38852246, 48.19790235], [16.38856645, 48.19790476], [16.38856941, 48.19791285], [16.38856755, 48.19792823], [16.38861988, 48.19793108], [16.38862388, 48.19789925], [16.38861944, 48.19789907], [16.3886249, 48.19785404], [16.38871005, 48.19785948], [16.3887046, 48.1979038], [16.38869451, 48.19790317], [16.38866962, 48.19790183], [16.38866735, 48.19791991], [16.38869224, 48.19792125], [16.38876125, 48.19792508]]]}, "properties": {"id": 24332077, "bauperiode": "1884-1918"}}, {"type": "Feature", "geometry": {"type": "Polygon", "coordinates": [[[16.35569788, 48.20421708], [16.35569563, 48.20422326], [16.3556924, 48.20422623], [16.35568157, 48.20422441], [16.35567084, 48.20422261], [16.35564182, 48.20421772], [16.35562136, 48.20421428], [16.35562055, 48.20421545], [16.35561299, 48.20421415], [16.3555972, 48.20421143], [16.35559028, 48.20421024], [16.35559055, 48.20420925], [16.35550229, 48.20419407], [16.35549946, 48.20419074], [16.35554099, 48.20406609], [16.35562507, 48.2040766], [16.35561795, 48.20410187], [16.35562293, 48.2041025], [16.35561353, 48.20413092], [16.3556516, 48.20413658], [16.35566128, 48.20410726], [16.35565186, 48.20410609], [16.35565898, 48.20408091], [16.35574374, 48.2040915], [16.35569788, 48.20421708]]]}, "properties": {"id": 26618208, "bauperiode": "1781-1848"}}, {"type": "Feature", "geometry": {"type": "Polygon", "coordinates": [[[16.35538797, 48.2046326], [16.35538004, 48.20465598], [16.35530581, 48.20464481], [16.35530826, 48.20463726], [16.35524935, 48.20462347], [16.35521916, 48.20461641], [16.35514902, 48.20459999], [16.35518168, 48.20450268], [16.35519888, 48.20445132], [16.35528283, 48.20445581], [16.35532238, 48.20445796], [16.35532064, 48.20446327], [16.35528529, 48.20456831], [16.35532525, 48.20457433], [16.35530966, 48.20462083], [16.35538797, 48.2046326]]]}, "properties": {"id": 25535743, "bauperiode": "1884-1918"}}, {"type": "Feature", "geometry": {"type": "Polygon", "coordinates": [[[16.35543389, 48.20447032], [16.35539548, 48.20458484], [16.35532525, 48.20457433], [16.35528529, 48.20456831], [16.35532064, 48.20446327], [16.35542794, 48.20446911], [16.35542883, 48.20446929], [16.35543389, 48.20447032]]]}, "properties": {"id": 25535754, "bauperiode": "1884-1918"}}, {"type": "Feature", "geometry": {"type": "MultiPolygon", "coordinates": [[[[16.35547657, 48.20482028], [16.35546054, 48.20486777], [16.35532723, 48.20483639], [16.35528283, 48.20482597], [16.3552866, 48.20481859], [16.35527355, 48.20481554], [16.35527959, 48.20480394], [16.35529278, 48.20480699], [16.35530206, 48.20478927], [16.3553256, 48.20479278], [16.35535006, 48.20472074], [16.35535114, 48.20471849], [16.35535248, 48.20471642], [16.3553541, 48.20471435], [16.35535598, 48.20471246], [16.355358, 48.20471057], [16.35536028, 48.20470886], [16.3553627, 48.20470716], [16.35536526, 48.20470572], [16.35536808, 48.20470428], [16.35537091, 48.20470311], [16.355374, 48.20470194], [16.3553771, 48.20470104], [16.35538019, 48.20470032], [16.35539443, 48.20465814], [16.35538004, 48.20465598], [16.35538797, 48.2046326], [16.35540355, 48.20458601], [16.35539548, 48.20458484], [16.35543389, 48.20447032], [16.35558391, 48.20450091], [16.35558208, 48.20450753], [16.35557938, 48.20451569], [16.35557454, 48.20453023], [16.35557142, 48.20453813], [16.35557236, 48.20453833], [16.35557192, 48.20453965], [16.35557417, 48.20454024], [16.35553838, 48.20464508], [16.35553604, 48.20464487], [16.35553521, 48.20464707], [16.35553393, 48.20464703], [16.35552458, 48.20467526], [16.35552602, 48.20467554], [16.35549724, 48.20475907], [16.35548531, 48.20479441], [16.35547657, 48.20482028]], [[16.35543362, 48.2045748], [16.35547845, 48.20458152], [16.35549527, 48.20453134], [16.35545044, 48.20452462], [16.35543362, 48.2045748]]]]}, "properties": {"id": 25537974, "bauperiode": "1884-1918"}}, {"type": "Feature", "geometry": {"type": "Polygon", "coordinates": [[[16.35516113, 48.20478759], [16.35515699, 48.20479661], [16.35509918, 48.2047831], [16.35509175, 48.20478137], [16.35514456, 48.20465628], [16.35509643, 48.20464705], [16.35508405, 48.20462482], [16.35509641, 48.20458777], [16.35514902, 48.20459999], [16.35521916, 48.20461641], [16.35518956, 48.20468867], [16.35517717, 48.20469326], [16.35516873, 48.20469881], [16.355163, 48.20470655], [16.35516241, 48.20471527], [16.35516557, 48.20472311], [16.35517354, 48.20473053], [16.35516919, 48.20474062], [16.35515627, 48.20474469], [16.35514678, 48.20475133], [16.35514142, 48.20475864], [16.35514172, 48.20476693], [16.35514478, 48.20477518], [16.35515178, 48.20478234], [16.35516113, 48.20478759]]]}, "properties": {"id": 25537969, "bauperiode": "1884-1918"}}, {"type": "Feature", "geometry": {"type": "Polygon", "coordinates": [[[16.35517151, 48.204765], [16.35516113, 48.20478759], [16.35515178, 48.20478234], [16.35514478, 48.20477518], [16.35514172, 48.20476693], [16.35514142, 48.20475864], [16.35514678, 48.20475133], [16.35515627, 48.20474469], [16.35516919, 48.20474062], [16.35517354, 48.20473053], [16.35516557, 48.20472311], [16.35516241, 48.20471527], [16.355163, 48.20470655], [16.35516873, 48.20469881], [16.35517717, 48.20469326], [16.35518956, 48.20468867], [16.35521916, 48.20461641], [16.35524935, 48.20462347], [16.35521958, 48.2046913], [16.35522921, 48.20469631], [16.35523558, 48.20470307], [16.35523872, 48.20471147], [16.35523755, 48.20472006], [16.35523239, 48.20472738], [16.35522288, 48.20473392], [16.3552109, 48.2047377], [16.35520675, 48.20474771], [16.35521461, 48.2047554], [16.35521712, 48.20476378], [16.35521586, 48.20477418], [16.35517151, 48.204765]]]}, "properties": {"id": 25537967, "bauperiode": "1884-1918"}}, {"type": "Feature", "geometry": {"type": "Polygon", "coordinates": [[[16.35530567, 48.20464518], [16.35525283, 48.20478182], [16.35521586, 48.20477418], [16.35521712, 48.20476378], [16.35521461, 48.2047554], [16.35520675, 48.20474771], [16.3552109, 48.2047377], [16.35522288, 48.20473392], [16.35523239, 48.20472738], [16.35523755, 48.20472006], [16.35523872, 48.20471147], [16.35523558, 48.20470307], [16.35522921, 48.20469631], [16.35521958, 48.2046913], [16.35524935, 48.20462347], [16.35530826, 48.20463726], [16.35530581, 48.20464481], [16.35530567, 48.20464518]]]}, "properties": {"id": 25537966, "bauperiode": "1884-1918"}}, {"type": "Feature", "geometry": {"type": "MultiPolygon", "coordinates": [[[[16.35535006, 48.20472074], [16.3553256, 48.20479278], [16.35530206, 48.20478927], [16.35525283, 48.20478182], [16.35530567, 48.20464518], [16.35530581, 48.20464481], [16.35538004, 48.20465598], [16.35539443, 48.20465814], [16.35538019, 48.20470032], [16.3553771, 48.20470104], [16.355374, 48.20470194], [16.35537091, 48.20470311], [16.35536808, 48.20470428], [16.35536526, 48.20470572], [16.3553627, 48.20470716], [16.35536028, 48.20470886], [16.355358, 48.20471057], [16.35535598, 48.20471246], [16.3553541, 48.20471435], [16.35535248, 48.20471642], [16.35535114, 48.20471849], [16.35535006, 48.20472074]], [[16.35526931, 48.20477369], [16.35530714, 48.20478071], [16.35535433, 48.20466705], [16.3553165, 48.20466003], [16.35526931, 48.20477369]]]]}, "properties": {"id": 25537968, "bauperiode": "1884-1918"}}, {"type": "Feature", "geometry": {"type": "Polygon", "coordinates": [[[16.35456284, 48.20119255], [16.35452963, 48.20124094], [16.35446801, 48.20122171], [16.3544672, 48.20122243], [16.3544629, 48.2012218], [16.35445913, 48.20121991], [16.35445967, 48.20121928], [16.35445279, 48.20121703], [16.35443732, 48.20121199], [16.35443074, 48.20120984], [16.35442993, 48.20121065], [16.35442549, 48.20121002], [16.354422, 48.20120813], [16.35442213, 48.20120741], [16.35436078, 48.20118764], [16.35436118, 48.20118728], [16.35442704, 48.20109151], [16.35442989, 48.20108735], [16.35444173, 48.20108501], [16.35447375, 48.2010949], [16.35447792, 48.20110209], [16.35447375, 48.20110821], [16.35452891, 48.2011252], [16.3545515, 48.20109228], [16.35461783, 48.20111259], [16.35458274, 48.20116377], [16.35455637, 48.20115568], [16.3545366, 48.20118446], [16.35456284, 48.20119255]]]}, "properties": {"id": 26551859, "bauperiode": "1884-1918"}}, {"type": "Feature", "geometry": {"type": "Polygon", "coordinates": [[[16.35752855, 48.20118951], [16.35751193, 48.2012192], [16.3572601, 48.20115605], [16.35727773, 48.20112491], [16.357318, 48.20113501], [16.35752941, 48.20118799], [16.35752855, 48.20118951]]]}, "properties": {"id": 25850632, "bauperiode": "1860-1883"}}, {"type": "Feature", "geometry": {"type": "Polygon", "coordinates": [[[16.35704165, 48.20259777], [16.35700441, 48.20265237], [16.35683362, 48.2026198], [16.35687488, 48.20252338], [16.35689794, 48.20252783], [16.35690977, 48.20251055], [16.35705009, 48.2025535], [16.35702358, 48.20259226], [16.35704165, 48.20259777]]]}, "properties": {"id": 23532587, "bauperiode": "1860-1883"}}, {"type": "Feature", "geometry": {"type": "Polygon", "coordinates": [[[16.35683362, 48.2026198], [16.35683182, 48.20262401], [16.35640201, 48.20254204], [16.35638976, 48.20257061], [16.35637999, 48.20256874], [16.35637436, 48.2025819], [16.35635047, 48.20257731], [16.35634814, 48.2025827], [16.35622881, 48.20255987], [16.35623096, 48.20255124], [16.35598744, 48.20250308], [16.355983, 48.20251333], [16.35594264, 48.2025056], [16.35598484, 48.20240622], [16.35598554, 48.20240637], [16.3560365, 48.20241767], [16.35607636, 48.20242649], [16.35608808, 48.20242909], [16.35609125, 48.2024298], [16.35611441, 48.20243493], [16.35611764, 48.20243564], [16.35612664, 48.20243764], [16.35618041, 48.20244955], [16.35624542, 48.20246396], [16.35624859, 48.20246466], [16.35626412, 48.2024681], [16.3562655, 48.20246841], [16.35631134, 48.20237779], [16.3564596, 48.20240602], [16.35645656, 48.20241337], [16.35644516, 48.2024397], [16.35646197, 48.20244289], [16.35670501, 48.20248748], [16.35670367, 48.20249072], [16.35686713, 48.2025219], [16.35687488, 48.20252338], [16.35683362, 48.2026198]]]}, "properties": {"id": 23532584, "bauperiode": "1860-1883"}}, {"type": "Feature", "geometry": {"type": "Polygon", "coordinates": [[[16.35526418, 48.2020619], [16.35515743, 48.20224808], [16.35508147, 48.20238077], [16.3550735, 48.20239468], [16.35506737, 48.20240546], [16.35489967, 48.20237338], [16.35486689, 48.20236711], [16.35498679, 48.20215801], [16.35505626, 48.20203688], [16.3550703, 48.20201238], [16.35526418, 48.2020619]]]}, "properties": {"id": 25524322, "bauperiode": "1860-1883"}}, {"type": "Feature", "geometry": {"type": "Polygon", "coordinates": [[[16.35673045, 48.20209076], [16.35659845, 48.20232373], [16.35636817, 48.20226626], [16.35650017, 48.20203329], [16.35673045, 48.20209076]]]}, "properties": {"id": 23530758, "bauperiode": "1860-1883"}}, {"type": "Feature", "geometry": {"type": "Polygon", "coordinates": [[[16.35550525, 48.20215748], [16.35548483, 48.20220589], [16.35530817, 48.2021726], [16.35530495, 48.20217199], [16.35530438, 48.20217188], [16.35531896, 48.20213731], [16.35534579, 48.20212742], [16.35550525, 48.20215748]]]}, "properties": {"id": 23532563, "bauperiode": "1860-1883"}}, {"type": "Feature", "geometry": {"type": "Polygon", "coordinates": [[[16.35559099, 48.20229058], [16.35558712, 48.20229953], [16.35523347, 48.20223121], [16.3552403, 48.2022154], [16.3552454, 48.20221639], [16.35524864, 48.20221701], [16.35554413, 48.2022741], [16.35559099, 48.20229058]]]}, "properties": {"id": 23530757, "bauperiode": "1860-1883"}}, {"type": "Feature", "geometry": {"type": "MultiPolygon", "coordinates": [[[[16.35593579, 48.20252143], [16.35592465, 48.20254749], [16.35591689, 48.20256564], [16.3559144, 48.20256516], [16.35591116, 48.20256454], [16.35587834, 48.20255825], [16.35585953, 48.20255465], [16.3558563, 48.20255403], [16.35561101, 48.20250704], [16.35544783, 48.20247573], [16.35515649, 48.2024201], [16.35515326, 48.20241948], [16.35515678, 48.20241119], [16.35516273, 48.2023972], [16.35522093, 48.20226021], [16.35523347, 48.20223121], [16.35558712, 48.20229953], [16.35563359, 48.20230851], [16.35599657, 48.20237862], [16.35598484, 48.20240622], [16.35594264, 48.2025056], [16.35593579, 48.20252143]], [[16.35523726, 48.20239567], [16.35584995, 48.20251357], [16.35585981, 48.20249068], [16.35584187, 48.20248723], [16.35586994, 48.20242204], [16.35588787, 48.20242549], [16.35589661, 48.20240521], [16.35528392, 48.20228732], [16.35523726, 48.20239567]]]]}, "properties": {"id": 25536562, "bauperiode": "1860-1883"}}, {"type": "Feature", "geometry": {"type": "Polygon", "coordinates": [[[16.35522093, 48.20226021], [16.35516273, 48.2023972], [16.35515678, 48.20241119], [16.35514285, 48.20240843], [16.35508837, 48.20239763], [16.3550735, 48.20239468], [16.35508147, 48.20238077], [16.35515743, 48.20224808], [16.35522093, 48.20226021]]]}, "properties": {"id": 25536644, "bauperiode": "1860-1883"}}, {"type": "Feature", "geometry": {"type": "Polygon", "coordinates": [[[16.35659845, 48.20232373], [16.35655331, 48.20240339], [16.35632344, 48.20234518], [16.35636817, 48.20226626], [16.35659845, 48.20232373]]]}, "properties": {"id": 23530760, "bauperiode": "1860-1883"}}, {"type": "Feature", "geometry": {"type": "Polygon", "coordinates": [[[16.35600396, 48.20236122], [16.35599657, 48.20237862], [16.35563359, 48.20230851], [16.35563761, 48.20229923], [16.35569302, 48.20230098], [16.35600396, 48.20236122]]]}, "properties": {"id": 23530759, "bauperiode": "1860-1883"}}, {"type": "Feature", "geometry": {"type": "Polygon", "coordinates": [[[16.35585358, 48.20241847], [16.35583097, 48.20247148], [16.35528689, 48.20236777], [16.3553095, 48.20231476], [16.35585358, 48.20241847]]]}, "properties": {"id": 23530413, "bauperiode": "1860-1883"}}, {"type": "Feature", "geometry": {"type": "Polygon", "coordinates": [[[16.35721409, 48.2023138], [16.35705009, 48.2025535], [16.35690977, 48.20251055], [16.35717612, 48.2021211], [16.35731283, 48.20216281], [16.35722906, 48.20228531], [16.35725085, 48.20229205], [16.35723216, 48.2023193], [16.35721409, 48.2023138]]]}, "properties": {"id": 23532580, "bauperiode": "1860-1883"}}, {"type": "Feature", "geometry": {"type": "Polygon", "coordinates": [[[16.35735705, 48.20209814], [16.35731283, 48.20216281], [16.35717612, 48.2021211], [16.35735561, 48.20185865], [16.35739018, 48.20186737], [16.35749661, 48.20189415], [16.35737238, 48.20207574], [16.35735705, 48.20209814]]]}, "properties": {"id": 23528392, "bauperiode": "1860-1883"}}, {"type": "Feature", "geometry": {"type": "Polygon", "coordinates": [[[16.35573686, 48.20123409], [16.35536138, 48.20189191], [16.35516495, 48.20184177], [16.35517809, 48.20181868], [16.35528408, 48.20163247], [16.35534214, 48.20153048], [16.35546182, 48.20132133], [16.35552687, 48.20120765], [16.35554044, 48.20118394], [16.35573686, 48.20123409]]]}, "properties": {"id": 23528411, "bauperiode": "1860-1883"}}, {"type": "Feature", "geometry": {"type": "Polygon", "coordinates": [[[16.35536491, 48.20196623], [16.35530459, 48.20207206], [16.35526418, 48.2020619], [16.3550703, 48.20201238], [16.35503391, 48.20200268], [16.35503276, 48.20200237], [16.35503223, 48.20200223], [16.35503176, 48.2020021], [16.35505199, 48.20196799], [16.35505405, 48.20196307], [16.35505483, 48.20196303], [16.35505962, 48.20195447], [16.3550651, 48.20194465], [16.35506743, 48.20194147], [16.35506593, 48.20194084], [16.3550696, 48.2019345], [16.3550896, 48.20189995], [16.35509329, 48.20189356], [16.35509434, 48.20189378], [16.3550961, 48.20189069], [16.35510156, 48.20188113], [16.35510663, 48.20187226], [16.35510546, 48.20187175], [16.35510835, 48.20186705], [16.35510897, 48.20186705], [16.3551249, 48.20183978], [16.35512359, 48.20183927], [16.35512728, 48.20183269], [16.35512912, 48.20183313], [16.35516495, 48.20184177], [16.35536138, 48.20189191], [16.35538036, 48.20189667], [16.35540153, 48.20190197], [16.35539365, 48.2019158], [16.35536491, 48.20196623]]]}, "properties": {"id": 23532549, "bauperiode": "1860-1883"}}, {"type": "Feature", "geometry": {"type": "Polygon", "coordinates": [[[16.35753201, 48.20188913], [16.35752513, 48.20190134], [16.35752251, 48.20190067], [16.35751936, 48.20189988], [16.35749661, 48.20189415], [16.35739018, 48.20186737], [16.35739286, 48.20186263], [16.35739404, 48.20186052], [16.35749557, 48.20168056], [16.35747324, 48.2016749], [16.35757245, 48.20149897], [16.35759478, 48.20150454], [16.357657, 48.20139409], [16.35772754, 48.20126889], [16.35772872, 48.20126679], [16.35775445, 48.20122112], [16.35779054, 48.20115706], [16.35779192, 48.2011546], [16.3577933, 48.20115216], [16.35779468, 48.2011497], [16.35779606, 48.20114726], [16.35779744, 48.2011448], [16.35779882, 48.20114235], [16.35780021, 48.2011399], [16.35780158, 48.20113745], [16.35780297, 48.201135], [16.35781495, 48.20111373], [16.35783963, 48.20106992], [16.35783782, 48.20106949], [16.35784981, 48.20104696], [16.3578923, 48.20105666], [16.35792901, 48.20102847], [16.35793953, 48.20103069], [16.35800219, 48.20104399], [16.35799575, 48.20106632], [16.357985, 48.20108547], [16.35791201, 48.20121481], [16.35787894, 48.20127345], [16.35790423, 48.20127983], [16.35788969, 48.20130563], [16.35787936, 48.2013239], [16.35785528, 48.20131563], [16.35772959, 48.20153851], [16.35773915, 48.20154094], [16.35765026, 48.20169863], [16.35763994, 48.20171695], [16.35763039, 48.20171453], [16.35754692, 48.20186266], [16.35753201, 48.20188913]]]}, "properties": {"id": 23528410, "bauperiode": "1860-1883"}}, {"type": "Feature", "geometry": {"type": "Polygon", "coordinates": [[[16.35709804, 48.20144206], [16.35699519, 48.20162356], [16.35676491, 48.20156609], [16.35682475, 48.20146049], [16.35685995, 48.20139837], [16.35687507, 48.20137168], [16.35689723, 48.20133257], [16.35712751, 48.20139004], [16.35709804, 48.20144206]]]}, "properties": {"id": 23530734, "bauperiode": "1860-1883"}}, {"type": "Feature", "geometry": {"type": "Polygon", "coordinates": [[[16.35743578, 48.20088602], [16.3574187, 48.20089151], [16.35735977, 48.20087749], [16.35735156, 48.20086598], [16.35737374, 48.20082415], [16.35739096, 48.20081867], [16.35744989, 48.20083268], [16.3574581, 48.2008441], [16.35743578, 48.20088602]]]}, "properties": {"id": 23528540, "bauperiode": "1860-1883"}}, {"type": "Feature", "geometry": {"type": "Polygon", "coordinates": [[[16.35623383, 48.20089748], [16.35623031, 48.20090377], [16.35622453, 48.20090224], [16.35602265, 48.20085191], [16.35607857, 48.20075171], [16.35623308, 48.2007903], [16.35623619, 48.20079108], [16.35628623, 48.20080358], [16.35623383, 48.20089748]]]}, "properties": {"id": 25859859, "bauperiode": "1860-1883"}}, {"type": "Feature", "geometry": {"type": "Polygon", "coordinates": [[[16.35622453, 48.20090224], [16.35620901, 48.20093002], [16.35600671, 48.20087957], [16.35600843, 48.20087648], [16.35602059, 48.20085468], [16.35602104, 48.20085478], [16.35602265, 48.20085191], [16.35622453, 48.20090224]]]}, "properties": {"id": 25859860, "bauperiode": "1860-1883"}}, {"type": "Feature", "geometry": {"type": "Polygon", "coordinates": [[[16.356956, 48.20110604], [16.35690521, 48.20120048], [16.3568499, 48.20118719], [16.35681709, 48.2011793], [16.35663652, 48.20113591], [16.3565907, 48.20112489], [16.35664148, 48.20103046], [16.356956, 48.20110604]]]}, "properties": {"id": 23530513, "bauperiode": "1860-1883"}}, {"type": "Feature", "geometry": {"type": "Polygon", "coordinates": [[[16.35673146, 48.20084159], [16.35672034, 48.20084516], [16.35665312, 48.20082917], [16.35664701, 48.2008206], [16.35667067, 48.20077617], [16.35668276, 48.20077234], [16.35674877, 48.20078794], [16.35675521, 48.20079697], [16.35673146, 48.20084159]]]}, "properties": {"id": 23532462, "bauperiode": "1860-1883"}}, {"type": "Feature", "geometry": {"type": "Polygon", "coordinates": [[[16.3567893, 48.20073233], [16.35677569, 48.20073667], [16.35670849, 48.20072068], [16.35670215, 48.20071186], [16.35672446, 48.20066995], [16.35674168, 48.20066446], [16.35680486, 48.20067949], [16.35681195, 48.20068952], [16.3567893, 48.20073233]]]}, "properties": {"id": 23532451, "bauperiode": "1860-1883"}}, {"type": "Feature", "geometry": {"type": "Polygon", "coordinates": [[[16.3572578, 48.2011601], [16.35712751, 48.20139004], [16.35689723, 48.20133257], [16.35701683, 48.2011215], [16.35702752, 48.20110263], [16.3572578, 48.2011601]]]}, "properties": {"id": 23530720, "bauperiode": "1860-1883"}}, {"type": "Feature", "geometry": {"type": "Polygon", "coordinates": [[[16.3572601, 48.20115605], [16.3572578, 48.2011601], [16.35702752, 48.20110263], [16.35703779, 48.20108451], [16.35703898, 48.2010824], [16.35706918, 48.20102911], [16.35707281, 48.2010227], [16.35730267, 48.20108091], [16.35727773, 48.20112491], [16.3572601, 48.20115605]]]}, "properties": {"id": 23530700, "bauperiode": "1860-1883"}}, {"type": "Feature", "geometry": {"type": "Polygon", "coordinates": [[[16.3573796, 48.20099188], [16.35736238, 48.20099737], [16.35730345, 48.20098335], [16.35729538, 48.20097184], [16.35731755, 48.20092992], [16.35733477, 48.20092453], [16.3573937, 48.20093845], [16.35740191, 48.20094996], [16.3573796, 48.20099188]]]}, "properties": {"id": 23528513, "bauperiode": "1860-1883"}}, {"type": "Feature", "geometry": {"type": "Polygon", "coordinates": [[[16.35601177, 48.20068705], [16.35600275, 48.20070404], [16.35599374, 48.20070173], [16.35600167, 48.20068716], [16.35601377, 48.20066441], [16.3560248, 48.20066706], [16.35610451, 48.20051897], [16.35609604, 48.20051699], [16.35610429, 48.2005035], [16.35611028, 48.20050488], [16.35616167, 48.2005167], [16.35606632, 48.20069617], [16.35605818, 48.20068316], [16.35603813, 48.20067804], [16.35601177, 48.20068705]]]}, "properties": {"id": 23532447, "bauperiode": "1860-1883"}}, {"type": "Feature", "geometry": {"type": "Polygon", "coordinates": [[[16.35586366, 48.20107255], [16.35576714, 48.20124173], [16.35573686, 48.20123409], [16.35554044, 48.20118394], [16.35550491, 48.20117492], [16.35550115, 48.20117396], [16.35552069, 48.2011397], [16.35553597, 48.20111289], [16.35553422, 48.20111226], [16.35553754, 48.20110643], [16.35554283, 48.20109714], [16.35555199, 48.20108105], [16.35555709, 48.2010721], [16.35556044, 48.20106621], [16.35556219, 48.20106639], [16.3555966, 48.20100532], [16.35559967, 48.20100603], [16.35562758, 48.20101249], [16.35563427, 48.20101404], [16.35583352, 48.20106482], [16.35586366, 48.20107255]]]}, "properties": {"id": 25535011, "bauperiode": "1860-1883"}}, {"type": "Feature", "geometry": {"type": "Polygon", "coordinates": [[[16.3560305, 48.20071974], [16.35583352, 48.20106482], [16.35563427, 48.20101404], [16.35564678, 48.20099232], [16.35575461, 48.20080505], [16.3558372, 48.2006616], [16.35599374, 48.20070173], [16.35600275, 48.20070404], [16.35603477, 48.20071225], [16.3560305, 48.20071974]]]}, "properties": {"id": 23532484, "bauperiode": "1860-1883"}}, {"type": "Feature", "geometry": {"type": "Polygon", "coordinates": [[[16.35600167, 48.20068716], [16.35599374, 48.20070173], [16.3558372, 48.2006616], [16.35583625, 48.20066125], [16.35584192, 48.20065111], [16.3558429, 48.20065124], [16.35585758, 48.20062531], [16.35585154, 48.20062351], [16.35585864, 48.2006105], [16.35586695, 48.20059584], [16.35592003, 48.20049961], [16.35592784, 48.20048594], [16.35593591, 48.20047169], [16.35594646, 48.2004743], [16.35594825, 48.20047192], [16.35597036, 48.20047781], [16.35597226, 48.20047982], [16.35598636, 48.20048354], [16.35598478, 48.20048653], [16.35599299, 48.20049804], [16.35603644, 48.20050837], [16.35605366, 48.20050288], [16.35605469, 48.20050074], [16.35606743, 48.20050397], [16.35607073, 48.20050329], [16.35610174, 48.20050155], [16.35610436, 48.20050219], [16.35610429, 48.2005035], [16.35609604, 48.20051699], [16.35610451, 48.20051897], [16.3560248, 48.20066706], [16.35601377, 48.20066441], [16.35600167, 48.20068716]]]}, "properties": {"id": 23528580, "bauperiode": "1860-1883"}}, {"type": "Feature", "geometry": {"type": "Polygon", "coordinates": [[[16.35699519, 48.20162356], [16.35686274, 48.20185732], [16.35663246, 48.20179985], [16.35669172, 48.20169526], [16.35669979, 48.20168101], [16.35673273, 48.20162289], [16.35676491, 48.20156609], [16.35699519, 48.20162356]]]}, "properties": {"id": 23530748, "bauperiode": "1860-1883"}}, {"type": "Feature", "geometry": {"type": "Polygon", "coordinates": [[[16.35686274, 48.20185732], [16.35673045, 48.20209076], [16.35650017, 48.20203329], [16.35660213, 48.20185337], [16.35663246, 48.20179985], [16.35686274, 48.20185732]]]}, "properties": {"id": 23530755, "bauperiode": "1860-1883"}}, {"type": "Feature", "geometry": {"type": "MultiPolygon", "coordinates": [[[[16.35613103, 48.20194161], [16.3561204, 48.20194179], [16.35610991, 48.20194161], [16.35609928, 48.20194125], [16.35608879, 48.20194062], [16.35607816, 48.20193973], [16.3560678, 48.20193856], [16.35605744, 48.20193712], [16.35604708, 48.20193542], [16.35603686, 48.20193353], [16.35602677, 48.20193137], [16.35601681, 48.20192895], [16.35600699, 48.20192634], [16.3559973, 48.20192346], [16.35598775, 48.20192032], [16.35597847, 48.20191699], [16.35596932, 48.2019134], [16.35596044, 48.20190962], [16.35595169, 48.20190557], [16.35594322, 48.20190135], [16.35593487, 48.20189694], [16.3559268, 48.20189227], [16.35591913, 48.2018875], [16.35591159, 48.20188247], [16.35590433, 48.20187725], [16.35589746, 48.20187195], [16.35589087, 48.20186637], [16.35588455, 48.20186071], [16.35587849, 48.20185487], [16.35587284, 48.20184893], [16.35586745, 48.20184282], [16.35586247, 48.20183652], [16.35585776, 48.20183023], [16.35585346, 48.20182375], [16.35584942, 48.20181719], [16.35584592, 48.20181044], [16.35584269, 48.2018037], [16.35583972, 48.20179696], [16.3558373, 48.20179003], [16.35583514, 48.20178311], [16.35583339, 48.20177609], [16.35583204, 48.20176908], [16.3558311, 48.20176206], [16.35583056, 48.20175496], [16.35583029, 48.20174785], [16.35583055, 48.20174075], [16.35583109, 48.20173373], [16.35583203, 48.20172663], [16.35583337, 48.20171961], [16.35583512, 48.20171269], [16.35583727, 48.20170567], [16.35583969, 48.20169884], [16.35584264, 48.201692], [16.35584587, 48.20168526], [16.35584936, 48.2016786], [16.3558534, 48.20167204], [16.3558577, 48.20166556], [16.35586241, 48.20165918], [16.35586738, 48.20165297], [16.35587276, 48.20164685], [16.35587841, 48.20164083], [16.35588446, 48.20163507], [16.35589078, 48.20162931], [16.35589737, 48.20162383], [16.35590423, 48.20161843], [16.35591149, 48.2016133], [16.35591902, 48.20160826], [16.35592669, 48.20160341], [16.35593476, 48.20159882], [16.3559431, 48.20159432], [16.35595157, 48.20159009], [16.35596031, 48.20158613], [16.35596919, 48.20158235], [16.35597834, 48.20157876], [16.35598762, 48.20157534], [16.35599717, 48.20157228], [16.35600685, 48.2015694], [16.35601667, 48.2015667], [16.35602663, 48.20156427], [16.35603672, 48.20156211], [16.35604694, 48.20156022], [16.3560573, 48.20155851], [16.35606765, 48.20155716], [16.35607801, 48.20155599], [16.35608864, 48.20155508], [16.35609913, 48.20155445], [16.35610976, 48.201554], [16.35612025, 48.20155391], [16.35613088, 48.201554], [16.35614151, 48.20155445], [16.356152, 48.20155507], [16.3561625, 48.20155597], [16.35616505, 48.20155626], [16.35614032, 48.20160598], [16.35615849, 48.20162918], [16.35619562, 48.20163735], [16.35623086, 48.20162602], [16.35625545, 48.20157622], [16.35626232, 48.20157871], [16.35627147, 48.2015823], [16.35628035, 48.20158608], [16.3562891, 48.20159003], [16.35629758, 48.20159426], [16.35630592, 48.20159875], [16.35631386, 48.20160334], [16.35632166, 48.20160819], [16.3563292, 48.20161323], [16.35633633, 48.20161835], [16.35634333, 48.20162375], [16.35634992, 48.20162923], [16.35635625, 48.20163499], [16.3563623, 48.20164074], [16.35636795, 48.20164677], [16.35637334, 48.20165288], [16.35637832, 48.20165909], [16.35638303, 48.20166547], [16.35638734, 48.20167194], [16.35639137, 48.20167851], [16.35639487, 48.20168516], [16.35639811, 48.20169191], [16.35640107, 48.20169874], [16.35640349, 48.20170558], [16.35640565, 48.20171259], [16.3564074, 48.20171951], [16.35640875, 48.20172653], [16.35640969, 48.20173363], [16.35641023, 48.20174065], [16.3564105, 48.20174775], [16.35641024, 48.20175486], [16.3564097, 48.20176196], [16.35640876, 48.20176898], [16.35640742, 48.20177599], [16.35640568, 48.20178301], [16.35640353, 48.20178993], [16.35640111, 48.20179686], [16.35639815, 48.2018036], [16.35639492, 48.20181035], [16.35639143, 48.20181709], [16.3563874, 48.20182366], [16.35638309, 48.20183014], [16.35637839, 48.20183643], [16.35637341, 48.20184273], [16.35636803, 48.20184884], [16.35636239, 48.20185478], [16.35635633, 48.20186063], [16.35635001, 48.20186629], [16.35634342, 48.20187187], [16.35633643, 48.20187718], [16.3563293, 48.2018824], [16.35632177, 48.20188743], [16.35631397, 48.2018922], [16.35630604, 48.20189688], [16.3562977, 48.20190129], [16.35628922, 48.20190552], [16.35628048, 48.20190956], [16.3562716, 48.20191334], [16.35626246, 48.20191694], [16.35625304, 48.20192027], [16.35624362, 48.20192342], [16.35623394, 48.2019263], [16.35622412, 48.20192891], [16.35621417, 48.20193134], [16.35620408, 48.2019335], [16.35619385, 48.20193539], [16.3561835, 48.2019371], [16.35617314, 48.20193854], [16.35616265, 48.20193971], [16.35615215, 48.20194061], [16.35614166, 48.20194124], [16.35613103, 48.20194161]], [[16.35603375, 48.20190322], [16.35605138, 48.20190709], [16.35606724, 48.2018748], [16.35604975, 48.20187093], [16.35603375, 48.20190322]]]]}, "properties": {"id": 23528405, "bauperiode": "1860-1883"}}, {"type": "Feature", "geometry": {"type": "Polygon", "coordinates": [[[16.35623086, 48.20162602], [16.35619562, 48.20163735], [16.35615849, 48.20162918], [16.35614032, 48.20160598], [16.35616505, 48.20155626], [16.35617299, 48.20155714], [16.35618335, 48.20155849], [16.35619371, 48.20156019], [16.35620393, 48.20156208], [16.35621402, 48.20156424], [16.35622398, 48.20156666], [16.3562338, 48.20156936], [16.35624349, 48.20157223], [16.35625291, 48.20157529], [16.35625545, 48.20157622], [16.35623086, 48.20162602]]]}, "properties": {"id": 23528429, "bauperiode": "1860-1883"}}, {"type": "Feature", "geometry": {"type": "Polygon", "coordinates": [[[16.35401093, 48.20172108], [16.35398874, 48.20175544], [16.35376473, 48.20168748], [16.35380534, 48.20162695], [16.35381624, 48.20163019], [16.35382672, 48.20161454], [16.35381583, 48.20161121], [16.35384164, 48.20157281], [16.35388254, 48.20158521], [16.35390459, 48.20155283], [16.35389464, 48.20154987], [16.35400167, 48.20139229], [16.35401149, 48.20139526], [16.35403233, 48.20136477], [16.35398981, 48.20135164], [16.35399694, 48.20134112], [16.35401738, 48.20131054], [16.35403258, 48.20131503], [16.3540432, 48.20129929], [16.354028, 48.20129471], [16.35406941, 48.20123292], [16.35406995, 48.20123211], [16.35412685, 48.20124975], [16.35414743, 48.20125612], [16.3542407, 48.20128502], [16.35427003, 48.20129411], [16.35428374, 48.20129836], [16.35424569, 48.20135736], [16.35423076, 48.20138047], [16.35420616, 48.20141852], [16.35410148, 48.20138616], [16.35408105, 48.20141638], [16.35412074, 48.20142842], [16.35409317, 48.20146899], [16.35408766, 48.20146728], [16.35403441, 48.2015458], [16.35403993, 48.20154742], [16.35401371, 48.201586], [16.35397402, 48.20157396], [16.3539521, 48.20160634], [16.35406323, 48.20164004], [16.35401093, 48.20172108]]]}, "properties": {"id": 23528420, "bauperiode": "1884-1918"}}, {"type": "Feature", "geometry": {"type": "Polygon", "coordinates": [[[16.37572353, 48.21189016], [16.37572288, 48.21189036], [16.3756787, 48.21184042], [16.37591062, 48.21177163], [16.37576517, 48.21160432], [16.37583834, 48.21157641], [16.37591659, 48.21166596], [16.37591758, 48.21166708], [16.37592101, 48.211671], [16.37593263, 48.2116843], [16.37596629, 48.21172278], [16.37598664, 48.21174605], [16.37601504, 48.21177852], [16.37600322, 48.21180469], [16.37572407, 48.21188999], [16.37572353, 48.21189016]]]}, "properties": {"id": 24776641, "bauperiode": "1884-1918"}}, {"type": "Feature", "geometry": {"type": "MultiPolygon", "coordinates": [[[[16.37591062, 48.21177163], [16.3756787, 48.21184042], [16.37563803, 48.21179457], [16.3757013, 48.21177143], [16.37564891, 48.21171159], [16.37572676, 48.21168121], [16.37568648, 48.2116351], [16.37576517, 48.21160432], [16.37591062, 48.21177163]], [[16.37580336, 48.21174397], [16.37581791, 48.21176366], [16.37583835, 48.21175691], [16.37582381, 48.21173722], [16.37580336, 48.21174397]]]]}, "properties": {"id": 24776651, "bauperiode": "1884-1918"}}, {"type": "Feature", "geometry": {"type": "Polygon", "coordinates": [[[16.37555838, 48.21179487], [16.37551049, 48.21181386], [16.3755213, 48.21169424], [16.37553029, 48.21169401], [16.3755359, 48.21169386], [16.37555272, 48.21168729], [16.37559294, 48.21173478], [16.37564891, 48.21171159], [16.3757013, 48.21177143], [16.37563803, 48.21179457], [16.37563116, 48.21178684], [16.37561509, 48.21176869], [16.37557246, 48.21178534], [16.37557896, 48.2117927], [16.37556538, 48.2117981], [16.37555838, 48.21179487]]]}, "properties": {"id": 24801020, "bauperiode": "1884-1918"}}, {"type": "Feature", "geometry": {"type": "Polygon", "coordinates": [[[16.37564891, 48.21171159], [16.37559294, 48.21173478], [16.37555272, 48.21168729], [16.3755821, 48.21167582], [16.37564228, 48.21165233], [16.37567628, 48.21163908], [16.37568648, 48.2116351], [16.37572676, 48.21168121], [16.37564891, 48.21171159]]]}, "properties": {"id": 24800139, "bauperiode": "1884-1918"}}, {"type": "Feature", "geometry": {"type": "Polygon", "coordinates": [[[16.36918345, 48.18580247], [16.36911088, 48.18588352], [16.3689161, 48.18580803], [16.36899901, 48.18570998], [16.36900195, 48.18571109], [16.36906654, 48.1857355], [16.36907393, 48.18572678], [16.36911442, 48.18574304], [16.36916522, 48.18568619], [16.36918789, 48.18569525], [16.36920206, 48.18567845], [16.36922183, 48.18567206], [16.36920182, 48.18569578], [16.36923409, 48.18570794], [16.36920748, 48.18573933], [16.36921732, 48.18576451], [16.36920442, 48.18577899], [16.36913971, 48.18575311], [16.36912788, 48.18576633], [16.36913489, 48.18578306], [16.36918345, 48.18580247]]]}, "properties": {"id": 23249678, "bauperiode": "1884-1918"}}, {"type": "Feature", "geometry": {"type": "Polygon", "coordinates": [[[16.36920206, 48.18567845], [16.36918789, 48.18569525], [16.36916522, 48.18568619], [16.36912271, 48.18566921], [16.36913147, 48.18565887], [16.36911412, 48.18565233], [16.36906672, 48.18563445], [16.36906378, 48.18563334], [16.36914481, 48.18553759], [16.36914509, 48.18553727], [16.36914549, 48.185537], [16.36922507, 48.18556699], [16.36924296, 48.18557373], [16.3692683, 48.18558328], [16.36926777, 48.18558445], [16.36931404, 48.18560125], [16.36931444, 48.18560071], [16.36932225, 48.18560368], [16.36926352, 48.18567312], [16.36925411, 48.18568428], [16.36922183, 48.18567206], [16.36920206, 48.18567845]]]}, "properties": {"id": 23249858, "bauperiode": "1884-1918"}}, {"type": "Feature", "geometry": {"type": "Polygon", "coordinates": [[[16.38402665, 48.19995459], [16.38399773, 48.20016687], [16.38390658, 48.20016111], [16.38390886, 48.2001442], [16.38391187, 48.20012193], [16.38391951, 48.20006532], [16.38392226, 48.20004499], [16.38392993, 48.19998813], [16.38393292, 48.19996599], [16.38393521, 48.1999491], [16.38402665, 48.19995459]]]}, "properties": {"id": 24518076, "bauperiode": "1884-1918"}}, {"type": "Feature", "geometry": {"type": "Polygon", "coordinates": [[[16.38418246, 48.2001323], [16.38417806, 48.20017828], [16.38412398, 48.20017486], [16.38409047, 48.20017274], [16.38409409, 48.20014648], [16.38403906, 48.20014308], [16.38403546, 48.20016925], [16.38399773, 48.20016687], [16.38402665, 48.19995459], [16.38406929, 48.19995718], [16.38408127, 48.19995798], [16.38407418, 48.20000997], [16.38414602, 48.20001434], [16.38414562, 48.20001686], [16.38414161, 48.20004636], [16.38406978, 48.20004198], [16.3840635, 48.20008839], [16.38413534, 48.20009277], [16.38413026, 48.2001291], [16.38418246, 48.2001323]]]}, "properties": {"id": 24518075, "bauperiode": "1884-1918"}}, {"type": "Feature", "geometry": {"type": "Polygon", "coordinates": [[[16.38422347, 48.19997366], [16.38421894, 48.20002133], [16.38414562, 48.20001686], [16.38414602, 48.20001434], [16.38407418, 48.20000997], [16.38408127, 48.19995798], [16.38413131, 48.19996102], [16.38422077, 48.19996644], [16.38422414, 48.19996665], [16.38422347, 48.19997366]]]}, "properties": {"id": 24518107, "bauperiode": "1884-1918"}}, {"type": "Feature", "geometry": {"type": "Polygon", "coordinates": [[[16.38377788, 48.20165513], [16.38373896, 48.20175695], [16.38361854, 48.20173641], [16.38364954, 48.2016551], [16.38366094, 48.20162532], [16.38370589, 48.20163511], [16.38370266, 48.2016423], [16.38377788, 48.20165513]]]}, "properties": {"id": 24517905, "bauperiode": "1884-1918"}}, {"type": "Feature", "geometry": {"type": "Polygon", "coordinates": [[[16.38364954, 48.2016551], [16.38361854, 48.20173641], [16.38356754, 48.2017277], [16.3835717, 48.20171691], [16.38356066, 48.20170576], [16.38352904, 48.20170038], [16.38351089, 48.2017065], [16.38350404, 48.2017244], [16.38348709, 48.20172153], [16.38333574, 48.2016958], [16.38333778, 48.20169126], [16.38334667, 48.20167298], [16.38339766, 48.20156806], [16.38356016, 48.20160342], [16.38353922, 48.20164642], [16.38355509, 48.20164983], [16.38354543, 48.20166962], [16.38361916, 48.20168559], [16.38363541, 48.20165204], [16.38364954, 48.2016551]]]}, "properties": {"id": 24517906, "bauperiode": "1884-1918"}}, {"type": "Feature", "geometry": {"type": "Polygon", "coordinates": [[[16.35470536, 48.20953266], [16.35464862, 48.209535], [16.35464709, 48.20953464], [16.35468148, 48.20944148], [16.35468245, 48.20944149], [16.35468326, 48.20943929], [16.35468928, 48.20942305], [16.35469013, 48.20942076], [16.35468915, 48.20942048], [16.35471937, 48.20933517], [16.35472005, 48.20933524], [16.35472263, 48.20932773], [16.35472202, 48.20932767], [16.35473726, 48.2092875], [16.35473858, 48.20928401], [16.35474398, 48.20928429], [16.35498271, 48.20929668], [16.35498231, 48.20930001], [16.35498338, 48.20931608], [16.35498235, 48.20931611], [16.3549838, 48.20933122], [16.35498505, 48.20933115], [16.35499946, 48.20948788], [16.35499837, 48.20948799], [16.35499979, 48.20950315], [16.35500112, 48.20950345], [16.35500244, 48.20952059], [16.35500109, 48.20952048], [16.35494545, 48.20952277], [16.35494381, 48.20950819], [16.35491717, 48.20949587], [16.35490045, 48.20935256], [16.35480039, 48.20934715], [16.35474526, 48.20949764], [16.3547119, 48.20951255], [16.35470536, 48.20953266]]]}, "properties": {"id": 25533827, "bauperiode": "1781-1848"}}, {"type": "Feature", "geometry": {"type": "MultiPolygon", "coordinates": [[[[16.35476782, 48.20950865], [16.35475221, 48.20952108], [16.35473743, 48.20951902], [16.35474526, 48.20949764], [16.35480039, 48.20934715], [16.35490045, 48.20935256], [16.35491717, 48.20949587], [16.35487068, 48.20949851], [16.35487236, 48.20950742], [16.35485406, 48.20950764], [16.35482318, 48.20950799], [16.35476782, 48.20950865]], [[16.35479533, 48.2094529], [16.3547775, 48.20944985], [16.35477229, 48.20946264], [16.35478487, 48.20946431], [16.3547913, 48.20945956], [16.3547936, 48.20945999], [16.35479533, 48.2094529]], [[16.35474667, 48.20949894], [16.35475819, 48.20950087], [16.35476755, 48.20947568], [16.35475604, 48.20947377], [16.35474667, 48.20949894]], [[16.35480242, 48.2094749], [16.35485813, 48.20948336], [16.35486039, 48.20945369], [16.35486011, 48.20944395], [16.35489697, 48.20944113], [16.35489248, 48.20941396], [16.35487508, 48.209414], [16.35487361, 48.20939253], [16.35480169, 48.20938963], [16.35478014, 48.20944095], [16.35481294, 48.20944637], [16.35480242, 48.2094749]]]]}, "properties": {"id": 25534453, "bauperiode": "1781-1848"}}, {"type": "Feature", "geometry": {"type": "MultiPolygon", "coordinates": [[[[16.3763982, 48.20896336], [16.37635377, 48.20898077], [16.37635358, 48.20898019], [16.37630545, 48.20891399], [16.37633236, 48.20890418], [16.3763034, 48.20886884], [16.37627892, 48.20887776], [16.37622841, 48.2088088], [16.37620147, 48.20877193], [16.37618114, 48.20874406], [16.37616874, 48.20872716], [16.37617183, 48.20872615], [16.37617936, 48.20872369], [16.37618324, 48.20872242], [16.37619982, 48.208717], [16.37625994, 48.20869736], [16.37631994, 48.20868214], [16.37639137, 48.20866404], [16.37639406, 48.20866341], [16.37646535, 48.20864], [16.37647976, 48.20865528], [16.3766681, 48.20885428], [16.37661039, 48.20887895], [16.37657228, 48.20889469], [16.37657343, 48.20889601], [16.3765712, 48.20889699], [16.37657128, 48.20889743], [16.37656532, 48.20889965], [16.37656516, 48.20889936], [16.376558, 48.20890214], [16.37653082, 48.20891269], [16.37652423, 48.20891552], [16.37651836, 48.208918], [16.37651813, 48.20891761], [16.3765152, 48.20891885], [16.37651345, 48.20891747], [16.37645837, 48.20893951], [16.3764563, 48.20894034], [16.37642153, 48.20895409], [16.37642124, 48.20895376], [16.37639754, 48.20896289], [16.3763982, 48.20896336]], [[16.3762275, 48.20875062], [16.37621738, 48.20873613], [16.37619723, 48.20874243], [16.37620734, 48.20875691], [16.3762275, 48.20875062]], [[16.37634518, 48.20878636], [16.3763872, 48.20884372], [16.37644571, 48.20881915], [16.37643413, 48.20880342], [16.37651765, 48.20876831], [16.37647279, 48.20871272], [16.37634246, 48.20875273], [16.37636186, 48.20877934], [16.37634518, 48.20878636]]]]}, "properties": {"id": 27105292, "bauperiode": "Vor 1683"}}, {"type": "Feature", "geometry": {"type": "MultiPolygon", "coordinates": [[[[16.37116348, 48.20651655], [16.37100917, 48.20653253], [16.37098686, 48.20642689], [16.37096987, 48.2063464], [16.37096779, 48.20633731], [16.37098704, 48.20633532], [16.37101766, 48.20633256], [16.37103714, 48.20633081], [16.3710602, 48.2063277], [16.37110096, 48.20632222], [16.37112591, 48.20631887], [16.37115866, 48.20631446], [16.37126775, 48.2062998], [16.37130622, 48.20629462], [16.37132479, 48.20629213], [16.37132655, 48.20629198], [16.3713269, 48.20629372], [16.37132883, 48.20629355], [16.3713289, 48.20629393], [16.37136818, 48.20649006], [16.371369, 48.20649417], [16.37122119, 48.20651015], [16.37121164, 48.20651114], [16.37119369, 48.20642985], [16.37115454, 48.20643372], [16.37117263, 48.20651547], [16.37116348, 48.20651655]], [[16.3711179, 48.20636188], [16.3711264, 48.20639659], [16.37117914, 48.20639082], [16.37117077, 48.2063562], [16.3711179, 48.20636188]]]]}, "properties": {"id": 25452069, "bauperiode": "1884-1918"}}, {"type": "Feature", "geometry": {"type": "MultiPolygon", "coordinates": [[[[16.37119708, 48.20596972], [16.37095845, 48.20602922], [16.37092048, 48.20594122], [16.37091471, 48.20592823], [16.37091209, 48.20592202], [16.37099423, 48.20590702], [16.37100794, 48.20590452], [16.37103861, 48.20589875], [16.37107979, 48.20589097], [16.37112053, 48.20588326], [16.37112646, 48.20589738], [16.37116897, 48.20588927], [16.37116062, 48.20586931], [16.37119375, 48.20586299], [16.37120043, 48.20587652], [16.37120086, 48.2058774], [16.37120108, 48.2058783], [16.37119926, 48.20587881], [16.37122171, 48.20592372], [16.37122249, 48.205925], [16.3712232, 48.20592631], [16.37122388, 48.20592762], [16.37122447, 48.20592894], [16.37122502, 48.20593028], [16.37122548, 48.20593156], [16.3712259, 48.20593284], [16.37122625, 48.20593413], [16.37122655, 48.20593543], [16.37122679, 48.20593674], [16.37122698, 48.20593804], [16.37122598, 48.20593882], [16.3712258, 48.20593995], [16.37121102, 48.2059391], [16.37120124, 48.20595843], [16.37120891, 48.20596389], [16.3712078, 48.20596442], [16.37120695, 48.20596619], [16.3712051, 48.20596708], [16.37120316, 48.20596788], [16.37120119, 48.20596858], [16.37119916, 48.20596919], [16.37119708, 48.20596972]], [[16.37100903, 48.20592245], [16.37102861, 48.20595718], [16.37111504, 48.20593539], [16.37109546, 48.20590066], [16.37100903, 48.20592245]]]]}, "properties": {"id": 25452065, "bauperiode": "1884-1918"}}, {"type": "Feature", "geometry": {"type": "Polygon", "coordinates": [[[16.37833477, 48.2111577], [16.3782932, 48.21116203], [16.37821962, 48.21102428], [16.37790295, 48.21109931], [16.37789136, 48.21107351], [16.37789068, 48.21107288], [16.37789555, 48.21107172], [16.37792306, 48.2110652], [16.37801209, 48.2110441], [16.37801983, 48.21104227], [16.37803989, 48.21103751], [16.37824301, 48.21098938], [16.37824355, 48.21099064], [16.37824529, 48.21099028], [16.37831854, 48.21112733], [16.37833477, 48.2111577]]]}, "properties": {"id": 24796475, "bauperiode": "1946-1976"}}, {"type": "Feature", "geometry": {"type": "Polygon", "coordinates": [[[16.3780252, 48.21129902], [16.37799394, 48.21130253], [16.37799353, 48.2113019], [16.37799012, 48.21129382], [16.37795205, 48.21120364], [16.37797223, 48.21119988], [16.37795875, 48.21116766], [16.37797523, 48.21116705], [16.37797246, 48.21115468], [16.37800842, 48.21114569], [16.37801259, 48.21115349], [16.37815123, 48.21112088], [16.37812885, 48.21107873], [16.37799028, 48.21111151], [16.378003, 48.21113556], [16.37795055, 48.21114804], [16.37795036, 48.21114759], [16.37792998, 48.21115139], [16.37792985, 48.21115106], [16.37790295, 48.21109931], [16.37821962, 48.21102428], [16.3782932, 48.21116203], [16.37833477, 48.2111577], [16.37835867, 48.21126057], [16.37835639, 48.21126048], [16.37835693, 48.21126174], [16.3780252, 48.21129902]]]}, "properties": {"id": 24800090, "bauperiode": "1946-1976"}}, {"type": "Feature", "geometry": {"type": "Polygon", "coordinates": [[[16.37815123, 48.21112088], [16.37801259, 48.21115349], [16.37800842, 48.21114569], [16.3780074, 48.21114379], [16.37800336, 48.21113624], [16.378003, 48.21113556], [16.37799028, 48.21111151], [16.37812885, 48.21107873], [16.37815123, 48.21112088]]]}, "properties": {"id": 24800063, "bauperiode": "1946-1976"}}, {"type": "Feature", "geometry": {"type": "MultiPolygon", "coordinates": [[[[16.38104731, 48.21096458], [16.38104557, 48.21097447], [16.38091787, 48.21096481], [16.38092337, 48.21094511], [16.3808787, 48.21094072], [16.38088152, 48.21092636], [16.38086207, 48.21092465], [16.38085542, 48.21095848], [16.38084454, 48.21095764], [16.38074321, 48.21095004], [16.38074858, 48.21093556], [16.38069637, 48.21093346], [16.38069301, 48.21093333], [16.38069287, 48.21092748], [16.38069242, 48.21087101], [16.38069241, 48.21086435], [16.38069265, 48.21086293], [16.38078445, 48.21087028], [16.38078241, 48.2108816], [16.38086122, 48.21088791], [16.38086224, 48.21087954], [16.38085014, 48.21087908], [16.38082853, 48.21087112], [16.38081677, 48.21085662], [16.38081861, 48.21084017], [16.38083347, 48.210827], [16.3808499, 48.21082153], [16.38086613, 48.21082244], [16.38086701, 48.21081032], [16.38085557, 48.21080862], [16.38078868, 48.21078841], [16.38071547, 48.21076623], [16.38074073, 48.21072764], [16.38078937, 48.21065333], [16.38080345, 48.21065763], [16.38080295, 48.2106587], [16.38083834, 48.21066941], [16.38083926, 48.21066825], [16.38093656, 48.21069743], [16.38093646, 48.2106982], [16.38097311, 48.21070921], [16.38097346, 48.2107083], [16.3810869, 48.21074194], [16.38108497, 48.21075328], [16.38108008, 48.21078156], [16.38107757, 48.21079566], [16.3810767, 48.21079567], [16.38107134, 48.2108237], [16.38107232, 48.21082369], [16.38106967, 48.21083969], [16.38106915, 48.21083954], [16.38106892, 48.21084088], [16.38106997, 48.21084074], [16.38106876, 48.21084778], [16.38106589, 48.21086471], [16.38106472, 48.21087158], [16.38106338, 48.21087131], [16.38105789, 48.21090342], [16.38104731, 48.21096458]], [[16.38084903, 48.21086357], [16.38088146, 48.21086581], [16.38088601, 48.21083955], [16.38085398, 48.21083641], [16.38084903, 48.21086357]], [[16.38093953, 48.21080337], [16.38095797, 48.21080795], [16.38096212, 48.21078933], [16.38095189, 48.21078637], [16.38093953, 48.21080337]]]]}, "properties": {"id": 24796843, "bauperiode": "1884-1918"}}, {"type": "Feature", "geometry": {"type": "Polygon", "coordinates": [[[16.38086224, 48.21087954], [16.38086122, 48.21088791], [16.38078241, 48.2108816], [16.38078445, 48.21087028], [16.38069265, 48.21086293], [16.38070687, 48.21078034], [16.38077955, 48.21080244], [16.38078868, 48.21078841], [16.38085557, 48.21080862], [16.38086701, 48.21081032], [16.38086613, 48.21082244], [16.3808499, 48.21082153], [16.38083347, 48.210827], [16.38081861, 48.21084017], [16.38081677, 48.21085662], [16.38082853, 48.21087112], [16.38085014, 48.21087908], [16.38086224, 48.21087954]]]}, "properties": {"id": 24800514, "bauperiode": "1884-1918"}}, {"type": "Feature", "geometry": {"type": "Polygon", "coordinates": [[[16.3835778, 48.20729442], [16.3835405, 48.20730681], [16.38352603, 48.20728748], [16.38340505, 48.20712631], [16.38334533, 48.20704611], [16.38338462, 48.20703299], [16.38341063, 48.2070678], [16.383425, 48.2070633], [16.38343807, 48.2070807], [16.3834237, 48.20708481], [16.38345735, 48.20713034], [16.38347112, 48.20712591], [16.38347166, 48.20712686], [16.38348391, 48.20714253], [16.38348594, 48.20714505], [16.38349894, 48.20716362], [16.38350212, 48.20716776], [16.38351437, 48.20718426], [16.38351974, 48.20719145], [16.3835061, 48.20719585], [16.38353958, 48.20724136], [16.38355436, 48.20723657], [16.38356786, 48.20725453], [16.38355204, 48.20725975], [16.3835778, 48.20729442]]]}, "properties": {"id": 24715203, "bauperiode": "1946-1976"}}, {"type": "Feature", "geometry": {"type": "Polygon", "coordinates": [[[16.38353968, 48.20730709], [16.38346525, 48.20733188], [16.38334569, 48.20717149], [16.38330855, 48.20712158], [16.38327095, 48.20707097], [16.38327829, 48.20706852], [16.38334533, 48.20704611], [16.38340505, 48.20712631], [16.38352603, 48.20728748], [16.3835405, 48.20730681], [16.38353968, 48.20730709]]]}, "properties": {"id": 24714892, "bauperiode": "1946-1976"}}, {"type": "Feature", "geometry": {"type": "MultiPolygon", "coordinates": [[[[16.38346491, 48.20733199], [16.3834418, 48.20733976], [16.38342556, 48.20731859], [16.3834154, 48.20730536], [16.38340293, 48.20728914], [16.38338026, 48.20725969], [16.38337506, 48.20725262], [16.38324732, 48.20707872], [16.38327095, 48.20707097], [16.38330855, 48.20712158], [16.38334569, 48.20717149], [16.38346525, 48.20733188], [16.38346491, 48.20733199]], [[16.38335047, 48.20720548], [16.38335371, 48.20720979], [16.3833611, 48.20720664], [16.38335787, 48.20720233], [16.38335047, 48.20720548]], [[16.38331464, 48.20715729], [16.38331693, 48.20716107], [16.38332446, 48.20715836], [16.38332217, 48.20715459], [16.38331464, 48.20715729]], [[16.38327867, 48.2071091], [16.3832811, 48.20711279], [16.3832885, 48.20711018], [16.38328607, 48.20710649], [16.38327867, 48.2071091]], [[16.38342268, 48.20730204], [16.3834247, 48.20730572], [16.38343223, 48.2073032], [16.38343021, 48.20729951], [16.38342268, 48.20730204]], [[16.38338644, 48.20725394], [16.38338873, 48.20725744], [16.38339626, 48.20725492], [16.38339397, 48.20725142], [16.38338644, 48.20725394]]]]}, "properties": {"id": 24716834, "bauperiode": "1946-1976"}}, {"type": "Feature", "geometry": {"type": "MultiPolygon", "coordinates": [[[[16.38359985, 48.20728703], [16.3835778, 48.20729442], [16.38355204, 48.20725975], [16.38356786, 48.20725453], [16.38355436, 48.20723657], [16.38353958, 48.20724136], [16.3835061, 48.20719585], [16.38351974, 48.20719145], [16.38351437, 48.20718426], [16.38350212, 48.20716776], [16.38349894, 48.20716362], [16.38348594, 48.20714505], [16.38348391, 48.20714253], [16.38347166, 48.20712686], [16.38347112, 48.20712591], [16.38345735, 48.20713034], [16.3834237, 48.20708481], [16.38343807, 48.2070807], [16.383425, 48.2070633], [16.38341063, 48.2070678], [16.38338462, 48.20703299], [16.38338379, 48.20703188], [16.38340423, 48.20702501], [16.38340725, 48.207024], [16.38355573, 48.20697439], [16.38355927, 48.20697322], [16.38357749, 48.20696713], [16.38358079, 48.20696605], [16.38380844, 48.20688965], [16.3839399, 48.20684624], [16.38401552, 48.20682103], [16.38401627, 48.20682206], [16.38404176, 48.20685667], [16.38402567, 48.20686213], [16.38403976, 48.20688131], [16.38405578, 48.20687597], [16.3840892, 48.20692033], [16.38407413, 48.20692553], [16.38407886, 48.20693187], [16.38409146, 48.20694887], [16.38409255, 48.20695014], [16.38410433, 48.2069668], [16.38410929, 48.20697363], [16.38412099, 48.20699036], [16.38412178, 48.2069916], [16.38413863, 48.20698657], [16.38417169, 48.20703059], [16.38415572, 48.20703589], [16.38417049, 48.20705525], [16.38418601, 48.20704988], [16.38421195, 48.20708337], [16.38414001, 48.20710703], [16.38386308, 48.20719934], [16.383839, 48.20720736], [16.38360281, 48.20728605], [16.38359985, 48.20728703]], [[16.38360498, 48.20706188], [16.3836792, 48.20716137], [16.3839695, 48.20706463], [16.38389529, 48.20696514], [16.38360498, 48.20706188]]]]}, "properties": {"id": 24716826, "bauperiode": "1946-1976"}}, {"type": "Feature", "geometry": {"type": "Polygon", "coordinates": [[[16.38380844, 48.20688965], [16.38358079, 48.20696605], [16.3835638, 48.20694275], [16.38360655, 48.20692856], [16.38366554, 48.20690898], [16.38387556, 48.20683845], [16.38388402, 48.20683564], [16.38392173, 48.20682309], [16.3839399, 48.20684624], [16.38380844, 48.20688965]]]}, "properties": {"id": 24715192, "bauperiode": "1946-1976"}}, {"type": "Feature", "geometry": {"type": "Polygon", "coordinates": [[[16.38366554, 48.20690898], [16.38360655, 48.20692856], [16.38359605, 48.20691412], [16.38373179, 48.20686888], [16.38387327, 48.2068218], [16.38388402, 48.20683564], [16.38387556, 48.20683845], [16.38366554, 48.20690898]]]}, "properties": {"id": 24716807, "bauperiode": "1946-1976"}}, {"type": "Feature", "geometry": {"type": "Polygon", "coordinates": [[[16.38376058, 48.20726495], [16.38362199, 48.20731109], [16.38361561, 48.20730277], [16.38360281, 48.20728605], [16.383839, 48.20720736], [16.38386308, 48.20719934], [16.38414001, 48.20710703], [16.38414351, 48.20711202], [16.38415777, 48.20713249], [16.38407825, 48.207159], [16.38390515, 48.20721674], [16.38376058, 48.20726495]]]}, "properties": {"id": 24716830, "bauperiode": "1946-1976"}}, {"type": "Feature", "geometry": {"type": "Polygon", "coordinates": [[[16.3839695, 48.20706463], [16.3836792, 48.20716137], [16.38360498, 48.20706188], [16.38389529, 48.20696514], [16.3839695, 48.20706463]]]}, "properties": {"id": 24716820, "bauperiode": "1946-1976"}}, {"type": "Feature", "geometry": {"type": "MultiPolygon", "coordinates": [[[[16.3842622, 48.20706669], [16.38421195, 48.20708337], [16.38418601, 48.20704988], [16.38417049, 48.20705525], [16.38415572, 48.20703589], [16.38417169, 48.20703059], [16.38413863, 48.20698657], [16.38412178, 48.2069916], [16.38412099, 48.20699036], [16.38410929, 48.20697363], [16.38410433, 48.2069668], [16.38409255, 48.20695014], [16.38409146, 48.20694887], [16.38407886, 48.20693187], [16.38407413, 48.20692553], [16.3840892, 48.20692033], [16.38405578, 48.20687597], [16.38403976, 48.20688131], [16.38402567, 48.20686213], [16.38404176, 48.20685667], [16.38401627, 48.20682206], [16.38406806, 48.20680488], [16.38415898, 48.20692729], [16.38421579, 48.2070031], [16.3842622, 48.20706669]], [[16.38414537, 48.20694057], [16.38414793, 48.20694425], [16.38415532, 48.20694173], [16.38415276, 48.20693805], [16.38414537, 48.20694057]], [[16.38421663, 48.20703695], [16.38421919, 48.20704036], [16.38422712, 48.20703802], [16.38422457, 48.2070346], [16.38421663, 48.20703695]], [[16.38418093, 48.20698885], [16.38418336, 48.20699226], [16.38419102, 48.20698992], [16.3841886, 48.20698651], [16.38418093, 48.20698885]], [[16.384109, 48.2068922], [16.38411169, 48.20689562], [16.38411909, 48.20689327], [16.38411639, 48.20688986], [16.384109, 48.2068922]], [[16.38407316, 48.20684392], [16.38407572, 48.20684734], [16.38408312, 48.20684491], [16.38408056, 48.20684149], [16.38407316, 48.20684392]]]]}, "properties": {"id": 24715200, "bauperiode": "1946-1976"}}, {"type": "Feature", "geometry": {"type": "Polygon", "coordinates": [[[16.35536853, 48.19925728], [16.35531934, 48.19929612], [16.35514344, 48.19920147], [16.35518032, 48.19917298], [16.35519732, 48.19915982], [16.35526066, 48.19919588], [16.35536853, 48.19925728]]]}, "properties": {"id": 25541659, "bauperiode": "1884-1918"}}, {"type": "Feature", "geometry": {"type": "Polygon", "coordinates": [[[16.35512654, 48.19943117], [16.3551139, 48.19944161], [16.35498943, 48.19937459], [16.35506716, 48.19931001], [16.35516018, 48.19936012], [16.35515175, 48.19936711], [16.35518357, 48.19938432], [16.35517058, 48.19939498], [16.35516626, 48.19939853], [16.35515388, 48.1994087], [16.35514862, 48.19941302], [16.35513095, 48.19942754], [16.35512654, 48.19943117]]]}, "properties": {"id": 25540808, "bauperiode": "1884-1918"}}, {"type": "Feature", "geometry": {"type": "Polygon", "coordinates": [[[16.35568748, 48.1994403], [16.35564694, 48.19947247], [16.35551864, 48.19940346], [16.35556201, 48.19936743], [16.35562139, 48.19940123], [16.35568855, 48.19943946], [16.35568748, 48.1994403]]]}, "properties": {"id": 25541677, "bauperiode": "1884-1918"}}, {"type": "Feature", "geometry": {"type": "MultiPolygon", "coordinates": [[[[16.35514175, 48.1998727], [16.3550543, 48.19994108], [16.35504375, 48.19993786], [16.3549818, 48.19991892], [16.35498582, 48.19991395], [16.35490631, 48.1998896], [16.35490214, 48.19989454], [16.3548413, 48.19987593], [16.35482773, 48.19987178], [16.35484165, 48.19986034], [16.35484279, 48.19985941], [16.35488223, 48.199827], [16.35488769, 48.19982246], [16.35505425, 48.19969], [16.35505727, 48.19968712], [16.35506268, 48.19968975], [16.35507657, 48.19967807], [16.35507185, 48.19967544], [16.35506835, 48.19967349], [16.35512024, 48.19963083], [16.35512332, 48.19963235], [16.35512883, 48.19963528], [16.35526327, 48.19970765], [16.35523896, 48.19972583], [16.35521582, 48.19971288], [16.35514817, 48.1997682], [16.35517347, 48.19978088], [16.35511779, 48.19982702], [16.35516811, 48.19985183], [16.35514175, 48.1998727]], [[16.35502874, 48.1998229], [16.35505282, 48.19983602], [16.3550734, 48.1998192], [16.35504931, 48.19980608], [16.35502874, 48.1998229]], [[16.35511924, 48.19972639], [16.35515893, 48.19974805], [16.35518555, 48.19972628], [16.35514586, 48.19970462], [16.35511924, 48.19972639]]]]}, "properties": {"id": 25541232, "bauperiode": "1884-1918"}}, {"type": "Feature", "geometry": {"type": "MultiPolygon", "coordinates": [[[[16.35555798, 48.19954294], [16.35553444, 48.19956156], [16.35548261, 48.19953364], [16.35537726, 48.19947686], [16.35536883, 48.19948384], [16.35532762, 48.19946177], [16.355333, 48.19945735], [16.35528043, 48.1994273], [16.35527513, 48.19942422], [16.35527148, 48.19942702], [16.35526893, 48.19942561], [16.35525036, 48.19941537], [16.35524245, 48.19941079], [16.355246, 48.19940754], [16.35519254, 48.19937695], [16.35518919, 48.1993797], [16.35518847, 48.1993803], [16.35518357, 48.19938432], [16.35515175, 48.19936711], [16.35516018, 48.19936012], [16.35506716, 48.19931001], [16.35502935, 48.19928969], [16.35506041, 48.19926558], [16.35514344, 48.19920147], [16.35531934, 48.19929612], [16.35533418, 48.19930412], [16.35541437, 48.19934727], [16.35551864, 48.19940346], [16.35564694, 48.19947247], [16.35560222, 48.19950795], [16.35560034, 48.19950944], [16.35555798, 48.19954294]], [[16.35532006, 48.19934855], [16.35535059, 48.19936527], [16.35536811, 48.19935098], [16.35533758, 48.19933426], [16.35532006, 48.19934855]], [[16.35549766, 48.19950167], [16.35555859, 48.19953522], [16.35558502, 48.19951377], [16.35552408, 48.19948022], [16.35549766, 48.19950167]]]]}, "properties": {"id": 25541684, "bauperiode": "1884-1918"}}, {"type": "Feature", "geometry": {"type": "Polygon", "coordinates": [[[16.3554524, 48.19962661], [16.35534113, 48.19971482], [16.35529009, 48.1996876], [16.35526327, 48.19970765], [16.35512883, 48.19963528], [16.3551443, 48.19962227], [16.35513878, 48.19961934], [16.35514302, 48.19961549], [16.35522364, 48.19954899], [16.35523148, 48.19954275], [16.35523852, 48.19954654], [16.35523935, 48.19954583], [16.35525196, 48.1995353], [16.35525365, 48.1995339], [16.35524689, 48.19953027], [16.35525653, 48.19952241], [16.35525864, 48.1995207], [16.35540241, 48.19959929], [16.3554524, 48.19962661]]]}, "properties": {"id": 25541699, "bauperiode": "1884-1918"}}, {"type": "Feature", "geometry": {"type": "Polygon", "coordinates": [[[16.35542808, 48.19957829], [16.35540241, 48.19959929], [16.35525864, 48.1995207], [16.35527367, 48.19950846], [16.35527712, 48.19950565], [16.35529417, 48.19949176], [16.35529981, 48.19948717], [16.35531129, 48.19947704], [16.3553094, 48.19947602], [16.35530649, 48.19947447], [16.35530984, 48.19947327], [16.35531227, 48.19947437], [16.35532762, 48.19946177], [16.35536883, 48.19948384], [16.35537726, 48.19947686], [16.35548261, 48.19953364], [16.35545946, 48.1995526], [16.35542808, 48.19957829]]]}, "properties": {"id": 25541687, "bauperiode": "1884-1918"}}, {"type": "Feature", "geometry": {"type": "MultiPolygon", "coordinates": [[[[16.3546675, 48.19981565], [16.35466312, 48.19981994], [16.35443997, 48.19975139], [16.35449585, 48.19970337], [16.35449884, 48.19970082], [16.35454816, 48.19965876], [16.35456269, 48.19964635], [16.35460452, 48.19966973], [16.35468907, 48.19960211], [16.35467378, 48.19959345], [16.35467297, 48.19957043], [16.35470699, 48.19954326], [16.35474103, 48.19953975], [16.35474991, 48.19954469], [16.35485709, 48.19945897], [16.35481188, 48.19943371], [16.35485075, 48.19940042], [16.35486443, 48.19940835], [16.35494142, 48.19934878], [16.35498943, 48.19937459], [16.3551139, 48.19944161], [16.35511071, 48.19944423], [16.35509935, 48.1994536], [16.3550632, 48.19948342], [16.35502109, 48.19951831], [16.35497639, 48.19955511], [16.35497974, 48.19955691], [16.35492939, 48.19959877], [16.35492577, 48.19959677], [16.35491106, 48.19960905], [16.3549072, 48.19961225], [16.35487556, 48.19963852], [16.35483305, 48.1996738], [16.35482704, 48.19967879], [16.35483422, 48.19968241], [16.35481374, 48.19969888], [16.35480689, 48.19969544], [16.35477049, 48.19972504], [16.3547083, 48.19977644], [16.3547071, 48.19977741], [16.35471102, 48.19977923], [16.35470916, 48.19978075], [16.3547008, 48.19978756], [16.35469966, 48.19978709], [16.35467185, 48.19981141], [16.3546675, 48.19981565]], [[16.35462943, 48.19970272], [16.3546449, 48.19971135], [16.35466683, 48.19969381], [16.35465135, 48.19968518], [16.35462943, 48.19970272]], [[16.35469875, 48.19962285], [16.35471997, 48.19963521], [16.35474908, 48.19961177], [16.35472786, 48.19959941], [16.35469875, 48.19962285]], [[16.3547982, 48.19954648], [16.35483951, 48.19956959], [16.35486191, 48.19955172], [16.35482061, 48.19952862], [16.3547982, 48.19954648]]]]}, "properties": {"id": 25541702, "bauperiode": "1884-1918"}}, {"type": "Feature", "geometry": {"type": "MultiPolygon", "coordinates": [[[[16.36146698, 48.2023556], [16.36146016, 48.20235913], [16.36144844, 48.20235876], [16.36144234, 48.20235341], [16.36144287, 48.20235307], [16.3614398, 48.20235046], [16.36140539, 48.2023203], [16.3613933, 48.20230948], [16.36138111, 48.20229874], [16.36135013, 48.20227142], [16.36134669, 48.20226841], [16.36134576, 48.20226756], [16.36130619, 48.20223157], [16.3613048, 48.2022303], [16.36124449, 48.20217785], [16.36123567, 48.20217017], [16.36130913, 48.20213331], [16.36132566, 48.20214815], [16.36135418, 48.20213345], [16.36133753, 48.20211867], [16.3614009, 48.20208613], [16.36148138, 48.20215685], [16.36156364, 48.20211405], [16.36148435, 48.20204325], [16.36161692, 48.20197505], [16.36164737, 48.20200143], [16.36162262, 48.20201419], [16.36164835, 48.20203649], [16.3616731, 48.20202372], [16.36170478, 48.20205117], [16.36175346, 48.20209336], [16.36183472, 48.20216377], [16.36183405, 48.20216404], [16.36182555, 48.20216847], [16.36176855, 48.20219814], [16.36176882, 48.2021985], [16.36171254, 48.20222845], [16.36170897, 48.20223035], [16.36171286, 48.20223425], [16.36167897, 48.20225144], [16.3616527, 48.20226538], [16.36161878, 48.20228278], [16.36161399, 48.20227865], [16.36161065, 48.20228039], [16.361467, 48.20235492], [16.36146645, 48.20235512], [16.36146698, 48.2023556]], [[16.36165274, 48.20214306], [16.36166367, 48.20215244], [16.3616937, 48.20213681], [16.36168278, 48.20212743], [16.36165274, 48.20214306]], [[16.36145147, 48.20226235], [16.36149933, 48.20226493], [16.36167369, 48.20217422], [16.36160639, 48.20211642], [16.36149643, 48.20217363], [16.36145502, 48.2021677], [16.36141401, 48.2021314], [16.36134366, 48.20216691], [16.36145147, 48.20226235]]]]}, "properties": {"id": 25456385, "bauperiode": "1860-1883"}}, {"type": "Feature", "geometry": {"type": "Polygon", "coordinates": [[[16.36156364, 48.20211405], [16.36148138, 48.20215685], [16.3614009, 48.20208613], [16.36140135, 48.2020859], [16.36148435, 48.20204325], [16.36156364, 48.20211405]]]}, "properties": {"id": 25458900, "bauperiode": "1860-1883"}}, {"type": "Feature", "geometry": {"type": "MultiPolygon", "coordinates": [[[[16.36167369, 48.20217422], [16.36149933, 48.20226493], [16.36145147, 48.20226235], [16.36134366, 48.20216691], [16.36141401, 48.2021314], [16.36145502, 48.2021677], [16.36149643, 48.20217363], [16.36160639, 48.20211642], [16.36167369, 48.20217422]], [[16.36149394, 48.20220017], [16.36147033, 48.20217894], [16.36144049, 48.20219376], [16.3614641, 48.202215], [16.36149394, 48.20220017]]]]}, "properties": {"id": 25456383, "bauperiode": "1860-1883"}}, {"type": "Feature", "geometry": {"type": "Polygon", "coordinates": [[[16.3694742, 48.21129263], [16.36938219, 48.21132539], [16.3693447, 48.21127848], [16.36933717, 48.21126906], [16.36928914, 48.21120896], [16.36940307, 48.21115973], [16.36942312, 48.21115109], [16.36944951, 48.21118418], [16.36944293, 48.21120388], [16.36944253, 48.21120388], [16.36943957, 48.21120397], [16.36943647, 48.21120424], [16.36943365, 48.21120469], [16.36939746, 48.21121756], [16.36942937, 48.21125748], [16.36946543, 48.21124461], [16.36946758, 48.21124326], [16.36946959, 48.21124173], [16.36947148, 48.21124011], [16.36947296, 48.2112384], [16.3694743, 48.2112366], [16.36947538, 48.21123471], [16.36947632, 48.21123283], [16.36947685, 48.21123085], [16.36947726, 48.21122878], [16.36947739, 48.2112268], [16.36947712, 48.21122482], [16.36947698, 48.21122401], [16.36951236, 48.21121141], [16.36954778, 48.21125583], [16.3695448, 48.21125689], [16.36949532, 48.21127455], [16.36948091, 48.21125639], [16.3694532, 48.21126629], [16.36946766, 48.21128443], [16.36946925, 48.21128642], [16.3694742, 48.21129263]]]}, "properties": {"id": 25405007, "bauperiode": "1884-1918"}}, {"type": "Feature", "geometry": {"type": "Polygon", "coordinates": [[[16.37053076, 48.20186876], [16.37052991, 48.20186895], [16.37049486, 48.20179909], [16.37047782, 48.20176515], [16.3704802, 48.20176294], [16.37048262, 48.20176087], [16.37048545, 48.20175889], [16.37048827, 48.201757], [16.37049136, 48.2017552], [16.37049459, 48.20175358], [16.37049795, 48.20175214], [16.37050145, 48.20175079], [16.37050508, 48.20174953], [16.37049579, 48.20173119], [16.37046431, 48.20173821], [16.3704032, 48.20161645], [16.37045884, 48.20160395], [16.37049018, 48.20159692], [16.37050069, 48.20161796], [16.3705407, 48.20169817], [16.37055295, 48.20171939], [16.37070454, 48.20168436], [16.37069484, 48.20166359], [16.37065483, 48.20158347], [16.37064433, 48.20156234], [16.37067727, 48.20155494], [16.37073256, 48.20154253], [16.37074979, 48.20157706], [16.37075831, 48.20159413], [16.37077592, 48.20162939], [16.37078716, 48.20165195], [16.37079334, 48.20166435], [16.3707913, 48.20166644], [16.37078915, 48.20166841], [16.37078673, 48.2016703], [16.37078417, 48.20167201], [16.37078135, 48.20167372], [16.37077853, 48.20167525], [16.37077543, 48.2016766], [16.3707722, 48.20167795], [16.37076898, 48.20167903], [16.37076561, 48.20168002], [16.37076212, 48.20168083], [16.37077128, 48.20169927], [16.37080681, 48.20169134], [16.37081368, 48.20170509], [16.37082281, 48.20172336], [16.37085852, 48.20179493], [16.37071379, 48.20182753], [16.37071092, 48.20182818], [16.37067904, 48.2018354], [16.3706772, 48.20183581], [16.37060349, 48.20185238], [16.37053076, 48.20186876]]]}, "properties": {"id": 25450059, "bauperiode": "1860-1883"}}, {"type": "Feature", "geometry": {"type": "Polygon", "coordinates": [[[16.37061204, 48.2016191], [16.37052734, 48.2016381], [16.37051562, 48.20161463], [16.37050069, 48.20161796], [16.37049018, 48.20159692], [16.37050242, 48.20159422], [16.37056214, 48.2015808], [16.37063343, 48.20156477], [16.37064433, 48.20156234], [16.37065483, 48.20158347], [16.37064407, 48.2015859], [16.37065579, 48.20160928], [16.37061204, 48.2016191]]]}, "properties": {"id": 25450091, "bauperiode": "1860-1883"}}, {"type": "Feature", "geometry": {"type": "MultiPolygon", "coordinates": [[[[16.36862871, 48.18539191], [16.36854821, 48.1854878], [16.36841248, 48.18543666], [16.36840266, 48.18543298], [16.36843492, 48.18539475], [16.36830134, 48.18534433], [16.36828119, 48.18533666], [16.3682782, 48.18533553], [16.3683583, 48.18524071], [16.36836796, 48.18524434], [16.36838949, 48.18525242], [16.36860392, 48.18533292], [16.36857394, 48.18533805], [16.36855566, 48.18536225], [16.36856697, 48.18538473], [16.36859966, 48.1853974], [16.36862871, 48.18539191]], [[16.36844243, 48.18537478], [16.36849395, 48.18539419], [16.36850685, 48.1853789], [16.36845534, 48.18535949], [16.36844243, 48.18537478]]]]}, "properties": {"id": 23245672, "bauperiode": "1884-1918"}}, {"type": "Feature", "geometry": {"type": "MultiPolygon", "coordinates": [[[[16.36966156, 48.18586918], [16.36965104, 48.18588093], [16.36961348, 48.18592285], [16.36961267, 48.18592258], [16.36948071, 48.18586983], [16.36951457, 48.18583205], [16.36948257, 48.18583791], [16.36947961, 48.18583809], [16.36947665, 48.18583818], [16.36947356, 48.185838], [16.3694706, 48.18583773], [16.36946778, 48.18583728], [16.36946495, 48.18583656], [16.36946213, 48.18583575], [16.36945957, 48.18583477], [16.36945701, 48.18583369], [16.36945473, 48.18583243], [16.36945257, 48.18583099], [16.36945056, 48.18582946], [16.36944881, 48.18582784], [16.36944733, 48.18582614], [16.36944598, 48.18582434], [16.36944504, 48.18582245], [16.36944423, 48.18582047], [16.36944369, 48.18581858], [16.36944342, 48.18581651], [16.36944342, 48.18581454], [16.36944369, 48.18581256], [16.36944409, 48.18581058], [16.36944489, 48.1858086], [16.36944597, 48.18580671], [16.36944718, 48.18580491], [16.36944879, 48.1858032], [16.36945054, 48.18580158], [16.36945242, 48.18580005], [16.36945457, 48.18579861], [16.36945686, 48.18579735], [16.36945941, 48.18579618], [16.36946197, 48.18579519], [16.36946465, 48.18579438], [16.36950042, 48.18578781], [16.36942308, 48.18575851], [16.36949779, 48.18567018], [16.36970697, 48.18574935], [16.36972156, 48.18575487], [16.36972715, 48.18575699], [16.36972774, 48.18575722], [16.36972868, 48.18575761], [16.36973051, 48.18575869], [16.36973221, 48.18576029], [16.36973293, 48.18576139], [16.36974007, 48.18577875], [16.36973994, 48.18577963], [16.36973967, 48.18578072], [16.36973913, 48.18578222], [16.36973873, 48.18578306], [16.36971981, 48.18580417], [16.36966156, 48.18586918]], [[16.36954883, 48.18577287], [16.36956363, 48.18577853], [16.36957465, 48.18576548], [16.36955985, 48.18575991], [16.36954883, 48.18577287]]]]}, "properties": {"id": 24453601, "bauperiode": "1884-1918"}}, {"type": "Feature", "geometry": {"type": "MultiPolygon", "coordinates": [[[[16.36899901, 48.18570998], [16.3689161, 48.18580803], [16.36888744, 48.18579689], [16.36860711, 48.18568824], [16.36865024, 48.18563724], [16.36865146, 48.18563769], [16.36870842, 48.18557127], [16.3687087, 48.18557094], [16.36870896, 48.18557066], [16.36870926, 48.18557033], [16.36871896, 48.18555961], [16.36872335, 48.18555475], [16.36885034, 48.18560282], [16.36881768, 48.18564141], [16.36883202, 48.18564685], [16.36884215, 48.18563484], [16.36886268, 48.1856426], [16.36888518, 48.18561594], [16.36893212, 48.18563374], [16.36889947, 48.18567233], [16.36899901, 48.18570998]], [[16.36878395, 48.18568756], [16.36881126, 48.1856978], [16.36881879, 48.1856889], [16.36879148, 48.18567856], [16.36878395, 48.18568756]]]]}, "properties": {"id": 23245581, "bauperiode": "1884-1918"}}, {"type": "Feature", "geometry": {"type": "MultiPolygon", "coordinates": [[[[16.37076014, 48.20972554], [16.37070003, 48.20976864], [16.37066624, 48.20974805], [16.37060944, 48.20971345], [16.3704568, 48.20962023], [16.37045599, 48.20961951], [16.37046083, 48.20961538], [16.37046016, 48.20961484], [16.37053062, 48.20955897], [16.3705317, 48.20955942], [16.37053918, 48.20955444], [16.37056039, 48.20954037], [16.37056976, 48.20953413], [16.37072446, 48.20964667], [16.37073467, 48.20963955], [16.37084198, 48.20971079], [16.37079298, 48.20974595], [16.37076014, 48.20972554]], [[16.37064935, 48.20968245], [16.3706949, 48.20970342], [16.37074658, 48.20967301], [16.37071267, 48.20965628], [16.37069745, 48.20964356], [16.37064935, 48.20968245]]]]}, "properties": {"id": 25408504, "bauperiode": "Vor 1683"}}, {"type": "Feature", "geometry": {"type": "MultiPolygon", "coordinates": [[[[16.37504318, 48.2095452], [16.37495713, 48.20958197], [16.37486045, 48.20947755], [16.37479542, 48.20941939], [16.37481586, 48.2094121], [16.37475501, 48.20935573], [16.37476469, 48.20935249], [16.37483316, 48.20932503], [16.37499861, 48.20927435], [16.37500238, 48.2092774], [16.37510658, 48.20936253], [16.3751389, 48.20938887], [16.37522985, 48.20946174], [16.37523229, 48.20946504], [16.37513332, 48.20950858], [16.37508928, 48.20952633], [16.37509021, 48.20952698], [16.37508931, 48.20952748], [16.37509052, 48.20952894], [16.3750847, 48.20953137], [16.37508217, 48.2095324], [16.37505409, 48.20954376], [16.37505176, 48.2095447], [16.37504645, 48.20954712], [16.37504529, 48.20954595], [16.3750442, 48.20954647], [16.37504318, 48.2095452]], [[16.37503342, 48.2093997], [16.37499127, 48.20935214], [16.37491258, 48.20938329], [16.37495473, 48.20943084], [16.37503342, 48.2093997]], [[16.37501137, 48.20942084], [16.37504544, 48.20945779], [16.37510892, 48.20943169], [16.37507486, 48.20939474], [16.37501137, 48.20942084]]]]}, "properties": {"id": 24790968, "bauperiode": "1683-1740"}}, {"type": "Feature", "geometry": {"type": "Polygon", "coordinates": [[[16.37338599, 48.20787437], [16.37321005, 48.20793387], [16.37320984, 48.20793358], [16.37317839, 48.20789054], [16.37310285, 48.20778713], [16.37300139, 48.2076625], [16.37300192, 48.2076623], [16.37300158, 48.20766184], [16.37312549, 48.20761862], [16.37312347, 48.20761497], [16.37313669, 48.20760951], [16.37313728, 48.20760936], [16.37313789, 48.20760927], [16.37313852, 48.20760923], [16.37313989, 48.20760937], [16.37314141, 48.20760994], [16.37314186, 48.20761023], [16.3731702, 48.20759944], [16.37317002, 48.20759906], [16.37316995, 48.20759789], [16.37317053, 48.2075968], [16.37317087, 48.20759648], [16.37317126, 48.20759619], [16.37318521, 48.2075909], [16.37318662, 48.20759137], [16.37318939, 48.20759492], [16.37320921, 48.20758702], [16.37323027, 48.20761083], [16.3732721, 48.20759427], [16.37325094, 48.20757036], [16.3732645, 48.20756495], [16.37326894, 48.20756318], [16.37327287, 48.20756161], [16.37327685, 48.20756004], [16.37329483, 48.20755292], [16.37329879, 48.20755135], [16.37330367, 48.20754941], [16.37330698, 48.2075482], [16.37348471, 48.20747734], [16.37348525, 48.20747799], [16.37348537, 48.20747774], [16.37353638, 48.20745744], [16.37354552, 48.2074538], [16.37365958, 48.20740883], [16.37365616, 48.2074046], [16.37366521, 48.20740086], [16.3736666, 48.2074006], [16.37366804, 48.20740058], [16.37366935, 48.20740075], [16.37367075, 48.20740118], [16.37367188, 48.20740178], [16.37369961, 48.20739003], [16.37369939, 48.20738961], [16.37369925, 48.20738918], [16.37369931, 48.2073882], [16.37370002, 48.20738708], [16.37370042, 48.20738673], [16.37370091, 48.20738643], [16.37370145, 48.20738618], [16.37371135, 48.20738219], [16.37371533, 48.20738605], [16.37379431, 48.20735421], [16.37379653, 48.2073536], [16.37379917, 48.20735245], [16.37381595, 48.20734579], [16.37381864, 48.20734494], [16.37382067, 48.20734393], [16.37383346, 48.20733912], [16.37384143, 48.20734011], [16.37384507, 48.20734389], [16.37384291, 48.20734515], [16.37386675, 48.20737041], [16.37387011, 48.20736906], [16.37387361, 48.20737284], [16.37387146, 48.20737419], [16.37389529, 48.20739945], [16.37389838, 48.20739819], [16.37390242, 48.20740197], [16.37389946, 48.2074035], [16.37405269, 48.20755759], [16.37393338, 48.2076106], [16.37381652, 48.20749309], [16.37379298, 48.20750236], [16.37364866, 48.20755979], [16.37368659, 48.20759999], [16.37355858, 48.2076502], [16.37331324, 48.20774624], [16.37329818, 48.20775218], [16.37338599, 48.20787437]]]}, "properties": {"id": 24797405, "bauperiode": "Vor 1683"}}, {"type": "Feature", "geometry": {"type": "MultiPolygon", "coordinates": [[[[16.37403173, 48.20814701], [16.37402998, 48.20814755], [16.37389395, 48.20797079], [16.37388844, 48.20796363], [16.37387612, 48.20794762], [16.3738646, 48.20793267], [16.37368552, 48.20800233], [16.37366587, 48.20800997], [16.37363414, 48.20802231], [16.37360583, 48.20803332], [16.3736049, 48.20803261], [16.37359957, 48.20803319], [16.37359902, 48.20803379], [16.37359633, 48.20803338], [16.37354242, 48.20802071], [16.37354001, 48.20802014], [16.37338332, 48.2079832], [16.37338184, 48.20798285], [16.37330748, 48.20796549], [16.37321476, 48.20793612], [16.3732122, 48.20793531], [16.37321005, 48.20793387], [16.37338599, 48.20787437], [16.37340725, 48.20787481], [16.37364755, 48.20787968], [16.37374627, 48.20784106], [16.37355858, 48.2076502], [16.37368659, 48.20759999], [16.37394744, 48.20787643], [16.37406445, 48.2080005], [16.37407967, 48.20801668], [16.37410374, 48.20800651], [16.37409539, 48.20799761], [16.37409794, 48.20798637], [16.37412861, 48.20797341], [16.37414489, 48.20797673], [16.37415337, 48.20798563], [16.37424263, 48.20794798], [16.37430502, 48.20801409], [16.37416651, 48.20808142], [16.3741595, 48.20808483], [16.37403173, 48.20814701]], [[16.37363845, 48.20795927], [16.37362391, 48.20794255], [16.37360239, 48.20795515], [16.37357388, 48.20796199], [16.37358842, 48.20797871], [16.37363845, 48.20795927]]]]}, "properties": {"id": 24791365, "bauperiode": "Vor 1683"}}, {"type": "Feature", "geometry": {"type": "Polygon", "coordinates": [[[16.37425048, 48.20775312], [16.37412889, 48.20780721], [16.37394106, 48.20761833], [16.37393338, 48.2076106], [16.37405269, 48.20755759], [16.37424109, 48.20774384], [16.37425048, 48.20775312]]]}, "properties": {"id": 24791435, "bauperiode": "Vor 1683"}}, {"type": "Feature", "geometry": {"type": "Polygon", "coordinates": [[[16.37424263, 48.20794798], [16.37415337, 48.20798563], [16.37414489, 48.20797673], [16.37412861, 48.20797341], [16.37411775, 48.20796253], [16.37420472, 48.20792441], [16.37415628, 48.20787501], [16.37418409, 48.20786268], [16.37426085, 48.20793991], [16.37424263, 48.20794798]]]}, "properties": {"id": 24804359, "bauperiode": "Vor 1683"}}, {"type": "Feature", "geometry": {"type": "Polygon", "coordinates": [[[16.37446548, 48.20793607], [16.37432493, 48.20800437], [16.37426085, 48.20793991], [16.37418409, 48.20786268], [16.37412889, 48.20780721], [16.37425048, 48.20775312], [16.37445951, 48.20790563], [16.37447769, 48.2079189], [16.37448592, 48.20792491], [16.37446548, 48.20793607]]]}, "properties": {"id": 24791407, "bauperiode": "Vor 1683"}}, {"type": "Feature", "geometry": {"type": "MultiPolygon", "coordinates": [[[[16.37524251, 48.20945604], [16.37522985, 48.20946174], [16.3751389, 48.20938887], [16.37517561, 48.20937267], [16.3751577, 48.20935217], [16.37513039, 48.20934949], [16.37510658, 48.20936253], [16.37500238, 48.2092774], [16.37503439, 48.20926354], [16.37505122, 48.20928054], [16.37508162, 48.20926712], [16.37506492, 48.20925004], [16.37505739, 48.20925337], [16.37505551, 48.20925148], [16.3750481, 48.20924402], [16.37499839, 48.20919366], [16.37499034, 48.2091855], [16.37492597, 48.20912023], [16.37495866, 48.20910412], [16.37493927, 48.20908659], [16.37490806, 48.20910207], [16.37483199, 48.20902502], [16.3749497, 48.2089668], [16.37497656, 48.20895352], [16.37509345, 48.2088957], [16.37509426, 48.20889597], [16.37517666, 48.20897211], [16.3751824, 48.20897744], [16.37514478, 48.20899083], [16.3751631, 48.20901061], [16.37519485, 48.2090115], [16.37521072, 48.20900367], [16.37529689, 48.20908323], [16.37525412, 48.20909943], [16.37526579, 48.2091132], [16.37529384, 48.20914609], [16.37531066, 48.2091397], [16.37532317, 48.20913493], [16.37536033, 48.20917872], [16.37537286, 48.20919346], [16.37533775, 48.20920687], [16.37539955, 48.20926342], [16.37540332, 48.20926153], [16.37550028, 48.20934245], [16.3753855, 48.20939281], [16.37538582, 48.20939299], [16.37538196, 48.20939465], [16.3753781, 48.20939636], [16.37534957, 48.20940899], [16.3753465, 48.20941035], [16.37534267, 48.20941207], [16.3753424, 48.20941172], [16.37524251, 48.20945604]], [[16.3752112, 48.20928777], [16.37522952, 48.20931105], [16.37530659, 48.20928054], [16.37528397, 48.20925797], [16.37518715, 48.2091527], [16.37511901, 48.20907646], [16.37509801, 48.20905308], [16.37502524, 48.20908296], [16.3750449, 48.20910481], [16.37512139, 48.20919058], [16.37517458, 48.20924542], [16.3752112, 48.20928777]]]]}, "properties": {"id": 24791008, "bauperiode": "1781-1848"}}, {"type": "Feature", "geometry": {"type": "MultiPolygon", "coordinates": [[[[16.37079668, 48.20401703], [16.37079423, 48.20401762], [16.37074884, 48.20393121], [16.37075205, 48.20393037], [16.37079578, 48.20391897], [16.37077127, 48.20387698], [16.37072969, 48.20388784], [16.37072647, 48.20388868], [16.37071974, 48.20387573], [16.37069832, 48.203835], [16.37069118, 48.20382133], [16.37071405, 48.20381548], [16.37076153, 48.20380333], [16.37078631, 48.20384667], [16.37091248, 48.20381443], [16.37089039, 48.20377037], [16.37097038, 48.20375003], [16.37101016, 48.20381818], [16.37095581, 48.20383241], [16.37097858, 48.20387125], [16.37103292, 48.20385711], [16.37107669, 48.20393219], [16.37108262, 48.20394226], [16.37108383, 48.20394361], [16.37101998, 48.20395861], [16.37098409, 48.20396771], [16.37095593, 48.20397516], [16.37095623, 48.20397567], [16.37094952, 48.20397752], [16.37092912, 48.20398318], [16.37092188, 48.20398503], [16.37083373, 48.20400754], [16.37083337, 48.20400763], [16.37083183, 48.20400804], [16.37083136, 48.20400817], [16.37080015, 48.20401618], [16.37079668, 48.20401703]], [[16.37084474, 48.20391059], [16.37085538, 48.20392992], [16.37094685, 48.20390759], [16.37092005, 48.2038585], [16.37084486, 48.20387687], [16.37083825, 48.20386464], [16.37080207, 48.20387346], [16.37082497, 48.20391536], [16.37084474, 48.20391059]]]]}, "properties": {"id": 25869975, "bauperiode": "1884-1918"}}, {"type": "Feature", "geometry": {"type": "Polygon", "coordinates": [[[16.37094685, 48.20390759], [16.37085538, 48.20392992], [16.37084474, 48.20391059], [16.37082497, 48.20391536], [16.37080207, 48.20387346], [16.37083825, 48.20386464], [16.37084486, 48.20387687], [16.37092005, 48.2038585], [16.37094685, 48.20390759]]]}, "properties": {"id": 25869988, "bauperiode": "1884-1918"}}, {"type": "Feature", "geometry": {"type": "Polygon", "coordinates": [[[16.36976236, 48.18634343], [16.36967971, 48.18643572], [16.36962375, 48.18641334], [16.36960575, 48.18643359], [16.369604, 48.18643556], [16.36958705, 48.18642873], [16.36956458, 48.18641966], [16.3695756, 48.18640724], [16.36954049, 48.18639313], [16.36952947, 48.18640546], [16.36944573, 48.18637179], [16.36950066, 48.18631212], [16.36951224, 48.18629933], [16.36956624, 48.18623939], [16.36956715, 48.18623979], [16.36964845, 48.18627252], [16.3696398, 48.18628213], [16.36967505, 48.18629624], [16.36968369, 48.18628663], [16.36968418, 48.18628683], [16.36972306, 48.18630243], [16.3697064, 48.18632105], [16.36976236, 48.18634343]]]}, "properties": {"id": 23245412, "bauperiode": "1884-1918"}}, {"type": "Feature", "geometry": {"type": "MultiPolygon", "coordinates": [[[[16.36819327, 48.18543627], [16.36813226, 48.18550851], [16.36793089, 48.18543221], [16.3679704, 48.18538543], [16.3680126, 48.18533542], [16.36801553, 48.18533652], [16.36808241, 48.18536166], [16.36809437, 48.18534745], [16.36809208, 48.1853461], [16.36808993, 48.18534466], [16.36808805, 48.18534313], [16.3680863, 48.18534143], [16.36808482, 48.18533963], [16.36808361, 48.18533783], [16.36808266, 48.18533585], [16.36808186, 48.18533387], [16.36808145, 48.18533189], [16.36808118, 48.18532992], [16.36808131, 48.18532785], [16.36808158, 48.18532587], [16.36808225, 48.18532389], [16.36808306, 48.18532191], [16.36808427, 48.18532002], [16.36808561, 48.18531822], [16.36808709, 48.18531642], [16.36808897, 48.1853148], [16.36809099, 48.18531337], [16.36809314, 48.18531193], [16.36809556, 48.18531067], [16.36809811, 48.18530959], [16.3681008, 48.1853086], [16.36810363, 48.18530779], [16.36810645, 48.18530716], [16.36810941, 48.1853067], [16.36811237, 48.18530643], [16.36811546, 48.18530634], [16.36813602, 48.18528188], [16.36807963, 48.18526061], [16.3680767, 48.1852595], [16.36815545, 48.18516622], [16.36815666, 48.1851646], [16.36827176, 48.18520805], [16.36829286, 48.18521601], [16.3683583, 48.18524071], [16.3682782, 48.18533553], [16.36819978, 48.18530596], [16.36813581, 48.18538188], [16.36821424, 48.18541145], [16.36820711, 48.1854199], [16.36819327, 48.18543627]], [[16.36816492, 48.18528395], [16.36819413, 48.18529495], [16.36821001, 48.1852761], [16.36818079, 48.1852651], [16.36816492, 48.18528395]], [[16.36806925, 48.18539749], [16.36809846, 48.18540849], [16.36811173, 48.18539273], [16.36808253, 48.18538173], [16.36806925, 48.18539749]]]]}, "properties": {"id": 23247630, "bauperiode": "1884-1918"}}, {"type": "Feature", "geometry": {"type": "MultiPolygon", "coordinates": [[[[16.37894475, 48.19814473], [16.37866289, 48.19825302], [16.37866235, 48.19825275], [16.37857487, 48.19815811], [16.37865633, 48.19812694], [16.37865323, 48.19812568], [16.37865014, 48.19812424], [16.37864731, 48.19812262], [16.37864462, 48.19812091], [16.3786422, 48.19811912], [16.37863991, 48.19811714], [16.37863789, 48.19811507], [16.378636, 48.198113], [16.37863439, 48.19811076], [16.37863304, 48.19810851], [16.37863183, 48.19810617], [16.37863088, 48.19810374], [16.37863034, 48.19810131], [16.37862994, 48.19809889], [16.3786298, 48.19809637], [16.37862993, 48.19809394], [16.37863034, 48.19809151], [16.37863087, 48.19808908], [16.37863181, 48.19808665], [16.37863302, 48.19808432], [16.37863436, 48.19808198], [16.37863598, 48.19807982], [16.37863786, 48.19807766], [16.37863987, 48.19807559], [16.37864142, 48.1980743], [16.37864216, 48.1980737], [16.37864471, 48.1980719], [16.37864727, 48.19807019], [16.37865023, 48.19806857], [16.37865318, 48.19806713], [16.37865628, 48.19806587], [16.3786595, 48.1980647], [16.378663, 48.19806371], [16.37866636, 48.1980629], [16.37867, 48.19806218], [16.37867261, 48.19806185], [16.37867317, 48.19806178], [16.37867363, 48.19806173], [16.37867726, 48.19806137], [16.37868089, 48.19806128], [16.37868466, 48.19806127], [16.37868829, 48.19806145], [16.37869192, 48.19806181], [16.37869555, 48.19806235], [16.37869905, 48.19806307], [16.37870255, 48.19806388], [16.37870591, 48.19806495], [16.37870914, 48.19806612], [16.37872205, 48.19806135], [16.37871128, 48.19804867], [16.37868748, 48.19805741], [16.37867743, 48.19804515], [16.37864007, 48.19799953], [16.37862796, 48.19798476], [16.37865002, 48.19797666], [16.37863992, 48.19796443], [16.37862028, 48.19797164], [16.37861988, 48.19797406], [16.37861935, 48.1979764], [16.37861854, 48.19797874], [16.37861747, 48.19798099], [16.37861612, 48.19798324], [16.37861451, 48.1979854], [16.378614, 48.19798595], [16.37861263, 48.19798747], [16.37861061, 48.19798945], [16.37860846, 48.19799133], [16.37860591, 48.19799313], [16.37860335, 48.19799475], [16.37860053, 48.19799619], [16.37859757, 48.19799763], [16.37859448, 48.1979988], [16.37859125, 48.19799988], [16.37858789, 48.19800079], [16.37858514, 48.19800136], [16.37858459, 48.19800147], [16.37858422, 48.19800154], [16.37858089, 48.19800205], [16.3785774, 48.19800241], [16.37857377, 48.19800259], [16.37857027, 48.19800268], [16.37856664, 48.1980025], [16.37856314, 48.19800214], [16.37855951, 48.19800169], [16.37855614, 48.19800107], [16.37855278, 48.19800017], [16.37854942, 48.19799918], [16.37854632, 48.19799801], [16.37854336, 48.19799675], [16.3785404, 48.19799532], [16.37853771, 48.1979937], [16.37853528, 48.19799199], [16.37853286, 48.1979901], [16.37853247, 48.19798983], [16.37853084, 48.19798822], [16.37852896, 48.19798615], [16.37852721, 48.19798399], [16.37852586, 48.19798183], [16.37852465, 48.19797958], [16.3785237, 48.19797725], [16.37852303, 48.19797491], [16.37852262, 48.19797248], [16.37852249, 48.19797005], [16.37852262, 48.19796771], [16.37852302, 48.19796529], [16.37852356, 48.19796295], [16.3785245, 48.19796061], [16.37843252, 48.19799464], [16.37835456, 48.1979006], [16.37864247, 48.19779536], [16.378704, 48.19786665], [16.37870199, 48.19786738], [16.37871182, 48.19787879], [16.37871316, 48.19787843], [16.37876446, 48.19793741], [16.378765, 48.19793723], [16.37878595, 48.19796142], [16.37880084, 48.1979786], [16.37894475, 48.19814473]], [[16.37866562, 48.1981277], [16.37867329, 48.19813901], [16.37868916, 48.19813418], [16.37868512, 48.19812924], [16.37868314, 48.19812932], [16.37868118, 48.19812934], [16.3786792, 48.19812931], [16.37867722, 48.19812924], [16.37867526, 48.1981291], [16.37867331, 48.19812893], [16.37867135, 48.19812869], [16.37866943, 48.19812841], [16.37866752, 48.19812808], [16.37866562, 48.1981277]], [[16.37874873, 48.19810748], [16.37876583, 48.19812654], [16.3787942, 48.19811519], [16.3787771, 48.19809605], [16.37874873, 48.19810748]], [[16.37857396, 48.19790636], [16.37858837, 48.19792641], [16.37861822, 48.19791678], [16.37860381, 48.19789673], [16.37857396, 48.19790636]]]]}, "properties": {"id": 25900259, "bauperiode": "1884-1918"}}, {"type": "Feature", "geometry": {"type": "Polygon", "coordinates": [[[16.37864216, 48.1980737], [16.37864142, 48.1980743], [16.37863574, 48.19806703], [16.3786008, 48.19806108], [16.3785775, 48.19803286], [16.37858958, 48.19800785], [16.37858459, 48.19800147], [16.37858514, 48.19800136], [16.37858789, 48.19800079], [16.37859125, 48.19799988], [16.37859448, 48.1979988], [16.37859757, 48.19799763], [16.37860053, 48.19799619], [16.37860335, 48.19799475], [16.37860591, 48.19799313], [16.37860846, 48.19799133], [16.37861061, 48.19798945], [16.37861263, 48.19798747], [16.378614, 48.19798595], [16.37862266, 48.19799705], [16.37864007, 48.19799953], [16.37867743, 48.19804515], [16.37866955, 48.19805713], [16.37867317, 48.19806178], [16.37867261, 48.19806185], [16.37867, 48.19806218], [16.37866636, 48.1980629], [16.378663, 48.19806371], [16.3786595, 48.1980647], [16.37865628, 48.19806587], [16.37865318, 48.19806713], [16.37865023, 48.19806857], [16.37864727, 48.19807019], [16.37864471, 48.1980719], [16.37864216, 48.1980737]]]}, "properties": {"id": 25900233, "bauperiode": "1884-1918"}}, {"type": "Feature", "geometry": {"type": "Polygon", "coordinates": [[[16.3795438, 48.21108342], [16.37939002, 48.21110218], [16.3793891, 48.21109866], [16.37938305, 48.2110753], [16.37938187, 48.21107079], [16.37940896, 48.21106737], [16.37941703, 48.21105963], [16.37940366, 48.21100667], [16.37938913, 48.21099849], [16.37936382, 48.21100111], [16.37934277, 48.2109199], [16.37949609, 48.21090004], [16.37952605, 48.21101518], [16.3795438, 48.21108342]]]}, "properties": {"id": 26809204, "bauperiode": "1946-1976"}}, {"type": "Feature", "geometry": {"type": "Polygon", "coordinates": [[[16.37960238, 48.21100719], [16.37952605, 48.21101518], [16.37949609, 48.21090004], [16.37957863, 48.21089081], [16.37958195, 48.21089044], [16.37958235, 48.21089268], [16.3795942, 48.21096042], [16.37959668, 48.21097464], [16.37960238, 48.21100719]]]}, "properties": {"id": 26810380, "bauperiode": "1946-1976"}}, {"type": "Feature", "geometry": {"type": "Polygon", "coordinates": [[[16.36722007, 48.19725787], [16.36720853, 48.19726936], [16.36719875, 48.19726416], [16.36711861, 48.19722154], [16.36712025, 48.19722033], [16.36715233, 48.19719658], [16.36715211, 48.19718751], [16.36713632, 48.19718696], [16.36710846, 48.19717015], [16.3671068, 48.19716471], [16.36709938, 48.19716022], [16.36706315, 48.19718358], [16.36696529, 48.19712038], [16.36701375, 48.19710805], [16.36702281, 48.1971145], [16.36704831, 48.19713266], [16.36708987, 48.19713053], [16.36722089, 48.1971238], [16.36723792, 48.19725692], [16.36722007, 48.19725787]]]}, "properties": {"id": 24149938, "bauperiode": "1884-1918"}}, {"type": "Feature", "geometry": {"type": "Polygon", "coordinates": [[[16.3673309, 48.19730153], [16.36733171, 48.19730769], [16.36730417, 48.19729912], [16.36726415, 48.19728667], [16.36724011, 48.19727919], [16.36723792, 48.19725692], [16.36722089, 48.1971238], [16.36730696, 48.19711938], [16.36730789, 48.19712644], [16.36731246, 48.19716123], [16.36731329, 48.19716751], [16.36731496, 48.19718028], [16.36732645, 48.19726772], [16.3673309, 48.19730153]]]}, "properties": {"id": 24149930, "bauperiode": "1884-1918"}}, {"type": "Feature", "geometry": {"type": "Polygon", "coordinates": [[[16.35127699, 48.21380899], [16.35127271, 48.21389407], [16.35117287, 48.21389165], [16.35117769, 48.21380478], [16.35117675, 48.21380469], [16.35117723, 48.21379601], [16.35117823, 48.21377767], [16.35117862, 48.2137706], [16.35117956, 48.21377051], [16.35117962, 48.21376938], [16.35118425, 48.21368454], [16.35128288, 48.21368704], [16.35127833, 48.21377904], [16.35127699, 48.21380899]]]}, "properties": {"id": 23702962, "bauperiode": "1884-1918"}}, {"type": "Feature", "geometry": {"type": "MultiPolygon", "coordinates": [[[[16.35135587, 48.21389388], [16.35135574, 48.21389613], [16.35134955, 48.21389604], [16.35127271, 48.21389407], [16.35127699, 48.21380899], [16.35127833, 48.21377904], [16.35128288, 48.21368704], [16.35133042, 48.21368821], [16.35136967, 48.21368919], [16.35136955, 48.21369144], [16.3513678, 48.21372363], [16.35143387, 48.21372533], [16.35143574, 48.21369314], [16.35143587, 48.21369089], [16.35153397, 48.21369331], [16.35153196, 48.21372901], [16.35154367, 48.21372928], [16.35155013, 48.21373395], [16.35154758, 48.21377847], [16.35154544, 48.21381768], [16.35146054, 48.21381634], [16.35145772, 48.21385897], [16.35143296, 48.21385834], [16.35135801, 48.21385647], [16.35135587, 48.21389388]], [[16.35137199, 48.21380439], [16.35141761, 48.21380556], [16.35141908, 48.21377795], [16.35137346, 48.21377678], [16.35137199, 48.21380439]], [[16.35132165, 48.21375197], [16.35135583, 48.21375295], [16.35135703, 48.21373335], [16.35132286, 48.21373236], [16.35132165, 48.21375197]]]]}, "properties": {"id": 23702960, "bauperiode": "1884-1918"}}, {"type": "Feature", "geometry": {"type": "Polygon", "coordinates": [[[16.35145642, 48.21387201], [16.35145519, 48.21389856], [16.35145101, 48.21389845], [16.35143082, 48.213898], [16.35143094, 48.21389576], [16.35143296, 48.21385834], [16.35145772, 48.21385897], [16.35146054, 48.21381634], [16.35154544, 48.21381768], [16.35154317, 48.2138577], [16.35153617, 48.21386202], [16.35152446, 48.21386175], [16.35152377, 48.21387359], [16.35145642, 48.21387201]]]}, "properties": {"id": 23710445, "bauperiode": "1884-1918"}}, {"type": "Feature", "geometry": {"type": "Polygon", "coordinates": [[[16.35125012, 48.21430606], [16.35123806, 48.21451166], [16.35113943, 48.21450941], [16.35113887, 48.2145094], [16.35114511, 48.21438889], [16.35114587, 48.21437432], [16.35114944, 48.21430525], [16.35115146, 48.21430516], [16.35115146, 48.21430382], [16.35125012, 48.21430606]]]}, "properties": {"id": 23708440, "bauperiode": "1884-1918"}}, {"type": "Feature", "geometry": {"type": "MultiPolygon", "coordinates": [[[[16.35158821, 48.21444819], [16.35158575, 48.21451977], [16.35148981, 48.21451754], [16.35149328, 48.21444667], [16.35140461, 48.2144447], [16.35140421, 48.21445325], [16.35133101, 48.21445164], [16.3513302, 48.21446882], [16.3512836, 48.21446785], [16.35128148, 48.21451265], [16.35123806, 48.21451166], [16.35125012, 48.21430606], [16.35128757, 48.21430692], [16.35128528, 48.21434281], [16.35135846, 48.21434471], [16.35135628, 48.21437652], [16.35141269, 48.21437803], [16.35141437, 48.21435511], [16.3514156, 48.21435392], [16.35141694, 48.21435276], [16.35141836, 48.21435166], [16.35141983, 48.21435064], [16.3514201, 48.21435046], [16.35142052, 48.21435021], [16.35142148, 48.21434962], [16.35142315, 48.21434869], [16.35142491, 48.21434782], [16.35142673, 48.21434702], [16.35142861, 48.21434629], [16.35143055, 48.21434562], [16.35143254, 48.21434503], [16.35143459, 48.21434452], [16.35143595, 48.21434422], [16.35143666, 48.21434407], [16.35143877, 48.21434371], [16.35144091, 48.21434342], [16.35144309, 48.21434321], [16.35144527, 48.21434309], [16.35144747, 48.21434303], [16.35144967, 48.21434307], [16.35145187, 48.21434318], [16.35145403, 48.21434338], [16.3514562, 48.21434365], [16.35145832, 48.21434401], [16.35146042, 48.21434444], [16.35146248, 48.21434495], [16.3514645, 48.21434555], [16.35146647, 48.2143462], [16.35146836, 48.21434693], [16.35147021, 48.21434773], [16.35147198, 48.2143486], [16.35147443, 48.21431083], [16.35154169, 48.21431222], [16.35153767, 48.21437004], [16.35159082, 48.21437148], [16.35159082, 48.21437173], [16.35158821, 48.21444819]], [[16.35142063, 48.21438848], [16.35146794, 48.21438976], [16.35146963, 48.21435993], [16.35142232, 48.21435865], [16.35142063, 48.21438848]], [[16.3512984, 48.21444832], [16.35129913, 48.21441921], [16.35125529, 48.21441872], [16.35125456, 48.21444784], [16.3512984, 48.21444832]]]]}, "properties": {"id": 23708476, "bauperiode": "1884-1918"}}, {"type": "Feature", "geometry": {"type": "Polygon", "coordinates": [[[16.36917464, 48.20535521], [16.36913536, 48.20537411], [16.36906188, 48.20530622], [16.36905984, 48.20530435], [16.36918561, 48.20526654], [16.36921268, 48.20530682], [16.36922883, 48.20530861], [16.36930683, 48.20527091], [16.36932124, 48.20528431], [16.36919333, 48.20534613], [16.36918108, 48.2053348], [16.36916239, 48.20534389], [16.36917464, 48.20535521]]]}, "properties": {"id": 25450663, "bauperiode": "1860-1883"}}, {"type": "Feature", "geometry": {"type": "MultiPolygon", "coordinates": [[[[16.36928475, 48.20545456], [16.36922221, 48.20548524], [16.3692206, 48.20548344], [16.36921952, 48.20548443], [16.36911223, 48.20538527], [16.36913536, 48.20537411], [16.36917464, 48.20535521], [16.36918137, 48.20536142], [16.36920006, 48.20535233], [16.36919333, 48.20534613], [16.36932124, 48.20528431], [16.36936028, 48.20532036], [16.36938249, 48.20534085], [16.36942853, 48.20538338], [16.36942718, 48.20538428], [16.36942785, 48.20538518], [16.36934541, 48.20542513], [16.36934662, 48.20542594], [16.36934528, 48.20542666], [16.36934622, 48.20542738], [16.36933664, 48.20543192], [16.36931721, 48.20544113], [16.36930654, 48.20544619], [16.36930466, 48.20544484], [16.36928475, 48.20545456]], [[16.36923021, 48.20537327], [16.36923735, 48.20537993], [16.36927232, 48.20536301], [16.36925347, 48.20534566], [16.3692333, 48.20535547], [16.36924487, 48.20536617], [16.36923021, 48.20537327]]]]}, "properties": {"id": 25450646, "bauperiode": "1860-1883"}}, {"type": "Feature", "geometry": {"type": "Polygon", "coordinates": [[[16.37139786, 48.20379027], [16.37120915, 48.20383943], [16.37120268, 48.20382729], [16.37119639, 48.20381548], [16.37118731, 48.20379844], [16.37117466, 48.20377469], [16.37124999, 48.20375506], [16.37124042, 48.20373879], [16.37125737, 48.20373438], [16.37123124, 48.20368951], [16.37131531, 48.20366763], [16.37135866, 48.20373203], [16.37135786, 48.2037312], [16.37135585, 48.20372949], [16.37135369, 48.20372787], [16.37135127, 48.20372634], [16.37134871, 48.203725], [16.37134602, 48.20372374], [16.37134319, 48.20372266], [16.37134023, 48.20372176], [16.37133714, 48.20372104], [16.37133391, 48.20372041], [16.37133068, 48.20371997], [16.37132745, 48.2037197], [16.37132422, 48.2037197], [16.37132086, 48.20371979], [16.37131763, 48.20372006], [16.37127835, 48.20373032], [16.37130731, 48.20378005], [16.37133111, 48.20377392], [16.37133934, 48.20378732], [16.37138671, 48.20377372], [16.37139786, 48.20379027]]]}, "properties": {"id": 25869998, "bauperiode": "1884-1918"}}, {"type": "Feature", "geometry": {"type": "Polygon", "coordinates": [[[16.3714318, 48.20384071], [16.37123689, 48.20389149], [16.37123029, 48.20387918], [16.37121628, 48.20385274], [16.37120915, 48.20383943], [16.37139786, 48.20379027], [16.37142951, 48.2038373], [16.3714318, 48.20384071]]]}, "properties": {"id": 25869992, "bauperiode": "1884-1918"}}, {"type": "Feature", "geometry": {"type": "Polygon", "coordinates": [[[16.37658101, 48.21043909], [16.3765779, 48.21043986], [16.37656874, 48.21042332], [16.37650178, 48.21031426], [16.37647629, 48.21027285], [16.37649724, 48.21026711], [16.37656914, 48.21038441], [16.37661299, 48.21037353], [16.37664107, 48.21042413], [16.37661348, 48.210431], [16.37658101, 48.21043909]]]}, "properties": {"id": 24800005, "bauperiode": "1781-1848"}}, {"type": "Feature", "geometry": {"type": "Polygon", "coordinates": [[[16.3768699, 48.21063189], [16.37669311, 48.21064739], [16.37668133, 48.21062618], [16.37667999, 48.21062375], [16.37667828, 48.21062068], [16.37665757, 48.21058332], [16.37697255, 48.2105557], [16.37698045, 48.21057273], [16.37699999, 48.21062048], [16.37691295, 48.21062811], [16.37690861, 48.21062849], [16.37687363, 48.21063156], [16.3768699, 48.21063189]]]}, "properties": {"id": 24790722, "bauperiode": "1781-1848"}}, {"type": "Feature", "geometry": {"type": "Polygon", "coordinates": [[[16.37688162, 48.21023678], [16.37684682, 48.21025598], [16.37673505, 48.21016551], [16.37676658, 48.21014811], [16.37677143, 48.21015183], [16.37680522, 48.2101779], [16.37683609, 48.21020169], [16.3768618, 48.21022152], [16.37688162, 48.21023678]]]}, "properties": {"id": 24790796, "bauperiode": "1781-1848"}}, {"type": "Feature", "geometry": {"type": "Polygon", "coordinates": [[[16.36825775, 48.21064356], [16.36820217, 48.21066287], [16.36811996, 48.21055722], [16.36817558, 48.21053785], [16.36819532, 48.21056331], [16.3682544, 48.21063924], [16.36825775, 48.21064356]]]}, "properties": {"id": 25406854, "bauperiode": "1884-1918"}}, {"type": "Feature", "geometry": {"type": "MultiPolygon", "coordinates": [[[[16.36822954, 48.21077695], [16.36809405, 48.21082495], [16.36804432, 48.21076137], [16.36803307, 48.21076529], [16.36800682, 48.21073073], [16.36800426, 48.21072736], [16.36800232, 48.21072479], [16.36800004, 48.21072557], [16.36799959, 48.21072513], [16.36799867, 48.21072424], [16.36799726, 48.21072513], [16.36799554, 48.21072571], [16.36799364, 48.21072597], [16.36799176, 48.21072586], [16.36798997, 48.21072542], [16.36798845, 48.21072466], [16.36798727, 48.21072367], [16.36798035, 48.21071506], [16.36797161, 48.21070362], [16.36795415, 48.21068157], [16.36792559, 48.21064523], [16.36791717, 48.21063329], [16.36791052, 48.21062508], [16.36790995, 48.21062393], [16.36790983, 48.21062272], [16.36791014, 48.21062152], [16.36791087, 48.21062041], [16.36791222, 48.21061928], [16.367914, 48.21061847], [16.36791604, 48.21061802], [16.36791559, 48.21061738], [16.36791534, 48.21061702], [16.36791721, 48.21061641], [16.36791512, 48.21061372], [16.36791263, 48.21061053], [16.36788603, 48.21057631], [16.36789727, 48.21057242], [16.36784499, 48.21050521], [16.36805625, 48.2103631], [16.36805508, 48.21036199], [16.36824107, 48.21026391], [16.36835708, 48.21020276], [16.36835796, 48.21020346], [16.36850142, 48.21012829], [16.36850012, 48.21012715], [16.36850154, 48.21012615], [16.36850297, 48.21012518], [16.36850442, 48.21012424], [16.36850589, 48.21012333], [16.36850738, 48.21012245], [16.36850888, 48.21012159], [16.36851043, 48.21012077], [16.36851201, 48.21011996], [16.36851362, 48.21011917], [16.36851527, 48.21011841], [16.36851697, 48.21011767], [16.36851872, 48.21011693], [16.36852051, 48.21011622], [16.36852236, 48.21011552], [16.36852427, 48.21011483], [16.36852719, 48.21011384], [16.3685301, 48.21011292], [16.36853303, 48.21011208], [16.36853595, 48.21011131], [16.36853887, 48.21011061], [16.3685418, 48.21010998], [16.36854473, 48.21010941], [16.36854767, 48.2101089], [16.36855061, 48.21010846], [16.36855355, 48.21010807], [16.36855648, 48.21010775], [16.36855943, 48.21010747], [16.36856237, 48.21010725], [16.36856531, 48.21010708], [16.36856825, 48.21010696], [16.36857125, 48.2101069], [16.36857424, 48.2101069], [16.36857725, 48.21010697], [16.36858025, 48.21010711], [16.36858327, 48.21010733], [16.36858628, 48.21010762], [16.3685893, 48.21010797], [16.36859231, 48.21010842], [16.36859532, 48.21010894], [16.36859833, 48.21010955], [16.36860134, 48.21011025], [16.36860434, 48.21011103], [16.36860734, 48.2101119], [16.36861034, 48.21011286], [16.36861333, 48.21011391], [16.36861613, 48.21011498], [16.36861882, 48.21011609], [16.36862139, 48.21011721], [16.36862387, 48.21011837], [16.36862624, 48.21011957], [16.36862851, 48.21012081], [16.36863072, 48.21012207], [16.36863283, 48.21012339], [16.36863489, 48.21012474], [16.36863687, 48.21012615], [16.36863881, 48.21012759], [16.36864069, 48.21012909], [16.36864255, 48.21013065], [16.36864436, 48.21013226], [16.36864615, 48.21013392], [16.36864732, 48.21013505], [16.36864845, 48.2101362], [16.36864954, 48.21013733], [16.3686506, 48.21013847], [16.36865161, 48.21013961], [16.36865258, 48.21014076], [16.36865352, 48.21014192], [16.36865443, 48.21014309], [16.36865529, 48.21014427], [16.36865611, 48.21014546], [16.36865689, 48.21014667], [16.36865765, 48.21014788], [16.36865836, 48.21014913], [16.36865903, 48.21015038], [16.36865967, 48.21015166], [16.36865812, 48.21015214], [16.36873467, 48.2102645], [16.36873683, 48.21026396], [16.36880957, 48.2103707], [16.36887563, 48.21046598], [16.36887365, 48.21046661], [16.36890963, 48.2105184], [16.36893392, 48.21055337], [16.36893773, 48.21055871], [16.36894783, 48.21057333], [16.36895071, 48.21057761], [16.36895527, 48.21058421], [16.36885922, 48.21061392], [16.36889045, 48.21066391], [16.36879769, 48.21068976], [16.36879516, 48.2106864], [16.36874247, 48.21061649], [16.36873845, 48.21061117], [16.36872347, 48.21061646], [16.36871292, 48.21062017], [16.36867013, 48.21056594], [16.36859984, 48.21058997], [16.36855212, 48.21052734], [16.36847689, 48.21042861], [16.36842765, 48.21036398], [16.36843852, 48.2103602], [16.36839768, 48.21030839], [16.36820233, 48.21041246], [16.36819877, 48.21041436], [16.36814712, 48.21044135], [16.36814575, 48.21044206], [16.36811403, 48.21045872], [16.36812507, 48.21047301], [16.36817355, 48.21053524], [16.36817558, 48.21053785], [16.36811996, 48.21055722], [16.36820217, 48.21066287], [16.36825775, 48.21064356], [16.3682841, 48.2106344], [16.36829808, 48.21065236], [16.36826989, 48.21066216], [16.36827402, 48.21066747], [16.36815319, 48.21070946], [16.36819064, 48.21075757], [16.36820934, 48.21075106], [16.36822954, 48.21077695]], [[16.36807051, 48.21051571], [16.36809265, 48.21054413], [16.36813359, 48.21052988], [16.36811145, 48.21050146], [16.36807051, 48.21051571]]]]}, "properties": {"id": 25406976, "bauperiode": "1884-1918"}}, {"type": "Feature", "geometry": {"type": "Polygon", "coordinates": [[[16.36823559, 48.21051464], [16.36820936, 48.21052335], [16.36814575, 48.21044206], [16.36814712, 48.21044135], [16.36819877, 48.21041436], [16.36820233, 48.21041246], [16.36822167, 48.21043564], [16.36842765, 48.21036398], [16.36847689, 48.21042861], [16.36823388, 48.21051244], [16.36823559, 48.21051464]]]}, "properties": {"id": 25408599, "bauperiode": "1884-1918"}}, {"type": "Feature", "geometry": {"type": "Polygon", "coordinates": [[[16.36855212, 48.21052734], [16.36831166, 48.21061249], [16.36825807, 48.21054354], [16.36819532, 48.21056331], [16.36817558, 48.21053785], [16.36817355, 48.21053524], [16.36820936, 48.21052335], [16.36823559, 48.21051464], [16.36823388, 48.21051244], [16.36847689, 48.21042861], [16.36855212, 48.21052734]]]}, "properties": {"id": 25408607, "bauperiode": "1884-1918"}}, {"type": "Feature", "geometry": {"type": "Polygon", "coordinates": [[[16.36859984, 48.21058997], [16.36833224, 48.21068151], [16.36828542, 48.21062151], [16.36831166, 48.21061249], [16.36855212, 48.21052734], [16.36859984, 48.21058997]]]}, "properties": {"id": 25408613, "bauperiode": "1884-1918"}}, {"type": "Feature", "geometry": {"type": "Polygon", "coordinates": [[[16.36826661, 48.21063516], [16.3682544, 48.21063924], [16.36819532, 48.21056331], [16.36825807, 48.21054354], [16.36831166, 48.21061249], [16.36828542, 48.21062151], [16.36826228, 48.21062937], [16.36826661, 48.21063516]]]}, "properties": {"id": 25408173, "bauperiode": "1884-1918"}}, {"type": "Feature", "geometry": {"type": "Polygon", "coordinates": [[[16.36872403, 48.21062763], [16.36829858, 48.21077658], [16.36826396, 48.21073207], [16.36830095, 48.21071664], [16.36831882, 48.21073998], [16.36835811, 48.21072653], [16.36834026, 48.2107032], [16.36832317, 48.21068461], [16.3683312, 48.21068187], [16.36833224, 48.21068151], [16.36859984, 48.21058997], [16.36867013, 48.21056594], [16.36871292, 48.21062017], [16.36872347, 48.21061646], [16.36872704, 48.21062125], [16.36872403, 48.21062763]]]}, "properties": {"id": 25408623, "bauperiode": "1884-1918"}}, {"type": "Feature", "geometry": {"type": "Polygon", "coordinates": [[[16.36820934, 48.21075106], [16.36819064, 48.21075757], [16.36815319, 48.21070946], [16.36827402, 48.21066747], [16.36828932, 48.21068713], [16.36831751, 48.21067733], [16.36832317, 48.21068461], [16.36834026, 48.2107032], [16.36830095, 48.21071664], [16.36826396, 48.21073207], [16.36820934, 48.21075106]]]}, "properties": {"id": 25406857, "bauperiode": "1884-1918"}}, {"type": "Feature", "geometry": {"type": "Polygon", "coordinates": [[[16.36842765, 48.21036398], [16.36822167, 48.21043564], [16.36820233, 48.21041246], [16.36839768, 48.21030839], [16.36843852, 48.2103602], [16.36842765, 48.21036398]]]}, "properties": {"id": 25406969, "bauperiode": "1884-1918"}}, {"type": "Feature", "geometry": {"type": "Polygon", "coordinates": [[[16.35209542, 48.20699625], [16.35208641, 48.20702656], [16.3519309, 48.20700231], [16.35193367, 48.20699339], [16.35194315, 48.20696273], [16.35194526, 48.20695592], [16.35194376, 48.20695533], [16.35195112, 48.20693119], [16.35195478, 48.20693132], [16.35195558, 48.20692799], [16.35195838, 48.20691643], [16.35195904, 48.2069137], [16.35195636, 48.20691284], [16.35196349, 48.20688843], [16.35196569, 48.2068883], [16.35196765, 48.20688172], [16.35197683, 48.20685094], [16.35197945, 48.20684204], [16.35210937, 48.20685928], [16.35212711, 48.20686164], [16.35213386, 48.20686253], [16.35212472, 48.20689606], [16.35210131, 48.20689301], [16.35209628, 48.20690795], [16.35209565, 48.20690934], [16.35203939, 48.20690194], [16.35201936, 48.20697346], [16.35208196, 48.20698213], [16.35208376, 48.20698264], [16.35208547, 48.20698325], [16.3520871, 48.20698397], [16.35208862, 48.20698479], [16.35209001, 48.2069857], [16.35209127, 48.2069867], [16.35209237, 48.20698777], [16.3520933, 48.20698888], [16.35209407, 48.20699004], [16.35209469, 48.20699123], [16.35209513, 48.20699246], [16.3520954, 48.20699372], [16.3520955, 48.20699498], [16.35209542, 48.20699625]]]}, "properties": {"id": 23600782, "bauperiode": "1919-1945"}}, {"type": "Feature", "geometry": {"type": "Polygon", "coordinates": [[[16.35219176, 48.2069394], [16.35218967, 48.20693941], [16.3521876, 48.20693931], [16.35218554, 48.20693911], [16.35218351, 48.20693881], [16.35218158, 48.20693834], [16.35218104, 48.20693827], [16.35217958, 48.20693789], [16.35217771, 48.2069373], [16.35217591, 48.2069366], [16.35217419, 48.20693581], [16.35217256, 48.20693495], [16.35217104, 48.20693401], [16.35216962, 48.20693299], [16.35216835, 48.20693191], [16.35216718, 48.20693077], [16.35216614, 48.20692956], [16.35216525, 48.20692832], [16.3521645, 48.20692703], [16.35216388, 48.20692571], [16.35216343, 48.20692436], [16.35216312, 48.20692299], [16.35216297, 48.20692162], [16.35216297, 48.20692023], [16.35214342, 48.20691755], [16.35211448, 48.20691373], [16.35211331, 48.20691273], [16.35211193, 48.20691175], [16.3521103, 48.20691081], [16.35210855, 48.20691], [16.35210667, 48.20690931], [16.3521047, 48.20690875], [16.35210266, 48.20690833], [16.35210056, 48.20690806], [16.35209842, 48.20690793], [16.35209628, 48.20690795], [16.35210131, 48.20689301], [16.35212472, 48.20689606], [16.35213386, 48.20686253], [16.35213507, 48.2068627], [16.35216133, 48.20686616], [16.35216404, 48.20685698], [16.35220562, 48.20686246], [16.35219176, 48.2069394]]]}, "properties": {"id": 23599057, "bauperiode": "1919-1945"}}, {"type": "Feature", "geometry": {"type": "Polygon", "coordinates": [[[16.35218361, 48.2069834], [16.3521727, 48.20703999], [16.35216432, 48.20703869], [16.35208641, 48.20702656], [16.35209542, 48.20699625], [16.3520955, 48.20699498], [16.3520954, 48.20699372], [16.35209513, 48.20699246], [16.35209469, 48.20699123], [16.35209407, 48.20699004], [16.3520933, 48.20698888], [16.35209237, 48.20698777], [16.35209127, 48.2069867], [16.35209001, 48.2069857], [16.35208862, 48.20698479], [16.3520871, 48.20698397], [16.35208547, 48.20698325], [16.35208376, 48.20698264], [16.35208196, 48.20698213], [16.35208993, 48.20695524], [16.35213187, 48.20695973], [16.35218703, 48.20696566], [16.35218361, 48.2069834]]]}, "properties": {"id": 23599069, "bauperiode": "1919-1945"}}, {"type": "Feature", "geometry": {"type": "MultiPolygon", "coordinates": [[[[16.3689773, 48.20560501], [16.36894932, 48.20561851], [16.36894851, 48.20561842], [16.36893828, 48.20560988], [16.36893385, 48.20561231], [16.36893317, 48.20561276], [16.36876789, 48.20547533], [16.36874739, 48.20545828], [16.36858198, 48.20532076], [16.36858749, 48.20531698], [16.36858725, 48.20531678], [16.36857928, 48.20531024], [16.36857895, 48.20530939], [16.36857847, 48.20530781], [16.36857828, 48.20530679], [16.3685782, 48.20530592], [16.36857363, 48.20530511], [16.36857578, 48.20530107], [16.36857914, 48.20530187], [16.36858251, 48.2053025], [16.368586, 48.20530295], [16.3685895, 48.20530322], [16.368593, 48.20530331], [16.3685965, 48.20530331], [16.36860013, 48.20530304], [16.36860349, 48.20530268], [16.36860699, 48.20530214], [16.36861035, 48.20530133], [16.36861358, 48.20530043], [16.36861681, 48.20529944], [16.36861977, 48.20529818], [16.36862273, 48.20529683], [16.36862542, 48.20529539], [16.36862797, 48.20529377], [16.3686304, 48.20529206], [16.36863268, 48.20529017], [16.36863456, 48.20528819], [16.36863645, 48.20528621], [16.36863792, 48.20528405], [16.36863927, 48.20528189], [16.36864034, 48.20527964], [16.36864115, 48.2052773], [16.36864169, 48.20527497], [16.36864195, 48.20527263], [16.36864209, 48.20527029], [16.36864182, 48.20526786], [16.36864141, 48.20526552], [16.3686406, 48.20526328], [16.36863966, 48.20526094], [16.36863845, 48.20525878], [16.36863696, 48.20525662], [16.36863535, 48.20525455], [16.36863346, 48.20525258], [16.36863131, 48.20525069], [16.36862902, 48.20524889], [16.36862647, 48.20524718], [16.36862377, 48.20524565], [16.36862095, 48.20524422], [16.36861799, 48.20524296], [16.36861489, 48.20524188], [16.36861166, 48.20524089], [16.36860493, 48.20523945], [16.36860144, 48.20523901], [16.36859794, 48.20523874], [16.36859942, 48.20523424], [16.36860372, 48.20523469], [16.36860433, 48.20523405], [16.36860533, 48.20523316], [16.3686065, 48.20523231], [16.36860735, 48.20523181], [16.36860641, 48.20523001], [16.36889082, 48.20514858], [16.36891558, 48.20514148], [16.368923, 48.20513936], [16.36892344, 48.20514009], [16.36899038, 48.20524267], [16.36899349, 48.20524743], [16.3689008, 48.20527453], [16.368872, 48.20525062], [16.36880421, 48.20528706], [16.36887865, 48.20534909], [16.36894657, 48.20531256], [16.36895518, 48.20530797], [16.36895814, 48.20531031], [16.36900364, 48.20534816], [16.36904425, 48.20532639], [16.36904694, 48.20532494], [16.36911223, 48.20538527], [16.36921952, 48.20548443], [16.36922181, 48.20548677], [16.36921939, 48.20548794], [16.36918213, 48.20550594], [16.36904495, 48.20557226], [16.36902746, 48.20558072], [16.36901294, 48.20558774], [16.36900352, 48.20559232], [16.3689773, 48.20560501]], [[16.36901974, 48.20550077], [16.36902728, 48.20550769], [16.36905216, 48.20549563], [16.36904463, 48.20548871], [16.36901974, 48.20550077]], [[16.36890831, 48.20544145], [16.36888839, 48.20542481], [16.36887695, 48.20543093], [16.36889688, 48.20544756], [16.36890831, 48.20544145]], [[16.36894694, 48.20536925], [16.36891637, 48.20534387], [16.36885611, 48.2053763], [16.36888668, 48.20540168], [16.36894694, 48.20536925]], [[16.36893626, 48.20539692], [16.36901084, 48.20545895], [16.36907862, 48.20542251], [16.36900418, 48.20536048], [16.36893626, 48.20539692]]]]}, "properties": {"id": 25452050, "bauperiode": "1884-1918"}}, {"type": "Feature", "geometry": {"type": "Polygon", "coordinates": [[[16.37017799, 48.20612618], [16.3700468, 48.20615725], [16.37004602, 48.20615554], [16.37002204, 48.20610096], [16.37002688, 48.20609978], [16.37002472, 48.20609313], [16.37002794, 48.20609237], [16.37009252, 48.2060771], [16.37008188, 48.20605705], [16.37014939, 48.20604109], [16.37018719, 48.20603216], [16.37028836, 48.20600825], [16.37028904, 48.20600951], [16.37029321, 48.20600842], [16.37029509, 48.20601247], [16.37029012, 48.20601337], [16.37029685, 48.20602641], [16.3703011, 48.20602547], [16.3703039, 48.20602945], [16.37030015, 48.20603033], [16.37034517, 48.20611313], [16.37019141, 48.20615009], [16.37017799, 48.20612618]]]}, "properties": {"id": 25450571, "bauperiode": "1884-1918"}}, {"type": "Feature", "geometry": {"type": "MultiPolygon", "coordinates": [[[[16.37659676, 48.20739538], [16.37637631, 48.20748512], [16.37636999, 48.2074773], [16.37634629, 48.20745905], [16.37628153, 48.20739927], [16.37629095, 48.20739549], [16.37633829, 48.2073765], [16.37634826, 48.20738774], [16.37636251, 48.20738206], [16.37638135, 48.20738557], [16.37638605, 48.20737414], [16.3763699, 48.20737118], [16.37635132, 48.20735023], [16.37634957, 48.20734825], [16.37640389, 48.20733059], [16.37643731, 48.20736909], [16.37652083, 48.20733659], [16.37651545, 48.20733039], [16.37657463, 48.20730735], [16.37655432, 48.20728405], [16.37655268, 48.20728217], [16.37661616, 48.20726147], [16.37669377, 48.20723617], [16.37669458, 48.20723743], [16.37669647, 48.20723662], [16.37671636, 48.20725907], [16.37672628, 48.20727027], [16.3768252, 48.2073819], [16.37678673, 48.20739532], [16.37667289, 48.20743495], [16.37666703, 48.207437], [16.37665815, 48.20744024], [16.37661802, 48.20739537], [16.37661236, 48.20738908], [16.37659676, 48.20739538]], [[16.37660103, 48.2073497], [16.37662163, 48.20737298], [16.37668579, 48.2073476], [16.37666519, 48.20732431], [16.37660103, 48.2073497]]]]}, "properties": {"id": 24714460, "bauperiode": "1884-1918"}}, {"type": "Feature", "geometry": {"type": "Polygon", "coordinates": [[[16.37651084, 48.20749346], [16.37641187, 48.20752918], [16.37637631, 48.20748512], [16.37659676, 48.20739538], [16.37661236, 48.20738908], [16.37661802, 48.20739537], [16.37665815, 48.20744024], [16.37663717, 48.20744771], [16.37660776, 48.20745834], [16.37651084, 48.20749346]]]}, "properties": {"id": 24714463, "bauperiode": "1884-1918"}}, {"type": "Feature", "geometry": {"type": "Polygon", "coordinates": [[[16.37457371, 48.20683732], [16.37457107, 48.20683858], [16.37446634, 48.20675121], [16.37445961, 48.20674554], [16.37446222, 48.20674415], [16.37448597, 48.20673142], [16.37446847, 48.20671667], [16.37444461, 48.20672932], [16.37444198, 48.20673071], [16.37438866, 48.20667542], [16.37435001, 48.20663532], [16.37430181, 48.20658543], [16.37430638, 48.20658309], [16.37433974, 48.20656662], [16.37434175, 48.20656563], [16.37437874, 48.20654727], [16.37437901, 48.2065488], [16.37441711, 48.20658422], [16.37448245, 48.20664506], [16.37449261, 48.20665452], [16.37464922, 48.20680138], [16.37463165, 48.20680974], [16.37457371, 48.20683732]]]}, "properties": {"id": 24712289, "bauperiode": "1781-1848"}}, {"type": "Feature", "geometry": {"type": "Polygon", "coordinates": [[[16.36671527, 48.20258445], [16.36670445, 48.2025868], [16.36668498, 48.20254831], [16.36666778, 48.20251341], [16.36677602, 48.2024892], [16.36679556, 48.20252824], [16.36680764, 48.20255239], [16.36681279, 48.20256266], [16.36677122, 48.20257194], [16.36675615, 48.20256609], [16.3667197, 48.20257429], [16.36671527, 48.20258445]]]}, "properties": {"id": 24254088, "bauperiode": "1884-1918"}}, {"type": "Feature", "geometry": {"type": "Polygon", "coordinates": [[[16.36691125, 48.20260453], [16.3667333, 48.2026438], [16.36671555, 48.20260873], [16.36682424, 48.20258433], [16.36681279, 48.20256266], [16.36680764, 48.20255239], [16.36688818, 48.20257083], [16.36689928, 48.20256857], [16.36689439, 48.20255956], [16.36692901, 48.2025525], [16.36694371, 48.20258473], [16.36690575, 48.20259247], [16.36691125, 48.20260453]]]}, "properties": {"id": 24251355, "bauperiode": "1884-1918"}}, {"type": "Feature", "geometry": {"type": "Polygon", "coordinates": [[[16.36702971, 48.20265892], [16.36677023, 48.20271736], [16.36676909, 48.20271454], [16.3667333, 48.2026438], [16.36691125, 48.20260453], [16.36702979, 48.20257835], [16.36704947, 48.20257401], [16.36705361, 48.20258211], [16.36708499, 48.20264362], [16.36708516, 48.20264424], [16.36708526, 48.20264461], [16.36708526, 48.20264497], [16.36707857, 48.2026465], [16.36706779, 48.20262536], [16.36703907, 48.20263196], [16.36705009, 48.20265304], [16.36702917, 48.20265784], [16.36702971, 48.20265892]]]}, "properties": {"id": 24254110, "bauperiode": "1884-1918"}}, {"type": "Feature", "geometry": {"type": "Polygon", "coordinates": [[[16.36704947, 48.20257401], [16.36702979, 48.20257835], [16.36701042, 48.20253591], [16.36694885, 48.20254846], [16.36693704, 48.20252257], [16.36689919, 48.20253029], [16.36688928, 48.20250886], [16.36686202, 48.2025145], [16.36685866, 48.20250722], [16.36682647, 48.20251388], [16.36682984, 48.20252115], [16.36679556, 48.20252824], [16.36677602, 48.2024892], [16.36678368, 48.20248748], [16.3669049, 48.20246035], [16.36694537, 48.20245129], [16.36694645, 48.20245342], [16.3669785, 48.20251639], [16.36701584, 48.20250804], [16.36702977, 48.20253535], [16.36704947, 48.20257401]]]}, "properties": {"id": 24251370, "bauperiode": "1884-1918"}}, {"type": "Feature", "geometry": {"type": "Polygon", "coordinates": [[[16.36689928, 48.20256857], [16.36688818, 48.20257083], [16.36680764, 48.20255239], [16.36679556, 48.20252824], [16.36682984, 48.20252115], [16.36682647, 48.20251388], [16.36685866, 48.20250722], [16.36686202, 48.2025145], [16.36688928, 48.20250886], [16.36689919, 48.20253029], [16.36693704, 48.20252257], [16.36694885, 48.20254846], [16.36692901, 48.2025525], [16.36689439, 48.20255956], [16.36689928, 48.20256857]]]}, "properties": {"id": 24251537, "bauperiode": "1884-1918"}}, {"type": "Feature", "geometry": {"type": "MultiPolygon", "coordinates": [[[[16.38161625, 48.21072459], [16.38161571, 48.21072558], [16.3814753, 48.21068339], [16.38144553, 48.21067444], [16.38138167, 48.21065526], [16.38138073, 48.21065634], [16.38136917, 48.21065281], [16.38131639, 48.21063667], [16.3813251, 48.21058999], [16.38132604, 48.21059026], [16.38134746, 48.21046812], [16.38150974, 48.21047948], [16.38150063, 48.210524], [16.38161933, 48.21055966], [16.38162674, 48.2105619], [16.38159878, 48.21060121], [16.381651, 48.21061558], [16.38168612, 48.2106259], [16.38161625, 48.21072459]], [[16.38145173, 48.21061278], [16.38153383, 48.21063739], [16.38156272, 48.21059439], [16.38155921, 48.21058432], [16.38149461, 48.21056492], [16.38148062, 48.21056978], [16.38145173, 48.21061278]]]]}, "properties": {"id": 24792089, "bauperiode": "1884-1918"}}, {"type": "Feature", "geometry": {"type": "Polygon", "coordinates": [[[16.38156272, 48.21059439], [16.38153383, 48.21063739], [16.38145173, 48.21061278], [16.38148062, 48.21056978], [16.38149461, 48.21056492], [16.38155921, 48.21058432], [16.38156272, 48.21059439]]]}, "properties": {"id": 24792102, "bauperiode": "1884-1918"}}, {"type": "Feature", "geometry": {"type": "Polygon", "coordinates": [[[16.38167573, 48.21057816], [16.381651, 48.21061558], [16.38159878, 48.21060121], [16.38162674, 48.2105619], [16.38161933, 48.21055966], [16.38163223, 48.21053852], [16.38165187, 48.21053356], [16.38167419, 48.21049714], [16.38167552, 48.21049497], [16.3817436, 48.21049926], [16.38177428, 48.21050123], [16.38171207, 48.21058912], [16.38167573, 48.21057816]]]}, "properties": {"id": 24792108, "bauperiode": "1884-1918"}}, {"type": "Feature", "geometry": {"type": "Polygon", "coordinates": [[[16.36778735, 48.18558055], [16.36777082, 48.18559764], [16.36763563, 48.1855385], [16.36763744, 48.18553664], [16.36769423, 48.1854785], [16.36765172, 48.18545999], [16.36766212, 48.18544924], [16.36763574, 48.18543773], [16.36762535, 48.18544848], [16.36758446, 48.1854306], [16.36752868, 48.18548781], [16.36752776, 48.18548872], [16.36752586, 48.1854906], [16.36738916, 48.18543083], [16.36738949, 48.18543047], [16.36738765, 48.18542966], [16.36742364, 48.1853929], [16.36746381, 48.18541057], [16.36749701, 48.18537657], [16.36745675, 48.1853591], [16.36745866, 48.18535715], [16.36753299, 48.18528123], [16.36753555, 48.1852824], [16.36765069, 48.18532599], [16.36767692, 48.18533596], [16.3676272, 48.18538697], [16.36766809, 48.18540476], [16.36767845, 48.18540413], [16.36769122, 48.1854097], [16.36769446, 48.18541627], [16.36773683, 48.18543487], [16.36779113, 48.18537928], [16.36793089, 48.18543221], [16.36778735, 48.18558055]]]}, "properties": {"id": 23245642, "bauperiode": "1884-1918"}}, {"type": "Feature", "geometry": {"type": "Polygon", "coordinates": [[[16.36744365, 48.18593571], [16.36742519, 48.1859386], [16.36726874, 48.18587504], [16.36724605, 48.18586582], [16.36723977, 48.18586327], [16.36732444, 48.18577655], [16.36732737, 48.18577775], [16.36736775, 48.18579425], [16.3673812, 48.18579074], [16.36737945, 48.18578885], [16.36737797, 48.18578688], [16.36737676, 48.18578481], [16.36737568, 48.18578274], [16.36737487, 48.18578058], [16.36737433, 48.18577833], [16.36737406, 48.18577618], [16.36737406, 48.18577393], [16.36737433, 48.18577168], [16.36737473, 48.18576952], [16.36737554, 48.18576736], [16.36737648, 48.1857652], [16.36737782, 48.18576313], [16.3673793, 48.18576116], [16.36738105, 48.18575927], [16.36738293, 48.18575747], [16.36738508, 48.18575576], [16.36738736, 48.18575414], [16.36738992, 48.1857527], [16.36739261, 48.18575135], [16.36739543, 48.18575018], [16.36739839, 48.1857491], [16.36740135, 48.18574829], [16.36740457, 48.18574757], [16.3674078, 48.18574703], [16.36741103, 48.18574667], [16.36741439, 48.1857464], [16.36741775, 48.1857464], [16.36742098, 48.18574657], [16.36742434, 48.18574684], [16.36742757, 48.18574738], [16.3674308, 48.18574801], [16.36743389, 48.18574882], [16.36743685, 48.18574981], [16.36743968, 48.18575098], [16.36744586, 48.18574459], [16.36749613, 48.18569268], [16.36762446, 48.18574886], [16.36762029, 48.18575327], [16.36759126, 48.18578322], [16.36759826, 48.18579698], [16.36757985, 48.18581614], [16.36755807, 48.1858174], [16.3675082, 48.18586904], [16.3675152, 48.1858828], [16.36749679, 48.18590196], [16.36747501, 48.18590322], [16.36744365, 48.18593571]]]}, "properties": {"id": 23245551, "bauperiode": "1884-1918"}}, {"type": "Feature", "geometry": {"type": "Polygon", "coordinates": [[[16.3583306, 48.18944637], [16.35831291, 48.1894689], [16.35826786, 48.18945102], [16.35828528, 48.18943041], [16.35827236, 48.1894257], [16.35828197, 48.1894139], [16.3582847, 48.18941055], [16.35825703, 48.18940046], [16.3582552, 48.18940271], [16.35819702, 48.18938143], [16.35819239, 48.18937974], [16.35821874, 48.18935123], [16.35827199, 48.18929339], [16.35827372, 48.1892915], [16.35828438, 48.18929491], [16.35831739, 48.18930654], [16.3583238, 48.1893088], [16.35832322, 48.18930943], [16.35835262, 48.18932013], [16.35838377, 48.18933148], [16.35840272, 48.1893384], [16.35851209, 48.18937824], [16.35851114, 48.18937932], [16.35851222, 48.1893795], [16.35847604, 48.18941386], [16.35846581, 48.18942359], [16.35845391, 48.18943487], [16.35842287, 48.18946434], [16.35835736, 48.1894407], [16.35834728, 48.1894515], [16.3583306, 48.18944637]]]}, "properties": {"id": 19282380, "bauperiode": "1884-1918"}}, {"type": "Feature", "geometry": {"type": "Polygon", "coordinates": [[[16.36985622, 48.20660822], [16.36977659, 48.20664071], [16.36974562, 48.20659674], [16.36975623, 48.2065757], [16.36984299, 48.20654123], [16.3698411, 48.20653871], [16.36985837, 48.20653201], [16.36987715, 48.20652473], [16.36988428, 48.20652197], [16.36996525, 48.20649065], [16.3700095, 48.20647346], [16.37001152, 48.20647589], [16.37007668, 48.2064504], [16.37010608, 48.2064389], [16.37010936, 48.20643847], [16.37011269, 48.20643841], [16.370116, 48.20643869], [16.37011762, 48.20643897], [16.3701192, 48.20643933], [16.3701222, 48.20644029], [16.37012494, 48.20644157], [16.37012734, 48.20644312], [16.37014142, 48.20646291], [16.37016841, 48.20650084], [16.3701286, 48.20651227], [16.37001804, 48.20654398], [16.37000336, 48.20654819], [16.37000187, 48.20654613], [16.36998882, 48.20652805], [16.36996461, 48.20653588], [16.36997879, 48.20655556], [16.36998023, 48.20655755], [16.36994808, 48.20657078], [16.36991873, 48.20653734], [16.3698578, 48.20656128], [16.3698788, 48.20658519], [16.36990759, 48.20657385], [16.36991338, 48.20657682], [16.36992844, 48.20657879], [16.36985622, 48.20660822]]]}, "properties": {"id": 25451497, "bauperiode": "1884-1918"}}, {"type": "Feature", "geometry": {"type": "MultiPolygon", "coordinates": [[[[16.36501966, 48.21159406], [16.36501653, 48.21159528], [16.36501548, 48.21159398], [16.3649504, 48.21151311], [16.36495552, 48.21151068], [16.36494845, 48.21150349], [16.36494636, 48.21150448], [16.364936, 48.21150214], [16.36492833, 48.21149234], [16.36493195, 48.21148389], [16.36494769, 48.21147876], [16.36495725, 48.21147866], [16.36493852, 48.21146446], [16.3649375, 48.21146477], [16.36490569, 48.21143956], [16.36490227, 48.2114368], [16.36489831, 48.2114344], [16.36489735, 48.21143389], [16.36489391, 48.21143236], [16.36488914, 48.21143075], [16.3647629, 48.21138006], [16.36474069, 48.21137152], [16.36465497, 48.21134303], [16.36465537, 48.21134249], [16.36465308, 48.21134177], [16.36465348, 48.21134069], [16.36465227, 48.21134051], [16.36477582, 48.21114947], [16.36477744, 48.21114983], [16.3647898, 48.21113067], [16.36478429, 48.21112896], [16.36479441, 48.21111338], [16.36480662, 48.21109459], [16.36481655, 48.21107931], [16.36482193, 48.21108102], [16.36483497, 48.21106096], [16.36483376, 48.21106042], [16.36493472, 48.21090472], [16.36494176, 48.21090676], [16.36501779, 48.21096564], [16.36504604, 48.21098751], [16.36500268, 48.21101151], [16.36498189, 48.21102356], [16.36498281, 48.21102485], [16.36498359, 48.21102616], [16.36498425, 48.21102751], [16.36498478, 48.21102889], [16.36498517, 48.21103028], [16.36498543, 48.21103169], [16.36498555, 48.21103311], [16.36498553, 48.21103453], [16.36498539, 48.21103595], [16.3649851, 48.21103735], [16.36498469, 48.21103873], [16.36498414, 48.21104009], [16.36498345, 48.21104143], [16.36498265, 48.21104274], [16.36498172, 48.211044], [16.36498067, 48.21104524], [16.36497951, 48.21104641], [16.36497823, 48.21104754], [16.36501296, 48.21107512], [16.36502033, 48.21107769], [16.36505864, 48.21105684], [16.36510215, 48.21103304], [16.36513514, 48.21105985], [16.36527693, 48.21098692], [16.36535825, 48.2110709], [16.3653545, 48.21107272], [16.36526154, 48.21111769], [16.36527357, 48.21112847], [16.36530469, 48.21115632], [16.36530628, 48.21115774], [16.36538054, 48.21122423], [16.3654074, 48.21121271], [16.36537621, 48.21118043], [16.36537621, 48.21117773], [16.36543647, 48.21115173], [16.36560947, 48.21133047], [16.36559733, 48.21133564], [16.36556788, 48.21134819], [16.36556428, 48.21134973], [16.36556724, 48.21135251], [16.36546568, 48.21139975], [16.36546002, 48.21139445], [16.36537447, 48.21143476], [16.36537393, 48.21143458], [16.36534488, 48.21144754], [16.36534994, 48.21145289], [16.36534184, 48.21145645], [16.36533835, 48.21145322], [16.3653357, 48.21145434], [16.3653302, 48.21145387], [16.36529775, 48.21146842], [16.365297, 48.21147253], [16.36529455, 48.21147367], [16.36529796, 48.21147695], [16.3652899, 48.21148063], [16.36528459, 48.21147591], [16.36525616, 48.21148962], [16.36525663, 48.21149006], [16.36524071, 48.21149675], [16.3652392, 48.21149515], [16.36521407, 48.21150585], [16.36521581, 48.21150767], [16.36519901, 48.21151478], [16.36519771, 48.21151342], [16.36516706, 48.21152689], [16.36517289, 48.21153282], [16.3650706, 48.21157873], [16.3650671, 48.21157558], [16.36501966, 48.21159406]], [[16.36486023, 48.21122715], [16.36507884, 48.21139491], [16.36526756, 48.21129764], [16.36506132, 48.21111567], [16.36486023, 48.21122715]]]]}, "properties": {"id": 21947480, "bauperiode": "1849-1859"}}, {"type": "Feature", "geometry": {"type": "Polygon", "coordinates": [[[16.36705418, 48.20889715], [16.36702432, 48.20891443], [16.36695998, 48.20886705], [16.367104, 48.20877987], [16.36710867, 48.20878352], [16.3671203, 48.20877665], [16.36713915, 48.20879056], [16.3671756, 48.20876843], [16.36715712, 48.20875489], [16.36726813, 48.20868927], [16.36732501, 48.20865732], [16.36732794, 48.2086595], [16.3673885, 48.20870462], [16.36730786, 48.2087509], [16.36727609, 48.2087692], [16.3672473, 48.20874692], [16.36722712, 48.20875852], [16.36725593, 48.20878082], [16.3672028, 48.20881142], [16.36717017, 48.20878598], [16.36708382, 48.20883573], [16.36711667, 48.20886126], [16.36705418, 48.20889715]]]}, "properties": {"id": 25405415, "bauperiode": "1884-1918"}}, {"type": "Feature", "geometry": {"type": "MultiPolygon", "coordinates": [[[[16.38329846, 48.20688157], [16.38329769, 48.20688158], [16.38329692, 48.20688157], [16.38329617, 48.20688156], [16.38329542, 48.20688153], [16.38329466, 48.20688149], [16.38329336, 48.2068814], [16.38329294, 48.20688137], [16.38329205, 48.20688129], [16.38329075, 48.20688115], [16.38328946, 48.20688099], [16.38328816, 48.2068808], [16.38328687, 48.20688059], [16.38328559, 48.20688035], [16.38328433, 48.20688009], [16.38328306, 48.20687982], [16.3832818, 48.20687951], [16.38328055, 48.20687918], [16.3832793, 48.20687882], [16.38327806, 48.20687844], [16.38327682, 48.20687804], [16.3832756, 48.20687761], [16.38327437, 48.20687716], [16.38327316, 48.20687667], [16.38327195, 48.20687618], [16.38327075, 48.20687565], [16.38326957, 48.2068751], [16.38326838, 48.20687452], [16.38326776, 48.20687421], [16.38326716, 48.2068739], [16.38326658, 48.20687358], [16.38326601, 48.20687326], [16.38326546, 48.20687293], [16.38326494, 48.2068726], [16.38326441, 48.20687227], [16.3832639, 48.20687194], [16.38326341, 48.2068716], [16.38326293, 48.20687125], [16.38326246, 48.2068709], [16.383262, 48.20687055], [16.38326156, 48.20687019], [16.38326111, 48.20686982], [16.38326069, 48.20686946], [16.38326026, 48.20686908], [16.38325986, 48.20686869], [16.38325944, 48.20686831], [16.38325904, 48.20686791], [16.38325865, 48.20686751], [16.38325826, 48.20686709], [16.38311434, 48.2066697], [16.38311409, 48.20666935], [16.3831139, 48.20666905], [16.3831137, 48.20666869], [16.38311354, 48.2066684], [16.3831134, 48.20666816], [16.38311325, 48.20666787], [16.38311309, 48.20666758], [16.38311282, 48.20666707], [16.38311258, 48.20666661], [16.38311235, 48.20666614], [16.38311212, 48.20666568], [16.38311191, 48.20666521], [16.38311169, 48.20666473], [16.3831115, 48.20666426], [16.3831113, 48.20666379], [16.38311112, 48.20666331], [16.38311095, 48.20666284], [16.38311079, 48.20666236], [16.38311064, 48.20666188], [16.3831105, 48.20666141], [16.38311037, 48.20666094], [16.38311026, 48.20666046], [16.38311015, 48.20665998], [16.38311007, 48.20665952], [16.38310999, 48.20665904], [16.38310994, 48.20665857], [16.38310988, 48.20665768], [16.38310991, 48.20665679], [16.38311003, 48.20665591], [16.38311022, 48.20665503], [16.38311048, 48.20665415], [16.38311082, 48.20665328], [16.38311122, 48.20665241], [16.38311169, 48.20665155], [16.38311222, 48.20665068], [16.38311281, 48.20664983], [16.38311344, 48.20664898], [16.38311412, 48.20664814], [16.38311486, 48.20664729], [16.38311563, 48.20664646], [16.38311644, 48.20664562], [16.38311727, 48.20664479], [16.38311814, 48.20664397], [16.38311904, 48.20664315], [16.38311996, 48.20664234], [16.38312056, 48.2066418], [16.38312118, 48.20664129], [16.3831218, 48.2066408], [16.38312242, 48.20664031], [16.38312304, 48.20663983], [16.38312366, 48.20663938], [16.3831243, 48.20663893], [16.38312493, 48.20663849], [16.38312559, 48.20663808], [16.38312625, 48.20663767], [16.38312692, 48.20663728], [16.38312761, 48.2066369], [16.38312831, 48.20663654], [16.38312902, 48.20663618], [16.38312975, 48.20663584], [16.38313049, 48.20663551], [16.38313125, 48.2066352], [16.38313203, 48.20663489], [16.38313284, 48.20663461], [16.3831332, 48.20663448], [16.38313355, 48.20663435], [16.38313392, 48.20663424], [16.38313427, 48.20663411], [16.38313463, 48.20663399], [16.38313498, 48.20663388], [16.38313534, 48.20663375], [16.38313569, 48.20663363], [16.38313605, 48.20663352], [16.38313642, 48.2066334], [16.38313677, 48.20663328], [16.38313713, 48.20663317], [16.38313749, 48.20663306], [16.38313786, 48.20663295], [16.38313822, 48.20663283], [16.38313858, 48.20663272], [16.38313895, 48.20663262], [16.38313931, 48.20663251], [16.38313988, 48.20663234], [16.38314043, 48.20663218], [16.38314091, 48.20663204], [16.38314139, 48.2066319], [16.38314187, 48.20663177], [16.38314228, 48.20663165], [16.38314281, 48.2066315], [16.38316815, 48.20662418], [16.38316617, 48.20662087], [16.38340728, 48.20655102], [16.38343148, 48.2065441], [16.38344508, 48.20654021], [16.38344552, 48.20654089], [16.38345035, 48.20653951], [16.38345074, 48.20654006], [16.38356727, 48.20650642], [16.38356762, 48.20650632], [16.38356897, 48.20650593], [16.38363483, 48.20648708], [16.38363564, 48.20648685], [16.38364958, 48.20648269], [16.38366981, 48.20647667], [16.38367208, 48.20647621], [16.38367287, 48.20647605], [16.38367514, 48.20647938], [16.38367674, 48.20647893], [16.38371272, 48.20646865], [16.38371878, 48.20647631], [16.38375266, 48.20648527], [16.38376512, 48.20648174], [16.38390375, 48.20667132], [16.38390574, 48.20667404], [16.38390816, 48.20667324], [16.38390847, 48.20667387], [16.38390877, 48.20667451], [16.38390903, 48.20667514], [16.38390927, 48.20667579], [16.38390949, 48.20667643], [16.38390967, 48.20667707], [16.38390984, 48.20667772], [16.38390999, 48.20667837], [16.38391011, 48.20667902], [16.38391022, 48.20667966], [16.38391028, 48.20668031], [16.38391035, 48.20668097], [16.38391038, 48.20668162], [16.38391039, 48.20668225], [16.38391039, 48.2066829], [16.38391037, 48.20668354], [16.38391031, 48.20668418], [16.38391021, 48.2066851], [16.38391007, 48.20668601], [16.38390989, 48.20668693], [16.38390966, 48.20668784], [16.3839094, 48.20668875], [16.38390909, 48.20668965], [16.38390875, 48.20669055], [16.38390834, 48.20669145], [16.38390791, 48.20669234], [16.38390743, 48.20669323], [16.38390691, 48.20669411], [16.38390633, 48.20669499], [16.38390571, 48.20669587], [16.38390504, 48.20669674], [16.38390433, 48.20669761], [16.38390356, 48.20669847], [16.38390275, 48.20669934], [16.38390226, 48.20669984], [16.38390175, 48.20670033], [16.38390122, 48.20670079], [16.3839007, 48.20670124], [16.38390016, 48.20670168], [16.38389961, 48.2067021], [16.38389904, 48.20670251], [16.38389848, 48.20670291], [16.38389789, 48.2067033], [16.3838973, 48.20670367], [16.38389668, 48.20670403], [16.38389606, 48.20670439], [16.38389541, 48.20670474], [16.38389477, 48.20670509], [16.38389409, 48.20670542], [16.3838934, 48.20670575], [16.3838927, 48.20670608], [16.38388051, 48.20671028], [16.38385147, 48.20671897], [16.38385157, 48.20672005], [16.38374037, 48.20675204], [16.38373893, 48.20675018], [16.38373757, 48.2067506], [16.38371409, 48.20675797], [16.38367705, 48.20676959], [16.38364056, 48.20678056], [16.38345743, 48.2068357], [16.38345805, 48.20683695], [16.38334929, 48.20686967], [16.38334808, 48.20686859], [16.38331065, 48.20688001], [16.38330991, 48.20688019], [16.38330917, 48.20688035], [16.38330841, 48.20688051], [16.38330766, 48.20688065], [16.38330689, 48.20688079], [16.38330614, 48.20688091], [16.38330537, 48.20688103], [16.38330461, 48.20688113], [16.38330384, 48.20688123], [16.38330307, 48.20688131], [16.38330231, 48.20688138], [16.38330152, 48.20688144], [16.38330076, 48.20688149], [16.38329999, 48.20688153], [16.38329922, 48.20688155], [16.38329846, 48.20688157]], [[16.38343653, 48.20671432], [16.3834438, 48.20671963], [16.38360036, 48.20667235], [16.38360399, 48.20666218], [16.38358499, 48.2066362], [16.38359023, 48.20662379], [16.38358013, 48.20662064], [16.38341106, 48.20667072], [16.38340528, 48.20667899], [16.38341322, 48.20668133], [16.38343558, 48.20670776], [16.38343424, 48.2067127], [16.38343653, 48.20671432]], [[16.38369631, 48.2065915], [16.38372104, 48.20662969], [16.38376263, 48.20661737], [16.38373789, 48.20657919], [16.38369631, 48.2065915]], [[16.38328069, 48.20673002], [16.38329341, 48.20674875], [16.38331861, 48.20674149], [16.3833059, 48.20672277], [16.38328069, 48.20673002]]]]}, "properties": {"id": 24716805, "bauperiode": "1884-1918"}}, {"type": "Feature", "geometry": {"type": "Polygon", "coordinates": [[[16.36482554, 48.19680785], [16.36479043, 48.19682928], [16.36475612, 48.1968041], [16.36472571, 48.19682262], [16.36472317, 48.19682417], [16.3646529, 48.1967723], [16.36465219, 48.19677186], [16.3646644, 48.19676436], [16.36466511, 48.19676468], [16.36472681, 48.19672729], [16.36472619, 48.19672674], [16.36473903, 48.19671901], [16.36473954, 48.19671926], [16.36480388, 48.19668005], [16.36482149, 48.19666934], [16.36494029, 48.19659695], [16.36494123, 48.19659758], [16.36497256, 48.19657832], [16.36497149, 48.19657751], [16.36501384, 48.1965516], [16.36501532, 48.19655268], [16.36502573, 48.19654631], [16.36504665, 48.19653352], [16.36504889, 48.19653253], [16.3650526, 48.1965315], [16.36505522, 48.19653115], [16.36505836, 48.19653109], [16.36505924, 48.19653114], [16.36506187, 48.19653147], [16.36506559, 48.19653247], [16.36506784, 48.19653345], [16.36507073, 48.19653531], [16.36508513, 48.19654871], [16.36508823, 48.19654682], [16.36515376, 48.19661002], [16.36511697, 48.19663163], [16.36507441, 48.19665664], [16.36502896, 48.19662187], [16.36495513, 48.19666763], [16.36497962, 48.19668696], [16.3649998, 48.1967017], [16.36495304, 48.19673019], [16.36491428, 48.19675379], [16.36491209, 48.1967521], [16.36491078, 48.1967511], [16.36490903, 48.19675164], [16.36490702, 48.19675218], [16.36490486, 48.19675245], [16.36490258, 48.19675272], [16.36490043, 48.19675272], [16.36489814, 48.19675263], [16.36489599, 48.19675227], [16.36489383, 48.19675191], [16.36489182, 48.19675128], [16.3648898, 48.19675056], [16.36488805, 48.19674975], [16.3648863, 48.19674877], [16.36487352, 48.19673933], [16.3648286, 48.19676667], [16.3648154, 48.19675723], [16.36478225, 48.19677608], [16.36482554, 48.19680785]]]}, "properties": {"id": 24153279, "bauperiode": "1884-1918"}}, {"type": "Feature", "geometry": {"type": "Polygon", "coordinates": [[[16.34889516, 48.21215084], [16.34889206, 48.21215093], [16.34888883, 48.21215093], [16.3487828, 48.21214879], [16.34879019, 48.2120808], [16.34882261, 48.21208295], [16.34885881, 48.21208538], [16.34886056, 48.21207665], [16.34885638, 48.21206199], [16.34885005, 48.21203969], [16.34897303, 48.21202727], [16.34897022, 48.21207493], [16.3489125, 48.21208213], [16.34891034, 48.21207458], [16.34889258, 48.2120762], [16.34889191, 48.21209293], [16.34889972, 48.21209365], [16.34890712, 48.21209526], [16.34891398, 48.21209769], [16.34892004, 48.21210084], [16.34892488, 48.21210443], [16.34892878, 48.21210839], [16.34893175, 48.2121128], [16.3489335, 48.21211747], [16.34893417, 48.21212224], [16.34893336, 48.21212737], [16.34893135, 48.21213231], [16.34892798, 48.21213699], [16.34892341, 48.21214122], [16.34892032, 48.21214311], [16.34891789, 48.21214446], [16.34891547, 48.21214571], [16.34891278, 48.21214688], [16.34891009, 48.21214787], [16.34890727, 48.21214877], [16.34890431, 48.21214949], [16.34890135, 48.21215012], [16.34889516, 48.21215084]]]}, "properties": {"id": 23691527, "bauperiode": "1884-1918"}}, {"type": "Feature", "geometry": {"type": "Polygon", "coordinates": [[[16.3487828, 48.21214879], [16.3487781, 48.21219205], [16.34870168, 48.21218963], [16.3487006, 48.21218954], [16.3487006, 48.21218855], [16.34869845, 48.21218846], [16.34870341, 48.21214142], [16.34870462, 48.21214151], [16.34870884, 48.21210005], [16.34871021, 48.21208655], [16.34871442, 48.21204501], [16.34871308, 48.21204492], [16.34871791, 48.21199825], [16.34879312, 48.21199051], [16.34879366, 48.21199149], [16.3489741, 48.21197421], [16.34897437, 48.21197556], [16.34897611, 48.21197547], [16.34897303, 48.21202727], [16.34885005, 48.21203969], [16.34879408, 48.21204536], [16.34879019, 48.2120808], [16.3487828, 48.21214879]]]}, "properties": {"id": 23691521, "bauperiode": "1884-1918"}}, {"type": "Feature", "geometry": {"type": "Polygon", "coordinates": [[[16.34892032, 48.21214311], [16.34891454, 48.21219536], [16.34888911, 48.21219464], [16.34884094, 48.21219357], [16.34884124, 48.21219132], [16.34884363, 48.21217306], [16.3488447, 48.21216623], [16.34881402, 48.21216389], [16.34881268, 48.21217217], [16.34880946, 48.21219285], [16.34878362, 48.21219222], [16.3487781, 48.21219205], [16.3487828, 48.21214879], [16.34888883, 48.21215093], [16.34889206, 48.21215093], [16.34889516, 48.21215084], [16.34890135, 48.21215012], [16.34890431, 48.21214949], [16.34890727, 48.21214877], [16.34891009, 48.21214787], [16.34891278, 48.21214688], [16.34891547, 48.21214571], [16.34891789, 48.21214446], [16.34892032, 48.21214311]]]}, "properties": {"id": 23691518, "bauperiode": "1884-1918"}}, {"type": "Feature", "geometry": {"type": "Polygon", "coordinates": [[[16.3808972, 48.20826314], [16.38084938, 48.20827831], [16.38081634, 48.20823945], [16.38080273, 48.20822327], [16.38085573, 48.20820832], [16.38073871, 48.20808921], [16.38080812, 48.20805751], [16.3808792, 48.20812688], [16.38084117, 48.20814394], [16.38087749, 48.2081801], [16.38085207, 48.20819181], [16.38089278, 48.2082313], [16.38095626, 48.20820207], [16.38098902, 48.20823403], [16.38094358, 48.20824844], [16.3809336, 48.20823557], [16.38091472, 48.20823315], [16.38088426, 48.20824856], [16.3808972, 48.20826314]]]}, "properties": {"id": 24796591, "bauperiode": "1884-1918"}}, {"type": "Feature", "geometry": {"type": "Polygon", "coordinates": [[[16.38109954, 48.20826885], [16.38089715, 48.20833448], [16.38084938, 48.20827831], [16.3808972, 48.20826314], [16.38094358, 48.20824844], [16.38098902, 48.20823403], [16.38095626, 48.20820207], [16.38091571, 48.2081625], [16.3808792, 48.20812688], [16.38080812, 48.20805751], [16.38088638, 48.20802179], [16.38092853, 48.20806269], [16.38093001, 48.20806197], [16.38099029, 48.20812081], [16.38100672, 48.20813684], [16.38103262, 48.20816212], [16.38103087, 48.20816293], [16.3811075, 48.20823812], [16.38111096, 48.20824143], [16.38111146, 48.20824156], [16.38111209, 48.20824173], [16.38111273, 48.20824194], [16.38111322, 48.20824212], [16.38111458, 48.20824272], [16.3811158, 48.20824334], [16.38111697, 48.20824404], [16.3811181, 48.20824479], [16.38111919, 48.20824561], [16.38112021, 48.20824647], [16.38112115, 48.20824738], [16.38112203, 48.20824832], [16.38112282, 48.20824928], [16.38112351, 48.20825025], [16.3811241, 48.20825124], [16.38112458, 48.20825222], [16.38112491, 48.20825319], [16.38112514, 48.20825415], [16.38112521, 48.20825508], [16.38112513, 48.20825598], [16.3811249, 48.20825684], [16.3811245, 48.20825764], [16.38112392, 48.2082584], [16.38112322, 48.20825911], [16.38112247, 48.20825983], [16.38112165, 48.20826056], [16.38112078, 48.20826128], [16.38111985, 48.20826199], [16.38111887, 48.20826269], [16.38111783, 48.20826337], [16.38111676, 48.20826403], [16.38111564, 48.20826467], [16.38111448, 48.20826528], [16.38111329, 48.20826586], [16.38111206, 48.20826639], [16.38111081, 48.20826688], [16.38110953, 48.20826733], [16.38110823, 48.20826771], [16.3811069, 48.20826805], [16.38110557, 48.20826832], [16.38110421, 48.20826851], [16.38110272, 48.20826866], [16.38110204, 48.20826867], [16.38110155, 48.20826866], [16.381101, 48.20826862], [16.38110048, 48.20826858], [16.38109954, 48.20826885]]]}, "properties": {"id": 24796592, "bauperiode": "1884-1918"}}, {"type": "Feature", "geometry": {"type": "MultiPolygon", "coordinates": [[[[16.37250207, 48.21456344], [16.37250103, 48.21456414], [16.37247452, 48.21454723], [16.37237337, 48.21448273], [16.37237094, 48.21448111], [16.3723747, 48.21447849], [16.37241315, 48.21445176], [16.37248006, 48.21440522], [16.37249457, 48.21439512], [16.37260416, 48.21431889], [16.37271645, 48.21439079], [16.37268846, 48.2144105], [16.3726907, 48.21442155], [16.37269264, 48.21443118], [16.37267544, 48.21444315], [16.37264934, 48.21446133], [16.37265136, 48.21446312], [16.37265324, 48.2144651], [16.37265486, 48.21446708], [16.37265634, 48.21446915], [16.37265755, 48.2144713], [16.37265836, 48.21447355], [16.37265904, 48.2144758], [16.37265944, 48.21447805], [16.37265958, 48.2144803], [16.37265944, 48.21448264], [16.37265904, 48.21448488], [16.37265851, 48.21448713], [16.37265757, 48.21448929], [16.37265636, 48.21449145], [16.37265501, 48.21449361], [16.3726534, 48.21449559], [16.37265152, 48.21449748], [16.37264941, 48.21449939], [16.37264722, 48.21450099], [16.37264466, 48.21450261], [16.3726421, 48.21450405], [16.37263928, 48.21450539], [16.37263632, 48.21450656], [16.37263322, 48.21450755], [16.37262999, 48.21450845], [16.37262676, 48.21450909], [16.3726234, 48.21450963], [16.37262004, 48.21450999], [16.37261667, 48.21451017], [16.37261318, 48.21451017], [16.37260981, 48.21450999], [16.37260645, 48.21450963], [16.37260308, 48.21450909], [16.37259985, 48.21450837], [16.37259662, 48.21450757], [16.37259366, 48.21450658], [16.3725907, 48.21450541], [16.37258787, 48.21450406], [16.37253531, 48.21454044], [16.37250207, 48.21456344]], [[16.37250203, 48.21451983], [16.37251536, 48.21452846], [16.3725447, 48.21452647], [16.37255451, 48.21451909], [16.37252099, 48.21449689], [16.37250203, 48.21450931], [16.37249396, 48.21451461], [16.37250203, 48.21451983]], [[16.37263585, 48.2144178], [16.37267031, 48.21443884], [16.3726843, 48.21443065], [16.37268065, 48.21441221], [16.37266208, 48.21439981], [16.37263585, 48.2144178]], [[16.3726032, 48.21448499], [16.37261693, 48.21449344], [16.37263603, 48.21447958], [16.3726223, 48.21447114], [16.3726032, 48.21448499]]]]}, "properties": {"id": 24245784, "bauperiode": "1860-1883"}}, {"type": "Feature", "geometry": {"type": "Polygon", "coordinates": [[[16.37266517, 48.21458956], [16.37261044, 48.21463392], [16.37260796, 48.21463234], [16.37258594, 48.21461828], [16.37252697, 48.2145807], [16.37255818, 48.21455858], [16.37259745, 48.21453077], [16.37260122, 48.21453338], [16.37267125, 48.21458118], [16.37267364, 48.21458282], [16.37266517, 48.21458956]]]}, "properties": {"id": 24245684, "bauperiode": "1860-1883"}}, {"type": "Feature", "geometry": {"type": "Polygon", "coordinates": [[[16.37276846, 48.21450607], [16.37276227, 48.21451111], [16.37275984, 48.21450959], [16.37269415, 48.21446841], [16.37269388, 48.21446815], [16.37269356, 48.21446783], [16.37269011, 48.21446446], [16.3727225, 48.21444254], [16.37275884, 48.21441794], [16.37282507, 48.21446028], [16.37276846, 48.21450607]]]}, "properties": {"id": 24245690, "bauperiode": "1860-1883"}}, {"type": "Feature", "geometry": {"type": "Polygon", "coordinates": [[[16.37158521, 48.21169678], [16.37154994, 48.21171236], [16.37146149, 48.21161251], [16.37146538, 48.2116108], [16.37150026, 48.2115954], [16.37158521, 48.21169678]]]}, "properties": {"id": 21945300, "bauperiode": "1946-1976"}}, {"type": "Feature", "geometry": {"type": "Polygon", "coordinates": [[[16.37189764, 48.21176658], [16.37180275, 48.21184816], [16.37180241, 48.21184805], [16.37179306, 48.21184313], [16.37178377, 48.21183819], [16.37177462, 48.21183306], [16.3717656, 48.21182785], [16.37175672, 48.21182246], [16.37174796, 48.21181697], [16.37173948, 48.2118114], [16.37173114, 48.21180574], [16.37172293, 48.21179989], [16.37171485, 48.21179396], [16.37170704, 48.21178803], [16.37169937, 48.21178182], [16.37169196, 48.21177562], [16.37168469, 48.21176933], [16.37167782, 48.21176322], [16.3716645, 48.21174892], [16.37165089, 48.21173418], [16.37163756, 48.21171934], [16.37162437, 48.21170442], [16.37161157, 48.2116894], [16.37159892, 48.21167439], [16.37158639, 48.21165919], [16.37157427, 48.21164391], [16.37156228, 48.21162853], [16.37155057, 48.21161307], [16.37153912, 48.2115976], [16.37153589, 48.21159311], [16.37175341, 48.21150364], [16.37182058, 48.21156244], [16.37178971, 48.21157511], [16.37168687, 48.21161734], [16.3717254, 48.21166418], [16.37174626, 48.21168954], [16.37168573, 48.21171186], [16.37169112, 48.21171789], [16.37170445, 48.21173227], [16.37171683, 48.2117454], [16.37172222, 48.21175034], [16.37172895, 48.21175618], [16.37173582, 48.21176194], [16.37174282, 48.2117676], [16.37175009, 48.21177309], [16.37175749, 48.21177857], [16.37176503, 48.21178387], [16.3717727, 48.21178918], [16.37178065, 48.2117943], [16.37178859, 48.21179933], [16.37179384, 48.21180248], [16.37193154, 48.211684], [16.37197017, 48.21170422], [16.37193104, 48.21173787], [16.37192607, 48.21173476], [16.37192517, 48.21173543], [16.37191276, 48.21174408], [16.37191436, 48.21174506], [16.37190395, 48.21175429], [16.371902, 48.21175344], [16.3718921, 48.21176437], [16.37189764, 48.21176658]]]}, "properties": {"id": 21942125, "bauperiode": "1946-1976"}}, {"type": "Feature", "geometry": {"type": "Polygon", "coordinates": [[[16.37193154, 48.211684], [16.37179384, 48.21180248], [16.37178859, 48.21179933], [16.37178065, 48.2117943], [16.3717727, 48.21178918], [16.37176503, 48.21178387], [16.37175749, 48.21177857], [16.37175009, 48.21177309], [16.37174282, 48.2117676], [16.37173582, 48.21176194], [16.37172895, 48.21175618], [16.37172222, 48.21175034], [16.37171683, 48.2117454], [16.37170445, 48.21173227], [16.37169112, 48.21171789], [16.37168573, 48.21171186], [16.37174626, 48.21168954], [16.37177639, 48.21167847], [16.37182178, 48.21173367], [16.37184774, 48.21172413], [16.37180222, 48.21166893], [16.37189531, 48.21163468], [16.37194171, 48.21167525], [16.37193154, 48.211684]]]}, "properties": {"id": 21948525, "bauperiode": "1946-1976"}}, {"type": "Feature", "geometry": {"type": "Polygon", "coordinates": [[[16.37176279, 48.21167068], [16.37175719, 48.2116707], [16.37175159, 48.21167041], [16.37174607, 48.21166978], [16.37174065, 48.21166884], [16.37173538, 48.21166758], [16.37173027, 48.21166603], [16.3717254, 48.21166418], [16.37168687, 48.21161734], [16.37178971, 48.21157511], [16.37181778, 48.21160994], [16.37181981, 48.21161325], [16.37182143, 48.21161665], [16.3718226, 48.21162014], [16.37182334, 48.21162369], [16.37182364, 48.21162726], [16.3718235, 48.21163084], [16.37182291, 48.21163439], [16.37182186, 48.2116379], [16.37182039, 48.21164134], [16.3718185, 48.21164469], [16.3718162, 48.21164792], [16.3718135, 48.211651], [16.37181043, 48.21165393], [16.371807, 48.21165668], [16.37180324, 48.21165922], [16.37179898, 48.21166165], [16.37179441, 48.21166383], [16.37178959, 48.21166573], [16.37178453, 48.21166734], [16.37177928, 48.21166865], [16.37177387, 48.21166965], [16.37176836, 48.21167032], [16.37176279, 48.21167068]]]}, "properties": {"id": 21948518, "bauperiode": "1946-1976"}}, {"type": "Feature", "geometry": {"type": "Polygon", "coordinates": [[[16.36599989, 48.20054264], [16.36581174, 48.2006774], [16.36576733, 48.20064999], [16.36579369, 48.20063109], [16.36576677, 48.20061437], [16.36592639, 48.20049958], [16.36599989, 48.20054264]]]}, "properties": {"id": 25456092, "bauperiode": "1884-1918"}}, {"type": "Feature", "geometry": {"type": "Polygon", "coordinates": [[[16.36589355, 48.20048043], [16.36587607, 48.20049312], [16.36577918, 48.20043352], [16.3658024, 48.20041667], [16.36586954, 48.20036793], [16.36587249, 48.20036974], [16.36596244, 48.20042508], [16.36596643, 48.20042753], [16.36589355, 48.20048043]]]}, "properties": {"id": 25456094, "bauperiode": "1884-1918"}}, {"type": "Feature", "geometry": {"type": "Polygon", "coordinates": [[[16.36600359, 48.20053999], [16.36599989, 48.20054264], [16.36592639, 48.20049958], [16.36589355, 48.20048043], [16.36596643, 48.20042753], [16.36596244, 48.20042508], [16.3659837, 48.20041049], [16.36598489, 48.20041122], [16.36606677, 48.20046151], [16.36606973, 48.20046333], [16.36606701, 48.2004653], [16.36606432, 48.20046726], [16.36606163, 48.20046921], [16.36605893, 48.20047117], [16.36605624, 48.20047312], [16.36605355, 48.20047508], [16.36605086, 48.20047704], [16.36604816, 48.200479], [16.36604547, 48.20048095], [16.36604278, 48.20048291], [16.36604009, 48.20048486], [16.36599327, 48.20051889], [16.3659907, 48.20051743], [16.36597992, 48.20052537], [16.36599595, 48.20053527], [16.36599845, 48.20053682], [16.36600359, 48.20053999]]]}, "properties": {"id": 25456093, "bauperiode": "1884-1918"}}, {"type": "Feature", "geometry": {"type": "Polygon", "coordinates": [[[16.36586954, 48.20036793], [16.3658024, 48.20041667], [16.36576759, 48.20039521], [16.36576584, 48.20039413], [16.36572156, 48.20036689], [16.36580937, 48.2003032], [16.36580965, 48.20030337], [16.36589306, 48.20035472], [16.36587249, 48.20036974], [16.36586954, 48.20036793]]]}, "properties": {"id": 25456105, "bauperiode": "1884-1918"}}, {"type": "Feature", "geometry": {"type": "Polygon", "coordinates": [[[16.36505558, 48.20093905], [16.36493748, 48.20096442], [16.36491798, 48.20092387], [16.36503607, 48.20089849], [16.36505558, 48.20093905]]]}, "properties": {"id": 25457467, "bauperiode": "1884-1918"}}, {"type": "Feature", "geometry": {"type": "Polygon", "coordinates": [[[16.36576733, 48.20064999], [16.36570615, 48.20069425], [16.36563946, 48.20065116], [16.36559581, 48.20062295], [16.36559293, 48.2006211], [16.36559006, 48.20061924], [16.36558719, 48.20061739], [16.36558424, 48.20061548], [16.3655813, 48.20061358], [16.36557843, 48.20061173], [16.36557556, 48.20060987], [16.36557262, 48.20060797], [16.36556967, 48.20060607], [16.36556687, 48.20060426], [16.36556393, 48.20060236], [16.36550496, 48.20056426], [16.36556197, 48.20051892], [16.36558174, 48.20050317], [16.36560313, 48.20051585], [16.36576584, 48.20039647], [16.36576759, 48.20039521], [16.3658024, 48.20041667], [16.36577918, 48.20043352], [16.36587607, 48.20049312], [16.36589355, 48.20048043], [16.36592639, 48.20049958], [16.36576677, 48.20061437], [16.36579369, 48.20063109], [16.36576733, 48.20064999]]]}, "properties": {"id": 25456114, "bauperiode": "1884-1918"}}, {"type": "Feature", "geometry": {"type": "Polygon", "coordinates": [[[16.36558174, 48.20050317], [16.36556197, 48.20051892], [16.36551366, 48.20049069], [16.36570044, 48.20035386], [16.36571375, 48.20036207], [16.36572156, 48.20036689], [16.36576584, 48.20039413], [16.36576759, 48.20039521], [16.36576584, 48.20039647], [16.36560313, 48.20051585], [16.36558174, 48.20050317]]]}, "properties": {"id": 25455437, "bauperiode": "1884-1918"}}, {"type": "Feature", "geometry": {"type": "Polygon", "coordinates": [[[16.36475897, 48.19708119], [16.36468043, 48.19712896], [16.36462472, 48.19708338], [16.36461504, 48.19708932], [16.36457912, 48.19709013], [16.36456297, 48.19707701], [16.36456525, 48.19705264], [16.36458313, 48.19704175], [16.36458136, 48.19700614], [16.36457356, 48.19700038], [16.36454449, 48.19697908], [16.3645609, 48.19696909], [16.36458981, 48.19695146], [16.36459844, 48.19694617], [16.36461576, 48.19693562], [16.36465328, 48.19696318], [16.36473485, 48.1970231], [16.36473406, 48.19704054], [16.3647198, 48.19704918], [16.36475685, 48.19707946], [16.36475897, 48.19708119]]]}, "properties": {"id": 24149302, "bauperiode": "1884-1918"}}, {"type": "Feature", "geometry": {"type": "Polygon", "coordinates": [[[16.36503113, 48.19691528], [16.36492477, 48.19698015], [16.36492252, 48.19697851], [16.36489787, 48.19696043], [16.3648956, 48.19695876], [16.36484766, 48.1969236], [16.36482573, 48.19692496], [16.36481093, 48.19691408], [16.3647874, 48.19692847], [16.36476816, 48.1969265], [16.36474744, 48.19691131], [16.36474501, 48.19689737], [16.36471486, 48.19687525], [16.36472804, 48.19686725], [16.36475748, 48.19684933], [16.36475994, 48.19684783], [16.36479043, 48.19682928], [16.36482554, 48.19680785], [16.3648578, 48.19678816], [16.36491311, 48.19682862], [16.36492965, 48.19681854], [16.36494459, 48.19682942], [16.36499734, 48.19686817], [16.36498067, 48.19687833], [16.36499574, 48.19688957], [16.36502894, 48.19691369], [16.36503113, 48.19691528]]]}, "properties": {"id": 24149326, "bauperiode": "1884-1918"}}, {"type": "Feature", "geometry": {"type": "Polygon", "coordinates": [[[16.36494553, 48.19682879], [16.36494459, 48.19682942], [16.36492965, 48.19681854], [16.36491566, 48.1968082], [16.36491752, 48.19679311], [16.36493272, 48.19678425], [16.36492721, 48.19678001], [16.36494368, 48.1967704], [16.36494921, 48.19677465], [16.36498503, 48.19675377], [16.36495304, 48.19673019], [16.3649998, 48.1967017], [16.36501944, 48.19668974], [16.36502168, 48.19669138], [16.36505537, 48.19671608], [16.36501381, 48.19674136], [16.365048, 48.19676644], [16.36494553, 48.19682879]]]}, "properties": {"id": 24151734, "bauperiode": "1884-1918"}}, {"type": "Feature", "geometry": {"type": "Polygon", "coordinates": [[[16.36506055, 48.19684774], [16.36501214, 48.19687473], [16.36499734, 48.19686817], [16.36494459, 48.19682942], [16.36494553, 48.19682879], [16.365048, 48.19676644], [16.36506698, 48.19678037], [16.36507841, 48.19678874], [16.36506136, 48.19679911], [16.36504435, 48.19678567], [16.36501599, 48.19680241], [16.3650184, 48.19680428], [16.36498864, 48.19682254], [16.36500636, 48.19683607], [16.36503476, 48.19681881], [16.36506149, 48.19683838], [16.36506055, 48.19684774]]]}, "properties": {"id": 24153291, "bauperiode": "1884-1918"}}, {"type": "Feature", "geometry": {"type": "Polygon", "coordinates": [[[16.36529926, 48.19675118], [16.36526446, 48.1967726], [16.36511697, 48.19663163], [16.36515376, 48.19661002], [16.36515619, 48.19661244], [16.36519159, 48.1966476], [16.3651924, 48.19664832], [16.36522389, 48.19667862], [16.36526158, 48.19671486], [16.36527248, 48.19672538], [16.36529307, 48.19674525], [16.36529926, 48.19675118]]]}, "properties": {"id": 24153259, "bauperiode": "1884-1918"}}, {"type": "Feature", "geometry": {"type": "Polygon", "coordinates": [[[16.36522677, 48.1967958], [16.36518459, 48.19682173], [16.36514769, 48.19679466], [16.36516984, 48.1967824], [16.36512362, 48.19674694], [16.36506698, 48.19678037], [16.365048, 48.19676644], [16.36501381, 48.19674136], [16.36505537, 48.19671608], [16.36506976, 48.1967266], [16.36509854, 48.19670905], [16.36505046, 48.19667384], [16.36504821, 48.19667219], [16.36505695, 48.19666688], [16.36507441, 48.19665664], [16.36511697, 48.19663163], [16.36526446, 48.1967726], [16.36522677, 48.1967958]]]}, "properties": {"id": 24153274, "bauperiode": "1884-1918"}}, {"type": "Feature", "geometry": {"type": "Polygon", "coordinates": [[[16.36600913, 48.19844029], [16.36582929, 48.198497], [16.36580252, 48.19846147], [16.3657647, 48.19841238], [16.36578716, 48.19840545], [16.36581688, 48.19839618], [16.36582334, 48.19840544], [16.36582671, 48.1984103], [16.36584244, 48.19840544], [16.36590377, 48.19838626], [16.36589825, 48.19837305], [16.36589758, 48.19837152], [16.36589704, 48.19836828], [16.36589717, 48.19836666], [16.36589757, 48.19836504], [16.36589811, 48.19836351], [16.36589905, 48.19836198], [16.36590013, 48.19836054], [16.36590134, 48.1983592], [16.36590282, 48.19835794], [16.36590456, 48.19835677], [16.36590645, 48.19835578], [16.36590833, 48.19835488], [16.36591048, 48.19835416], [16.36591277, 48.19835353], [16.36591505, 48.19835308], [16.36592581, 48.1983511], [16.3659211, 48.19834003], [16.36589079, 48.19826738], [16.36602094, 48.19824308], [16.36605597, 48.19832814], [16.36606166, 48.19834195], [16.36607312, 48.19836976], [16.36608512, 48.19839975], [16.36609643, 48.19842803], [16.36601774, 48.1984526], [16.36600913, 48.19844029]]]}, "properties": {"id": 24251161, "bauperiode": "1919-1945"}}, {"type": "Feature", "geometry": {"type": "Polygon", "coordinates": [[[16.36803145, 48.20942182], [16.36798908, 48.20944621], [16.36795704, 48.20942166], [16.36801299, 48.20938954], [16.36817264, 48.20929777], [16.36824623, 48.2093591], [16.3681376, 48.2094155], [16.36810653, 48.20943124], [16.36808487, 48.20944231], [16.36806051, 48.20942091], [16.36804141, 48.20943063], [16.36803145, 48.20942182]]]}, "properties": {"id": 25406953, "bauperiode": "1884-1918"}}, {"type": "Feature", "geometry": {"type": "Polygon", "coordinates": [[[16.34999694, 48.21433319], [16.34999694, 48.21434227], [16.34994989, 48.21434116], [16.34995294, 48.21429093], [16.34987277, 48.21428829], [16.34986871, 48.21433932], [16.34982013, 48.21433816], [16.34982134, 48.21432817], [16.34975458, 48.21432629], [16.34975634, 48.21429243], [16.34975768, 48.21429248], [16.34976144, 48.21426685], [16.34983101, 48.21426837], [16.34984271, 48.21426911], [16.34984857, 48.21426945], [16.34986028, 48.21427008], [16.349872, 48.21427064], [16.34988374, 48.21427113], [16.3498896, 48.21427135], [16.34990134, 48.21427173], [16.34991309, 48.21427203], [16.34991381, 48.214272], [16.34991685, 48.21427211], [16.34992016, 48.21427213], [16.34992441, 48.21427226], [16.34993531, 48.21427242], [16.3499462, 48.21427251], [16.3499571, 48.21427254], [16.349968, 48.21427251], [16.3499789, 48.21427241], [16.3499898, 48.21427225], [16.35000069, 48.21427203], [16.35006447, 48.21427346], [16.35006341, 48.2143339], [16.35006005, 48.21433386], [16.34999694, 48.21433319]]]}, "properties": {"id": 24040240, "bauperiode": "1860-1883"}}, {"type": "Feature", "geometry": {"type": "MultiPolygon", "coordinates": [[[[16.34984534, 48.21491934], [16.34971708, 48.21492587], [16.34972069, 48.21484476], [16.34972176, 48.21482011], [16.3497227, 48.21480033], [16.34976387, 48.21479826], [16.34976561, 48.21474034], [16.3497504, 48.21472838], [16.34975213, 48.21468485], [16.34976909, 48.21467496], [16.34976961, 48.21461245], [16.34973341, 48.21461156], [16.34973891, 48.21453844], [16.3497965, 48.21453979], [16.34981131, 48.2145513], [16.35005123, 48.21455666], [16.35004332, 48.21466521], [16.35004292, 48.2146707], [16.35003955, 48.21467065], [16.34993998, 48.21466927], [16.34993877, 48.21467035], [16.34993742, 48.21467143], [16.34993594, 48.21467233], [16.34993433, 48.21467314], [16.34993244, 48.21467377], [16.34993056, 48.21467422], [16.34992854, 48.21467458], [16.34992652, 48.21467476], [16.34992451, 48.21467485], [16.34992249, 48.21467467], [16.34991888, 48.21476631], [16.34992157, 48.2147673], [16.34992413, 48.21476838], [16.34992655, 48.21476955], [16.34992884, 48.2147709], [16.34993099, 48.21477242], [16.34993287, 48.21477404], [16.34993462, 48.21477566], [16.34993611, 48.21477746], [16.34993745, 48.21477935], [16.34993853, 48.21478124], [16.34993934, 48.21478322], [16.34993987, 48.21478519], [16.34994028, 48.21478726], [16.34994041, 48.21478924], [16.35003124, 48.21478463], [16.35003461, 48.21478446], [16.35003394, 48.21479472], [16.35002549, 48.21490929], [16.35002562, 48.2149101], [16.35001259, 48.21491077], [16.34998258, 48.21491231], [16.34989506, 48.21491681], [16.34988703, 48.21491722], [16.34984534, 48.21491934]], [[16.34983224, 48.21482972], [16.34983507, 48.21485418], [16.34985256, 48.21485328], [16.34989428, 48.21485112], [16.3499154, 48.21485004], [16.3499127, 48.21482558], [16.34989144, 48.21482666], [16.34984973, 48.21482882], [16.34983224, 48.21482972]]]]}, "properties": {"id": 24040018, "bauperiode": "1860-1883"}}, {"type": "Feature", "geometry": {"type": "Polygon", "coordinates": [[[16.35011485, 48.21347675], [16.35010788, 48.21358206], [16.35002459, 48.21357919], [16.35002474, 48.21357695], [16.35002901, 48.21351156], [16.35002148, 48.21350221], [16.34999456, 48.21350078], [16.34999281, 48.21350204], [16.3499908, 48.21350321], [16.34998864, 48.2135042], [16.34998636, 48.21350509], [16.34998394, 48.21350572], [16.34998138, 48.21350626], [16.34997882, 48.21350671], [16.34997627, 48.21350689], [16.34997357, 48.21350689], [16.34997102, 48.21350681], [16.34996846, 48.21350654], [16.3499659, 48.213506], [16.34996348, 48.21350537], [16.34996106, 48.21350456], [16.34995891, 48.21350366], [16.34995675, 48.21350258], [16.34995487, 48.21350141], [16.34995325, 48.21350006], [16.34995164, 48.21349862], [16.34992473, 48.21349728], [16.34991585, 48.21350582], [16.3499129, 48.21353721], [16.34983095, 48.21353524], [16.34983122, 48.21353299], [16.34983538, 48.21348919], [16.34983793, 48.21346257], [16.3498643, 48.21346392], [16.34986699, 48.21344108], [16.34984007, 48.21343973], [16.34984652, 48.21337138], [16.3498488, 48.21337156], [16.34984894, 48.21337066], [16.3498691, 48.21337169], [16.3498968, 48.21337311], [16.34997366, 48.21337704], [16.34999438, 48.2133781], [16.35007438, 48.21338219], [16.35009746, 48.21338337], [16.35011927, 48.21338448], [16.35011913, 48.21338547], [16.35012075, 48.21338556], [16.35011633, 48.21345382], [16.35008847, 48.21345238], [16.35008592, 48.21347523], [16.35011485, 48.21347675]]]}, "properties": {"id": 24040181, "bauperiode": "1884-1918"}}, {"type": "Feature", "geometry": {"type": "Polygon", "coordinates": [[[16.35061936, 48.19933035], [16.35060295, 48.19935976], [16.35051659, 48.19933828], [16.35042309, 48.19931499], [16.35035744, 48.19929855], [16.3503924, 48.19924053], [16.35041431, 48.1992042], [16.35043221, 48.19917461], [16.35049849, 48.19919366], [16.35055475, 48.19920985], [16.35063103, 48.19923187], [16.35060831, 48.19926704], [16.35059311, 48.19926263], [16.35055922, 48.19931534], [16.35061936, 48.19933035]]]}, "properties": {"id": 23528029, "bauperiode": "1884-1918"}}, {"type": "Feature", "geometry": {"type": "Polygon", "coordinates": [[[16.35001467, 48.19917346], [16.34999677, 48.19920873], [16.34988698, 48.19918133], [16.34991096, 48.19912964], [16.34994164, 48.19913728], [16.34993284, 48.19915309], [16.35001467, 48.19917346]]]}, "properties": {"id": 23530580, "bauperiode": "1884-1918"}}, {"type": "Feature", "geometry": {"type": "Polygon", "coordinates": [[[16.3500215, 48.1991714], [16.35001966, 48.1991747], [16.35001467, 48.19917346], [16.34993284, 48.19915309], [16.34994164, 48.19913728], [16.34991096, 48.19912964], [16.34991293, 48.19912539], [16.34993633, 48.19907511], [16.34996947, 48.19908337], [16.34997047, 48.19908158], [16.35005923, 48.19910368], [16.35005333, 48.19911428], [16.3500215, 48.1991714]]]}, "properties": {"id": 23530577, "bauperiode": "1884-1918"}}, {"type": "Feature", "geometry": {"type": "Polygon", "coordinates": [[[16.3503924, 48.19924053], [16.35035744, 48.19929855], [16.35035375, 48.19929762], [16.35008663, 48.19923113], [16.3500534, 48.19922286], [16.34999677, 48.19920873], [16.35001467, 48.19917346], [16.35001966, 48.1991747], [16.3500215, 48.1991714], [16.35006657, 48.19918266], [16.350078, 48.19916215], [16.3503924, 48.19924053]]]}, "properties": {"id": 23528042, "bauperiode": "1884-1918"}}, {"type": "Feature", "geometry": {"type": "Polygon", "coordinates": [[[16.35041431, 48.1992042], [16.3503924, 48.19924053], [16.350078, 48.19916215], [16.35009844, 48.19912546], [16.35041431, 48.1992042]]]}, "properties": {"id": 23528074, "bauperiode": "1884-1918"}}, {"type": "Feature", "geometry": {"type": "Polygon", "coordinates": [[[16.34991096, 48.19912964], [16.34988698, 48.19918133], [16.34970726, 48.19914403], [16.34970712, 48.19914349], [16.34970631, 48.19914295], [16.34970699, 48.1991416], [16.34975969, 48.199029], [16.34976367, 48.19902045], [16.34976991, 48.19900706], [16.34977328, 48.19899981], [16.34986656, 48.1990239], [16.34985063, 48.19905723], [16.3498271, 48.19910741], [16.34991293, 48.19912539], [16.34991096, 48.19912964]]]}, "properties": {"id": 23528098, "bauperiode": "1884-1918"}}, {"type": "Feature", "geometry": {"type": "MultiPolygon", "coordinates": [[[[16.3686432, 48.21263766], [16.36863688, 48.21263135], [16.36862671, 48.21263536], [16.36862165, 48.21263646], [16.36861447, 48.2126366], [16.36860861, 48.21263548], [16.36860302, 48.21263309], [16.36859472, 48.21262754], [16.36858645, 48.21263269], [16.36857387, 48.21262363], [16.36841568, 48.21250959], [16.36841515, 48.21250921], [16.36841541, 48.21250902], [16.36841772, 48.21250731], [16.36838961, 48.21248693], [16.36838626, 48.21248854], [16.36837349, 48.21247941], [16.36837431, 48.21247892], [16.36837351, 48.21247829], [16.36837443, 48.21247772], [16.36846873, 48.21242795], [16.36851249, 48.21246346], [16.36851464, 48.21246526], [16.36850388, 48.2124712], [16.36852017, 48.21248522], [16.36859308, 48.21244725], [16.36859514, 48.21244903], [16.36862525, 48.21247485], [16.36866265, 48.21245542], [16.36866157, 48.21245353], [16.36866076, 48.21245155], [16.36866022, 48.21244957], [16.36865995, 48.2124475], [16.36865995, 48.21244543], [16.36866008, 48.21244346], [16.36866062, 48.21244139], [16.36866143, 48.2124395], [16.3686625, 48.21243752], [16.36866371, 48.21243572], [16.36866519, 48.21243392], [16.36866694, 48.21243221], [16.36866882, 48.21243068], [16.36867097, 48.21242924], [16.36867339, 48.21242789], [16.36867581, 48.21242672], [16.3686785, 48.21242573], [16.3686812, 48.21242483], [16.36868402, 48.21242411], [16.36868698, 48.21242357], [16.36868994, 48.21242321], [16.36869304, 48.21242303], [16.368696, 48.21242303], [16.36869909, 48.21242312], [16.36870205, 48.21242348], [16.36870501, 48.21242402], [16.36870797, 48.21242465], [16.36871066, 48.21242555], [16.36871336, 48.21242653], [16.36871591, 48.2124277], [16.36873638, 48.21244532], [16.3687493, 48.21245638], [16.3687797, 48.21244297], [16.36883076, 48.21242037], [16.3688445, 48.21243329], [16.36890135, 48.21248682], [16.36892695, 48.21251092], [16.36882275, 48.21255746], [16.36880647, 48.21256473], [16.36868773, 48.21261777], [16.3686432, 48.21263766]], [[16.36861895, 48.21251631], [16.36858707, 48.21253287], [16.36863244, 48.21256541], [16.36868759, 48.21254102], [16.36867036, 48.21252619], [16.3686437, 48.21250336], [16.36861895, 48.21251631]]]]}, "properties": {"id": 25548307, "bauperiode": "1884-1918"}}, {"type": "Feature", "geometry": {"type": "Polygon", "coordinates": [[[16.37171718, 48.20350077], [16.37170077, 48.20350572], [16.37169162, 48.20350195], [16.37169202, 48.20350105], [16.3716917, 48.20350086], [16.37169139, 48.20350067], [16.37169107, 48.20350049], [16.37169075, 48.2035003], [16.37169044, 48.20350011], [16.37169012, 48.20349993], [16.37168968, 48.20349967], [16.37168929, 48.20349944], [16.37168818, 48.20349879], [16.37168713, 48.20349819], [16.37168607, 48.20349759], [16.37168499, 48.203497], [16.37168392, 48.20349641], [16.37168284, 48.20349583], [16.37168176, 48.20349524], [16.37168067, 48.20349467], [16.37167958, 48.20349408], [16.37167849, 48.20349351], [16.3716774, 48.20349293], [16.37167631, 48.20349236], [16.37167522, 48.20349178], [16.37167413, 48.2034912], [16.37167306, 48.20349061], [16.37167198, 48.20349003], [16.3716709, 48.20348944], [16.37166983, 48.20348884], [16.37166876, 48.20348824], [16.37166771, 48.20348763], [16.37166666, 48.20348701], [16.37166563, 48.20348639], [16.37166475, 48.20348585], [16.37166389, 48.2034853], [16.37166304, 48.20348474], [16.37166219, 48.20348418], [16.37166137, 48.2034836], [16.37166055, 48.20348302], [16.37165976, 48.20348243], [16.37165896, 48.20348184], [16.37165818, 48.20348124], [16.3716574, 48.20348064], [16.37165664, 48.20348002], [16.37165588, 48.2034794], [16.37165514, 48.20347878], [16.3716544, 48.20347816], [16.37165366, 48.20347753], [16.37165293, 48.20347691], [16.37165222, 48.20347627], [16.37165151, 48.20347563], [16.37165081, 48.20347498], [16.37165009, 48.20347434], [16.37164941, 48.2034737], [16.37164863, 48.20347297], [16.37164837, 48.20347274], [16.37164809, 48.20347246], [16.37164784, 48.20347223], [16.37164751, 48.20347191], [16.37164719, 48.2034716], [16.3716469, 48.20347132], [16.37163865, 48.20347535], [16.37162709, 48.20347687], [16.37162608, 48.20348046], [16.37160239, 48.20347777], [16.37159755, 48.20347722], [16.37159812, 48.20347323], [16.3715879, 48.20347009], [16.37158029, 48.20346432], [16.37157672, 48.20345722], [16.37157801, 48.20345006], [16.37158285, 48.20344317], [16.37157858, 48.20344058], [16.37157974, 48.20343973], [16.37159847, 48.20342605], [16.37160253, 48.20342849], [16.37161308, 48.20342499], [16.3716233, 48.20342483], [16.37162327, 48.20342451], [16.37162325, 48.20342416], [16.37162323, 48.20342387], [16.37162321, 48.20342358], [16.37162319, 48.20342322], [16.37162317, 48.20342282], [16.37162312, 48.20342193], [16.3716231, 48.20342113], [16.37162308, 48.20342034], [16.37162307, 48.20341955], [16.37162307, 48.20341876], [16.37162308, 48.20341795], [16.37162309, 48.20341716], [16.37162312, 48.20341637], [16.37162316, 48.20341558], [16.3716232, 48.20341478], [16.37162325, 48.20341399], [16.37162332, 48.2034132], [16.37162339, 48.2034124], [16.37162347, 48.20341161], [16.37162356, 48.20341081], [16.37162365, 48.20341002], [16.37162376, 48.20340922], [16.37162388, 48.20340843], [16.37162402, 48.20340764], [16.37162415, 48.20340685], [16.37162428, 48.20340605], [16.37162444, 48.20340526], [16.37162463, 48.20340433], [16.37162483, 48.2034034], [16.37162505, 48.20340248], [16.37162528, 48.20340156], [16.37162552, 48.20340064], [16.37162577, 48.20339972], [16.37162603, 48.20339881], [16.37162631, 48.2033979], [16.37162659, 48.20339698], [16.37162689, 48.20339607], [16.3716272, 48.20339517], [16.3716275, 48.20339427], [16.37162784, 48.20339337], [16.37162818, 48.20339247], [16.37162854, 48.20339157], [16.3716289, 48.20339067], [16.37162928, 48.20338978], [16.37162965, 48.20338888], [16.37163006, 48.20338799], [16.37163047, 48.2033871], [16.37163089, 48.20338622], [16.37163139, 48.20338519], [16.37163154, 48.20338487], [16.37163168, 48.2033846], [16.37163184, 48.20338428], [16.37163203, 48.20338391], [16.37163221, 48.20338357], [16.37163234, 48.20338333], [16.37163124, 48.20338303], [16.37163543, 48.20337602], [16.37164506, 48.2033739], [16.37164573, 48.20337467], [16.37168019, 48.20336706], [16.37167991, 48.20336608], [16.37169106, 48.20336368], [16.37169404, 48.2033697], [16.37169362, 48.20336995], [16.3716958, 48.20337278], [16.37169691, 48.2033773], [16.37169328, 48.20337973], [16.37168683, 48.20338495], [16.371684, 48.20338774], [16.37168118, 48.20339062], [16.37167876, 48.20339358], [16.37167648, 48.20339664], [16.37167459, 48.2033997], [16.37167285, 48.20340294], [16.37167137, 48.20340618], [16.37167016, 48.20340941], [16.37166909, 48.20341274], [16.37166842, 48.20341616], [16.37166802, 48.20341949], [16.37166788, 48.20342291], [16.37166789, 48.20342623], [16.37166829, 48.20342965], [16.37166897, 48.20343298], [16.37166978, 48.20343639], [16.37167099, 48.20343963], [16.37167234, 48.20344287], [16.37167409, 48.20344611], [16.37167597, 48.20344925], [16.37167813, 48.20345231], [16.37168055, 48.20345528], [16.37168311, 48.20345815], [16.37168594, 48.20346103], [16.37168903, 48.20346373], [16.3716924, 48.20346625], [16.3716959, 48.20346876], [16.37169953, 48.2034711], [16.3717033, 48.20347326], [16.37170734, 48.20347532], [16.37171151, 48.2034773], [16.37171582, 48.20347901], [16.37172039, 48.20348063], [16.37172497, 48.20348215], [16.37172954, 48.20348341], [16.37173438, 48.20348458], [16.37173923, 48.20348548], [16.37174421, 48.20348628], [16.37174918, 48.20348691], [16.371752, 48.20348717], [16.37175376, 48.2034897], [16.37171718, 48.20350077]]]}, "properties": {"id": 25870018, "bauperiode": "1884-1918"}}, {"type": "Feature", "geometry": {"type": "Polygon", "coordinates": [[[16.37176937, 48.20348754], [16.37176425, 48.20348763], [16.37175928, 48.20348763], [16.37175416, 48.20348736], [16.371752, 48.20348717], [16.37174918, 48.20348691], [16.37174421, 48.20348628], [16.37173923, 48.20348548], [16.37173438, 48.20348458], [16.37172954, 48.20348341], [16.37172497, 48.20348215], [16.37172039, 48.20348063], [16.37171582, 48.20347901], [16.37171151, 48.2034773], [16.37170734, 48.20347532], [16.3717033, 48.20347326], [16.37169953, 48.2034711], [16.3716959, 48.20346876], [16.3716924, 48.20346625], [16.37168903, 48.20346373], [16.37168594, 48.20346103], [16.37168311, 48.20345815], [16.37168055, 48.20345528], [16.37167813, 48.20345231], [16.37167597, 48.20344925], [16.37167409, 48.20344611], [16.37167234, 48.20344287], [16.37167099, 48.20343963], [16.37166978, 48.20343639], [16.37166897, 48.20343298], [16.37166829, 48.20342965], [16.37166789, 48.20342623], [16.37166788, 48.20342291], [16.37166802, 48.20341949], [16.37166842, 48.20341616], [16.37166909, 48.20341274], [16.37167016, 48.20340941], [16.37167137, 48.20340618], [16.37167285, 48.20340294], [16.37167459, 48.2033997], [16.37167648, 48.20339664], [16.37167876, 48.20339358], [16.37168118, 48.20339062], [16.371684, 48.20338774], [16.37168683, 48.20338495], [16.37169328, 48.20337973], [16.37169691, 48.2033773], [16.3716958, 48.20337278], [16.37170129, 48.20337062], [16.37170203, 48.20337117], [16.37170933, 48.203367], [16.37171723, 48.20336335], [16.37172565, 48.20336026], [16.3717345, 48.20335776], [16.37173661, 48.20335727], [16.37174369, 48.20335588], [16.37175469, 48.2033545], [16.37176427, 48.20335402], [16.37177387, 48.20335421], [16.37178799, 48.2033842], [16.37179485, 48.20338267], [16.37183608, 48.20346593], [16.37183258, 48.20346845], [16.37182895, 48.20347079], [16.37182519, 48.20347304], [16.37182115, 48.20347511], [16.37181698, 48.20347709], [16.37181657, 48.20347726], [16.37181268, 48.2034788], [16.37180824, 48.20348051], [16.37180367, 48.20348195], [16.37179896, 48.2034833], [16.37179425, 48.20348438], [16.37178941, 48.20348537], [16.37178443, 48.20348618], [16.37177945, 48.20348681], [16.37177448, 48.20348726], [16.37176937, 48.20348754]]]}, "properties": {"id": 25870021, "bauperiode": "1884-1918"}}, {"type": "Feature", "geometry": {"type": "Polygon", "coordinates": [[[16.37188491, 48.20346583], [16.37184079, 48.20347555], [16.37183608, 48.20346593], [16.37179485, 48.20338267], [16.37178799, 48.2033842], [16.37177387, 48.20335421], [16.37177394, 48.20335335], [16.37178119, 48.20335354], [16.3717797, 48.20335058], [16.37177873, 48.20335086], [16.3717755, 48.20334481], [16.37178644, 48.20334203], [16.37178677, 48.20334242], [16.37182068, 48.20333492], [16.37188491, 48.20346583]]]}, "properties": {"id": 25870023, "bauperiode": "1884-1918"}}, {"type": "Feature", "geometry": {"type": "Polygon", "coordinates": [[[16.3719863, 48.20349405], [16.37196673, 48.20349874], [16.37195609, 48.20347839], [16.37190874, 48.20348965], [16.37186744, 48.20349029], [16.37182439, 48.2034868], [16.37181657, 48.20347726], [16.37181698, 48.20347709], [16.37182115, 48.20347511], [16.37182519, 48.20347304], [16.37182895, 48.20347079], [16.37183258, 48.20346845], [16.37183608, 48.20346593], [16.37184079, 48.20347555], [16.37188491, 48.20346583], [16.37188895, 48.20347419], [16.37199118, 48.20345158], [16.37201298, 48.20345778], [16.37202347, 48.20345535], [16.37203964, 48.20348628], [16.3719878, 48.2034987], [16.3719863, 48.20349405]]]}, "properties": {"id": 25870020, "bauperiode": "1884-1918"}}, {"type": "Feature", "geometry": {"type": "Polygon", "coordinates": [[[16.37207004, 48.20347917], [16.37203964, 48.20348628], [16.37202347, 48.20345535], [16.37201298, 48.20345778], [16.37199118, 48.20345158], [16.37188895, 48.20347419], [16.37188491, 48.20346583], [16.37182068, 48.20333492], [16.37181964, 48.20333228], [16.37192748, 48.20330798], [16.37192578, 48.20330494], [16.37193548, 48.20330285], [16.37193766, 48.20330726], [16.37193866, 48.20330704], [16.37196918, 48.20330029], [16.37197146, 48.20329978], [16.37196889, 48.2032954], [16.37197931, 48.2032932], [16.37198073, 48.20329602], [16.37208964, 48.20327146], [16.37218451, 48.20345233], [16.37210568, 48.20347079], [16.37207004, 48.20347917]]]}, "properties": {"id": 25870022, "bauperiode": "1884-1918"}}, {"type": "Feature", "geometry": {"type": "Polygon", "coordinates": [[[16.37227168, 48.20363604], [16.37200145, 48.20370609], [16.37200091, 48.20370546], [16.37199592, 48.20369116], [16.37196688, 48.20360807], [16.37196419, 48.20360027], [16.37196735, 48.20359945], [16.37205827, 48.20357594], [16.37204035, 48.20354519], [16.3720152, 48.20355167], [16.37198886, 48.20350076], [16.3719878, 48.2034987], [16.37203964, 48.20348628], [16.37207004, 48.20347917], [16.37208122, 48.20350057], [16.37211686, 48.20349219], [16.37210568, 48.20347079], [16.37218451, 48.20345233], [16.37221352, 48.20350769], [16.37222236, 48.20352456], [16.37227692, 48.20362866], [16.37227856, 48.20363098], [16.37227793, 48.20363361], [16.3722754, 48.20363542], [16.37227168, 48.20363604]]]}, "properties": {"id": 25870009, "bauperiode": "1884-1918"}}, {"type": "Feature", "geometry": {"type": "Polygon", "coordinates": [[[16.38472085, 48.19066215], [16.38471979, 48.19066236], [16.38470414, 48.19057322], [16.38469983, 48.19055546], [16.38469767, 48.19054406], [16.38471767, 48.19054251], [16.38473677, 48.19054107], [16.38490703, 48.19052831], [16.38490758, 48.19052827], [16.38494186, 48.1905256], [16.38495025, 48.19058082], [16.38496841, 48.19058018], [16.38497653, 48.19063287], [16.38494829, 48.19063505], [16.38494126, 48.19064535], [16.38494088, 48.19064537], [16.38493431, 48.19064602], [16.38475369, 48.19065968], [16.38473836, 48.19066076], [16.38472085, 48.19066215]]]}, "properties": {"id": 23378359, "bauperiode": "1884-1918"}}, {"type": "Feature", "geometry": {"type": "Polygon", "coordinates": [[[16.38510403, 48.19063315], [16.38494126, 48.19064535], [16.38494829, 48.19063505], [16.38497653, 48.19063287], [16.38496841, 48.19058018], [16.38498616, 48.190579], [16.3850926, 48.1905722], [16.38510119, 48.19061798], [16.38510161, 48.19062023], [16.38510403, 48.19063315]]]}, "properties": {"id": 23378360, "bauperiode": "1884-1918"}}, {"type": "Feature", "geometry": {"type": "Polygon", "coordinates": [[[16.3850926, 48.1905722], [16.38498616, 48.190579], [16.38497764, 48.19052292], [16.38504575, 48.19051782], [16.38508194, 48.19051511], [16.385087, 48.19054227], [16.3850926, 48.1905722]]]}, "properties": {"id": 23378367, "bauperiode": "1884-1918"}}, {"type": "Feature", "geometry": {"type": "Polygon", "coordinates": [[[16.38835432, 48.19790243], [16.38835184, 48.19792297], [16.38830725, 48.19792056], [16.38830865, 48.19790902], [16.38820482, 48.1979034], [16.38820342, 48.19791494], [16.38815632, 48.19791239], [16.38815885, 48.19789154], [16.38816098, 48.19787392], [16.38816414, 48.19784862], [16.38824185, 48.19785303], [16.38823887, 48.19787706], [16.38824276, 48.19787562], [16.38824558, 48.19787471], [16.3882484, 48.19787409], [16.3882515, 48.19787355], [16.38825446, 48.19787318], [16.38825755, 48.197873], [16.38826064, 48.197873], [16.38826374, 48.19787318], [16.38826683, 48.19787354], [16.38826979, 48.19787399], [16.38827262, 48.1978747], [16.38827544, 48.19787552], [16.38827814, 48.19787659], [16.38828458, 48.19787931], [16.38828759, 48.19785562], [16.38836523, 48.19786002], [16.38836209, 48.19788516], [16.38835658, 48.1978848], [16.38835432, 48.19790243]]]}, "properties": {"id": 24332053, "bauperiode": "1884-1918"}}, {"type": "Feature", "geometry": {"type": "Polygon", "coordinates": [[[16.38842695, 48.1979065], [16.38841284, 48.19801962], [16.38826771, 48.19801171], [16.38826768, 48.19801101], [16.38825525, 48.19801043], [16.3882358, 48.19800952], [16.38822376, 48.19800868], [16.38822382, 48.19800936], [16.38809012, 48.1980024], [16.38808179, 48.19800197], [16.38807765, 48.19800176], [16.38809172, 48.19788782], [16.38809508, 48.19788801], [16.38815885, 48.19789154], [16.38815632, 48.19791239], [16.38820342, 48.19791494], [16.38820482, 48.1979034], [16.38830865, 48.19790902], [16.38830725, 48.19792056], [16.38835184, 48.19792297], [16.38835432, 48.19790243], [16.38842695, 48.1979065]]]}, "properties": {"id": 24332072, "bauperiode": "1884-1918"}}, {"type": "Feature", "geometry": {"type": "Polygon", "coordinates": [[[16.38846098, 48.19762056], [16.38844491, 48.19784015], [16.38843859, 48.19783981], [16.38843522, 48.19783962], [16.38836823, 48.19783596], [16.38829586, 48.19783195], [16.38829064, 48.19783165], [16.38825389, 48.19782963], [16.38825404, 48.19782738], [16.38825521, 48.19781002], [16.38825999, 48.19774221], [16.38827718, 48.19750562], [16.38826162, 48.19750512], [16.38826364, 48.19747722], [16.3882792, 48.19747773], [16.38827922, 48.19747744], [16.38828252, 48.19741592], [16.38834709, 48.19741807], [16.38834372, 48.19746361], [16.38844081, 48.19746682], [16.38844419, 48.19742127], [16.38845054, 48.19742148], [16.38848699, 48.19742267], [16.38855156, 48.1974248], [16.38854719, 48.1974855], [16.38847105, 48.19748302], [16.38846098, 48.19762056]]]}, "properties": {"id": 24332032, "bauperiode": "1884-1918"}}, {"type": "Feature", "geometry": {"type": "Polygon", "coordinates": [[[16.38821257, 48.1978077], [16.38821017, 48.19782713], [16.38816712, 48.19782472], [16.38810349, 48.19782119], [16.38810012, 48.197821], [16.38803044, 48.19781714], [16.38795645, 48.19781303], [16.38795375, 48.19781288], [16.38793775, 48.19781196], [16.38793802, 48.19780971], [16.38793989, 48.19779416], [16.38796505, 48.19779558], [16.38796829, 48.19776876], [16.38791933, 48.197766], [16.38791874, 48.19777078], [16.38784798, 48.19776686], [16.38784717, 48.19775966], [16.38784256, 48.19771902], [16.3880173, 48.19772874], [16.38809358, 48.19773293], [16.38820806, 48.19773933], [16.38820352, 48.19777524], [16.38821657, 48.19777595], [16.38821257, 48.1978077]]]}, "properties": {"id": 24327465, "bauperiode": "1884-1918"}}, {"type": "Feature", "geometry": {"type": "Polygon", "coordinates": [[[16.38778692, 48.19777426], [16.38778977, 48.19779935], [16.38772196, 48.19778868], [16.38771847, 48.19778812], [16.38761272, 48.19777137], [16.38757237, 48.19777338], [16.38757211, 48.19777115], [16.38756829, 48.19773784], [16.3874814, 48.1977422], [16.38748547, 48.19777772], [16.38738273, 48.19778293], [16.38738073, 48.19778353], [16.3873727, 48.19770798], [16.38736991, 48.19768455], [16.38736088, 48.19760854], [16.3873588, 48.19759043], [16.38733873, 48.19741525], [16.38734103, 48.19741524], [16.38736324, 48.19741463], [16.38744448, 48.19741252], [16.38744801, 48.19744418], [16.38753518, 48.19744189], [16.38753233, 48.19741716], [16.38753165, 48.19741024], [16.3875447, 48.19740987], [16.38767921, 48.19740641], [16.38767988, 48.19740639], [16.38768257, 48.19740633], [16.38776987, 48.19740411], [16.38779583, 48.19740339], [16.38780713, 48.1974031], [16.38781392, 48.19746326], [16.38775756, 48.19746608], [16.38759507, 48.19747424], [16.38759862, 48.19750597], [16.38760403, 48.19755426], [16.38758683, 48.19755513], [16.38758768, 48.19756242], [16.38751284, 48.19756619], [16.38746199, 48.19756873], [16.3874681, 48.19762251], [16.387594, 48.19761618], [16.38759452, 48.19762059], [16.3876113, 48.19761967], [16.38761612, 48.19766241], [16.38762154, 48.19771039], [16.38784039, 48.1976995], [16.38784256, 48.19771902], [16.38784717, 48.19775966], [16.38780063, 48.19776193], [16.38778692, 48.19777426]]]}, "properties": {"id": 24327471, "bauperiode": "1884-1918"}}, {"type": "Feature", "geometry": {"type": "Polygon", "coordinates": [[[16.387594, 48.19761618], [16.3874681, 48.19762251], [16.38746199, 48.19756873], [16.38751284, 48.19756619], [16.38758768, 48.19756242], [16.38758683, 48.19755513], [16.38760403, 48.19755426], [16.38761843, 48.19755357], [16.38762224, 48.19755408], [16.38762596, 48.19755481], [16.38762957, 48.19755577], [16.38763303, 48.19755694], [16.38763633, 48.19755831], [16.38763942, 48.19755988], [16.38764229, 48.19756163], [16.38764491, 48.19756355], [16.38764727, 48.19756562], [16.38764761, 48.19756597], [16.38764933, 48.19756782], [16.3876535, 48.19760537], [16.38765238, 48.19760679], [16.38765203, 48.19760724], [16.38765032, 48.19760902], [16.38764841, 48.19761071], [16.38764629, 48.19761228], [16.38764398, 48.19761372], [16.3876415, 48.19761503], [16.38763878, 48.19761623], [16.3876361, 48.19761722], [16.38763322, 48.19761807], [16.38763024, 48.19761876], [16.3876113, 48.19761967], [16.38759452, 48.19762059], [16.387594, 48.19761618]]]}, "properties": {"id": 24332006, "bauperiode": "1884-1918"}}, {"type": "Feature", "geometry": {"type": "Polygon", "coordinates": [[[16.36529502, 48.19685613], [16.36526126, 48.19687646], [16.36523179, 48.19684841], [16.36519548, 48.19687046], [16.36516009, 48.19683683], [16.36518459, 48.19682173], [16.36522677, 48.1967958], [16.36529502, 48.19685613]]]}, "properties": {"id": 24149343, "bauperiode": "1884-1918"}}, {"type": "Feature", "geometry": {"type": "Polygon", "coordinates": [[[16.36527501, 48.19692853], [16.36520334, 48.19697217], [16.36516458, 48.1969353], [16.36521554, 48.19690436], [16.36526126, 48.19687646], [16.36529502, 48.19685613], [16.36522677, 48.1967958], [16.36526446, 48.1967726], [16.36529926, 48.19675118], [16.36530007, 48.1967519], [16.36533679, 48.19678839], [16.36534287, 48.19679443], [16.36534429, 48.19679583], [16.36535587, 48.19680718], [16.36535767, 48.19680895], [16.36536467, 48.19681582], [16.36536534, 48.1968151], [16.36540249, 48.19685116], [16.36540155, 48.19685143], [16.36532974, 48.19689506], [16.36530312, 48.19691135], [16.36528078, 48.19689013], [16.3652602, 48.19690264], [16.36528254, 48.19692385], [16.36527501, 48.19692853]]]}, "properties": {"id": 24149328, "bauperiode": "1884-1918"}}, {"type": "Feature", "geometry": {"type": "MultiPolygon", "coordinates": [[[[16.36902015, 48.18658556], [16.36901221, 48.18658709], [16.36885619, 48.18652305], [16.3688263, 48.18651077], [16.36882065, 48.18650845], [16.3688211, 48.18650802], [16.36889927, 48.18642057], [16.36898954, 48.18645669], [16.36899451, 48.18645112], [16.36897541, 48.18644348], [16.36896733, 48.18642513], [16.36899918, 48.18638942], [16.36899648, 48.18638304], [16.36905279, 48.18632007], [16.3692005, 48.18637911], [16.36919983, 48.18637965], [16.36920278, 48.18638073], [16.36911788, 48.18647595], [16.36910598, 48.18648929], [16.36902015, 48.18658556]], [[16.36899756, 48.18643299], [16.36901654, 48.18644057], [16.36902766, 48.1864281], [16.36900868, 48.18642054], [16.36899756, 48.18643299]]]]}, "properties": {"id": 23247648, "bauperiode": "1884-1918"}}, {"type": "Feature", "geometry": {"type": "Polygon", "coordinates": [[[16.37168547, 48.20835118], [16.37168535, 48.20835286], [16.3716698, 48.20835143], [16.3716735, 48.20833824], [16.37163572, 48.20833293], [16.37162848, 48.20832443], [16.37162055, 48.2083162], [16.37161196, 48.20830829], [16.37160273, 48.20830071], [16.37159289, 48.20829346], [16.37158248, 48.20828659], [16.37157151, 48.20828012], [16.37156002, 48.20827405], [16.37154807, 48.20826843], [16.37153566, 48.20826324], [16.37152285, 48.20825852], [16.37150966, 48.20825428], [16.37149615, 48.20825052], [16.37148236, 48.20824726], [16.37146831, 48.20824452], [16.37145439, 48.20824234], [16.3714403, 48.20824066], [16.3714261, 48.2082395], [16.37141183, 48.20823884], [16.37139987, 48.20823872], [16.37139752, 48.2082387], [16.37138324, 48.20823906], [16.37136899, 48.20823995], [16.37135484, 48.20824134], [16.37134082, 48.20824323], [16.37132696, 48.20824564], [16.37131333, 48.20824852], [16.37129995, 48.20825189], [16.37128685, 48.20825575], [16.37127408, 48.20826006], [16.37126168, 48.20826483], [16.37124925, 48.20826692], [16.3712458, 48.20825559], [16.37124757, 48.20825499], [16.37124933, 48.20825436], [16.37125106, 48.2082537], [16.37125275, 48.208253], [16.37125442, 48.20825226], [16.37125605, 48.20825149], [16.37125763, 48.20825069], [16.37125919, 48.20824987], [16.37126071, 48.208249], [16.37126219, 48.20824811], [16.37126363, 48.20824719], [16.37126503, 48.20824624], [16.37126639, 48.20824527], [16.37126769, 48.20824426], [16.37126896, 48.20824323], [16.37127019, 48.20824216], [16.37127139, 48.20824106], [16.37127253, 48.20823994], [16.37127362, 48.20823879], [16.37127464, 48.20823762], [16.37127564, 48.20823644], [16.37127655, 48.20823523], [16.37127743, 48.208234], [16.37127825, 48.20823276], [16.371279, 48.2082315], [16.3712797, 48.20823026], [16.37134051, 48.20822804], [16.37134071, 48.20822779], [16.37134091, 48.20822754], [16.37134113, 48.20822728], [16.37134134, 48.20822704], [16.37134157, 48.20822679], [16.37134179, 48.20822655], [16.37134258, 48.20822568], [16.37134339, 48.20822484], [16.37134426, 48.20822401], [16.3713452, 48.20822323], [16.37134625, 48.20822249], [16.37134742, 48.20822181], [16.37134855, 48.20822127], [16.37134974, 48.20822082], [16.37135095, 48.20822042], [16.37135218, 48.20822008], [16.37135345, 48.20821976], [16.37135473, 48.20821947], [16.37135513, 48.20821938], [16.37135553, 48.20821929], [16.37135595, 48.2082192], [16.37135635, 48.20821911], [16.37135676, 48.20821903], [16.37135717, 48.20821896], [16.37135763, 48.20821877], [16.37135853, 48.20821839], [16.37135857, 48.20821786], [16.37135988, 48.20821749], [16.37135903, 48.20821374], [16.37135951, 48.20821373], [16.37136, 48.20821372], [16.37136041, 48.20821371], [16.37136103, 48.2082137], [16.37136152, 48.20821368], [16.37136193, 48.20821368], [16.37136242, 48.20821366], [16.37136426, 48.20821363], [16.37136605, 48.20821358], [16.37136783, 48.20821354], [16.37136962, 48.20821352], [16.37137139, 48.20821348], [16.37137317, 48.20821345], [16.37137496, 48.20821343], [16.37137673, 48.2082134], [16.37137852, 48.20821337], [16.3713803, 48.20821334], [16.37138209, 48.20821332], [16.37138386, 48.20821331], [16.37138565, 48.20821329], [16.37138743, 48.20821327], [16.37138921, 48.20821325], [16.371391, 48.20821323], [16.37139277, 48.20821322], [16.37139456, 48.2082132], [16.37139634, 48.20821319], [16.37139813, 48.20821318], [16.3713999, 48.20821317], [16.37140169, 48.20821316], [16.37140347, 48.20821314], [16.37140526, 48.20821313], [16.37140703, 48.20821312], [16.37140931, 48.20821311], [16.37141158, 48.20821311], [16.37141387, 48.20821311], [16.37141614, 48.20821312], [16.37141842, 48.20821315], [16.37142069, 48.20821319], [16.37142296, 48.20821323], [16.37142525, 48.20821329], [16.37142752, 48.20821336], [16.3714298, 48.20821344], [16.37143207, 48.20821354], [16.37143433, 48.20821366], [16.37143661, 48.20821378], [16.37143888, 48.20821394], [16.37144114, 48.2082141], [16.3714434, 48.20821428], [16.37144567, 48.20821447], [16.37144794, 48.20821469], [16.37145018, 48.20821493], [16.37145244, 48.20821519], [16.3714547, 48.20821547], [16.37145695, 48.20821577], [16.3714592, 48.2082161], [16.37146144, 48.20821644], [16.37146368, 48.20821682], [16.37146572, 48.20821717], [16.37146777, 48.20821753], [16.3714698, 48.2082179], [16.37147182, 48.20821828], [16.37147384, 48.20821866], [16.37147584, 48.20821904], [16.37147786, 48.20821944], [16.37147985, 48.20821983], [16.37148186, 48.20822024], [16.37148385, 48.20822064], [16.37148583, 48.20822105], [16.37148782, 48.20822148], [16.3714898, 48.2082219], [16.37149178, 48.20822232], [16.37149374, 48.20822275], [16.37149572, 48.20822318], [16.37149768, 48.20822361], [16.37149966, 48.20822405], [16.37150163, 48.2082245], [16.37150359, 48.20822494], [16.37150555, 48.20822539], [16.37150752, 48.20822585], [16.37150948, 48.2082263], [16.37151146, 48.20822676], [16.37151356, 48.20822725], [16.3715141, 48.20822737], [16.37151464, 48.2082275], [16.37151518, 48.20822762], [16.37151571, 48.20822775], [16.37151625, 48.20822787], [16.37151679, 48.208228], [16.37151733, 48.20822813], [16.37151786, 48.20822825], [16.37151839, 48.20822838], [16.3715188, 48.20822847], [16.3715192, 48.20822857], [16.37151974, 48.2082287], [16.37152027, 48.20822882], [16.37152082, 48.20822896], [16.37152131, 48.20822908], [16.3715217, 48.20822917], [16.37152215, 48.20822929], [16.37152276, 48.20822945], [16.37152324, 48.20822957], [16.37152469, 48.20822995], [16.371526, 48.2082303], [16.37152731, 48.20823067], [16.37152862, 48.20823103], [16.37152991, 48.20823141], [16.37153122, 48.20823179], [16.37153251, 48.20823216], [16.3715338, 48.20823256], [16.37153508, 48.20823295], [16.37153637, 48.20823335], [16.37153765, 48.20823375], [16.37153891, 48.20823417], [16.37154019, 48.20823458], [16.37154146, 48.208235], [16.37154272, 48.20823543], [16.37154397, 48.20823587], [16.37154523, 48.20823631], [16.37154648, 48.20823675], [16.37154773, 48.2082372], [16.37154897, 48.20823765], [16.37155021, 48.20823812], [16.37155143, 48.20823859], [16.37155267, 48.20823906], [16.37155389, 48.20823953], [16.3715551, 48.20824002], [16.37157712, 48.20824949], [16.37159784, 48.20826018], [16.37161712, 48.20827202], [16.37163482, 48.20828491], [16.37165081, 48.20829877], [16.37166363, 48.20831206], [16.37166497, 48.20831349], [16.3716762, 48.20832692], [16.37167788, 48.20832917], [16.37168609, 48.20834081], [16.37168644, 48.20834066], [16.37168677, 48.20834051], [16.37168713, 48.20834037], [16.37168748, 48.20834023], [16.37168785, 48.20834009], [16.37168834, 48.20833991], [16.37168789, 48.20834124], [16.3716873, 48.20834288], [16.37168677, 48.20834452], [16.37168633, 48.20834618], [16.37168597, 48.20834783], [16.37168569, 48.2083495], [16.37168547, 48.20835118]]]}, "properties": {"id": 25408336, "bauperiode": "Nach 1976"}}, {"type": "Feature", "geometry": {"type": "Polygon", "coordinates": [[[16.37158702, 48.20848126], [16.37158514, 48.20848135], [16.37158339, 48.20848117], [16.37158178, 48.2084809], [16.37158016, 48.20848045], [16.37157868, 48.20847982], [16.37157733, 48.2084791], [16.37156131, 48.20846373], [16.37155765, 48.20846021], [16.37151459, 48.20841896], [16.37148042, 48.20843492], [16.37147622, 48.20843688], [16.37144058, 48.20840315], [16.37142376, 48.20838706], [16.37137886, 48.20840966], [16.37130816, 48.20834305], [16.37127401, 48.20834812], [16.37124925, 48.20826692], [16.37126168, 48.20826483], [16.37127408, 48.20826006], [16.37128685, 48.20825575], [16.37129995, 48.20825189], [16.37131333, 48.20824852], [16.37132696, 48.20824564], [16.37134082, 48.20824323], [16.37135484, 48.20824134], [16.37136899, 48.20823995], [16.37138324, 48.20823906], [16.37139752, 48.2082387], [16.37139987, 48.20823872], [16.37141292, 48.20827986], [16.3714183, 48.20828355], [16.37142396, 48.20828724], [16.37142974, 48.20829065], [16.3714358, 48.20829407], [16.37144186, 48.20829721], [16.37144818, 48.20830036], [16.37145451, 48.20830323], [16.3714611, 48.20830611], [16.37146783, 48.20830872], [16.3714747, 48.20831123], [16.37148156, 48.20831357], [16.37148869, 48.20831581], [16.37149582, 48.20831788], [16.37150309, 48.20831977], [16.37151036, 48.20832147], [16.37151789, 48.20832309], [16.37152529, 48.20832444], [16.37153283, 48.20832569], [16.3715405, 48.20832677], [16.37154817, 48.20832767], [16.37155584, 48.20832847], [16.37155558, 48.20835222], [16.37159972, 48.20835247], [16.37159946, 48.2083674], [16.37163067, 48.20836757], [16.37163068, 48.20837362], [16.37153048, 48.20839514], [16.37153638, 48.20840744], [16.37153894, 48.20841185], [16.37154164, 48.20841616], [16.3715446, 48.20842048], [16.3715477, 48.2084247], [16.3715512, 48.20842884], [16.37155483, 48.20843289], [16.3715586, 48.20843684], [16.3715708, 48.20844813], [16.37166502, 48.20840511], [16.37166666, 48.20840423], [16.37166832, 48.20840337], [16.37166998, 48.20840253], [16.37167168, 48.2084017], [16.37167337, 48.20840088], [16.37167509, 48.20840008], [16.37167683, 48.20839929], [16.37167858, 48.20839852], [16.37168034, 48.20839776], [16.37168211, 48.20839702], [16.37168377, 48.20839634], [16.37168542, 48.20839568], [16.37168711, 48.20839504], [16.37168879, 48.20839441], [16.37169048, 48.20839379], [16.37169219, 48.20839317], [16.37169391, 48.20839258], [16.37169563, 48.208392], [16.37169737, 48.20839144], [16.37169912, 48.20839088], [16.37170088, 48.20839034], [16.37174889, 48.20837462], [16.37176713, 48.20837238], [16.37177617, 48.20838412], [16.37175922, 48.20838979], [16.3717304, 48.20839892], [16.37172315, 48.20840121], [16.37173153, 48.2084134], [16.37171938, 48.20841725], [16.37171816, 48.20841764], [16.37170215, 48.20842277], [16.37168722, 48.20842961], [16.37167041, 48.20843762], [16.37165602, 48.2084441], [16.37164284, 48.20845039], [16.37159926, 48.20847073], [16.37159939, 48.20847199], [16.37159913, 48.20847316], [16.37159886, 48.20847442], [16.37159819, 48.20847559], [16.37159738, 48.20847667], [16.3715963, 48.20847766], [16.37159509, 48.20847865], [16.37159375, 48.20847946], [16.37159213, 48.20848009], [16.37159052, 48.20848063], [16.37158877, 48.20848108], [16.37158702, 48.20848126]]]}, "properties": {"id": 25408352, "bauperiode": "Nach 1976"}}, {"type": "Feature", "geometry": {"type": "Polygon", "coordinates": [[[16.37164543, 48.20837045], [16.37163068, 48.20837362], [16.37163067, 48.20836757], [16.37159946, 48.2083674], [16.37159972, 48.20835247], [16.37155558, 48.20835222], [16.37155584, 48.20832847], [16.37154817, 48.20832767], [16.3715405, 48.20832677], [16.37153283, 48.20832569], [16.37152529, 48.20832444], [16.37151789, 48.20832309], [16.37151036, 48.20832147], [16.37150309, 48.20831977], [16.37149582, 48.20831788], [16.37148869, 48.20831581], [16.37148156, 48.20831357], [16.3714747, 48.20831123], [16.37146783, 48.20830872], [16.3714611, 48.20830611], [16.37145451, 48.20830323], [16.37144818, 48.20830036], [16.37144186, 48.20829721], [16.3714358, 48.20829407], [16.37142974, 48.20829065], [16.37142396, 48.20828724], [16.3714183, 48.20828355], [16.37141292, 48.20827986], [16.37139987, 48.20823872], [16.37141183, 48.20823884], [16.3714261, 48.2082395], [16.3714403, 48.20824066], [16.37145439, 48.20824234], [16.37146831, 48.20824452], [16.37148236, 48.20824726], [16.37149615, 48.20825052], [16.37150966, 48.20825428], [16.37152285, 48.20825852], [16.37153566, 48.20826324], [16.37154807, 48.20826843], [16.37156002, 48.20827405], [16.37157151, 48.20828012], [16.37158248, 48.20828659], [16.37159289, 48.20829346], [16.37160273, 48.20830071], [16.37161196, 48.20830829], [16.37162055, 48.2083162], [16.37162848, 48.20832443], [16.37163572, 48.20833293], [16.3716735, 48.20833824], [16.3716698, 48.20835143], [16.37168535, 48.20835286], [16.37168547, 48.20835118], [16.37168569, 48.2083495], [16.37168597, 48.20834783], [16.37168633, 48.20834618], [16.37168677, 48.20834452], [16.3716873, 48.20834288], [16.37168789, 48.20834124], [16.37168834, 48.20833991], [16.3716893, 48.20833955], [16.37169042, 48.20833917], [16.37169153, 48.20833882], [16.37169268, 48.20833853], [16.37169382, 48.2083383], [16.37169499, 48.20833815], [16.37169646, 48.2083381], [16.37169796, 48.20833817], [16.37169965, 48.20833838], [16.37170098, 48.2083386], [16.37170246, 48.20833891], [16.37170392, 48.20833924], [16.37170433, 48.20833933], [16.37170472, 48.20833943], [16.37170511, 48.20833953], [16.3717055, 48.20833962], [16.37170589, 48.20833973], [16.37170628, 48.20833984], [16.3717018, 48.2083412], [16.37170151, 48.20834208], [16.37172937, 48.20833941], [16.37172997, 48.20834177], [16.37173089, 48.20834528], [16.37168006, 48.20836192], [16.37167822, 48.20836248], [16.37167637, 48.20836303], [16.37167452, 48.20836357], [16.37167265, 48.2083641], [16.37167079, 48.20836462], [16.37166891, 48.20836513], [16.37166702, 48.20836563], [16.37166514, 48.20836611], [16.37166324, 48.20836659], [16.37166129, 48.20836707], [16.37165933, 48.20836754], [16.37165737, 48.20836799], [16.37165539, 48.20836843], [16.37165341, 48.20836886], [16.37165142, 48.20836927], [16.37164943, 48.20836968], [16.37164744, 48.20837008], [16.37164543, 48.20837045]]]}, "properties": {"id": 25408338, "bauperiode": "Nach 1976"}}, {"type": "Feature", "geometry": {"type": "Polygon", "coordinates": [[[16.37166502, 48.20840511], [16.3715708, 48.20844813], [16.3715586, 48.20843684], [16.37155483, 48.20843289], [16.3715512, 48.20842884], [16.3715477, 48.2084247], [16.3715446, 48.20842048], [16.37154164, 48.20841616], [16.37153894, 48.20841185], [16.37153638, 48.20840744], [16.37153048, 48.20839514], [16.37163068, 48.20837362], [16.37164543, 48.20837045], [16.37164744, 48.20837008], [16.37164943, 48.20836968], [16.37165142, 48.20836927], [16.37165341, 48.20836886], [16.37165539, 48.20836843], [16.37165737, 48.20836799], [16.37165933, 48.20836754], [16.37166129, 48.20836707], [16.37166324, 48.20836659], [16.37166514, 48.20836611], [16.37166702, 48.20836563], [16.37166891, 48.20836513], [16.37167079, 48.20836462], [16.37167265, 48.2083641], [16.37167452, 48.20836357], [16.37167637, 48.20836303], [16.37167822, 48.20836248], [16.37168006, 48.20836192], [16.37173089, 48.20834528], [16.3717339, 48.2083569], [16.37173443, 48.20835895], [16.37173838, 48.20837421], [16.37173881, 48.20837587], [16.37174889, 48.20837462], [16.37170088, 48.20839034], [16.37169912, 48.20839088], [16.37169737, 48.20839144], [16.37169563, 48.208392], [16.37169391, 48.20839258], [16.37169219, 48.20839317], [16.37169048, 48.20839379], [16.37168879, 48.20839441], [16.37168711, 48.20839504], [16.37168542, 48.20839568], [16.37168377, 48.20839634], [16.37168211, 48.20839702], [16.37168034, 48.20839776], [16.37167858, 48.20839852], [16.37167683, 48.20839929], [16.37167509, 48.20840008], [16.37167337, 48.20840088], [16.37167168, 48.2084017], [16.37166998, 48.20840253], [16.37166832, 48.20840337], [16.37166666, 48.20840423], [16.37166502, 48.20840511]]]}, "properties": {"id": 25408348, "bauperiode": "Nach 1976"}}, {"type": "Feature", "geometry": {"type": "Polygon", "coordinates": [[[16.38278926, 48.20775393], [16.38267587, 48.20778896], [16.38264623, 48.20774743], [16.3827576, 48.20771087], [16.38278926, 48.20775393]]]}, "properties": {"id": 24792459, "bauperiode": "1860-1883"}}, {"type": "Feature", "geometry": {"type": "Polygon", "coordinates": [[[16.38299697, 48.20831413], [16.38294222, 48.20833169], [16.38275278, 48.20806952], [16.38275106, 48.20806714], [16.38274933, 48.20806475], [16.38274761, 48.20806237], [16.38274589, 48.20805998], [16.38274417, 48.2080576], [16.38274244, 48.20805521], [16.38274072, 48.20805283], [16.38273899, 48.20805044], [16.38273727, 48.20804805], [16.38273554, 48.20804567], [16.38273382, 48.20804329], [16.3827321, 48.2080409], [16.38273037, 48.20803851], [16.38272865, 48.20803613], [16.38272693, 48.20803375], [16.38272521, 48.20803136], [16.38272348, 48.20802898], [16.38272176, 48.20802659], [16.38272004, 48.20802421], [16.38271831, 48.20802182], [16.38271659, 48.20801943], [16.38271487, 48.20801705], [16.38271314, 48.20801467], [16.38271142, 48.20801228], [16.38270969, 48.2080099], [16.38270797, 48.20800751], [16.38270625, 48.20800513], [16.38270452, 48.20800274], [16.3827028, 48.20800036], [16.38270108, 48.20799797], [16.38266027, 48.2079415], [16.38271488, 48.20792385], [16.38299697, 48.20831413]]]}, "properties": {"id": 24795934, "bauperiode": "1860-1883"}}, {"type": "Feature", "geometry": {"type": "Polygon", "coordinates": [[[16.38282563, 48.20780338], [16.38271278, 48.20784057], [16.38267587, 48.20778896], [16.38278926, 48.20775393], [16.38282563, 48.20780338]]]}, "properties": {"id": 24792447, "bauperiode": "1860-1883"}}, {"type": "Feature", "geometry": {"type": "Polygon", "coordinates": [[[16.38292623, 48.20845035], [16.38279598, 48.20849245], [16.38271222, 48.20840642], [16.38273777, 48.20839742], [16.38289944, 48.20834544], [16.38294222, 48.20833169], [16.38299697, 48.20831413], [16.38306419, 48.20840574], [16.38300724, 48.20842415], [16.38297102, 48.20843587], [16.38296677, 48.20843724], [16.38296329, 48.20843239], [16.38292692, 48.20844405], [16.38293049, 48.20844897], [16.38292623, 48.20845035]]]}, "properties": {"id": 24792375, "bauperiode": "1860-1883"}}, {"type": "Feature", "geometry": {"type": "MultiPolygon", "coordinates": [[[[16.38329548, 48.20837056], [16.38308642, 48.20843784], [16.38306419, 48.20840574], [16.38299697, 48.20831413], [16.38271488, 48.20792385], [16.38265075, 48.20783511], [16.38262677, 48.20780193], [16.38258341, 48.20774196], [16.38258192, 48.2077399], [16.38277713, 48.20767732], [16.38278902, 48.20767286], [16.38283643, 48.20773802], [16.38285589, 48.20776486], [16.38293597, 48.20787518], [16.38308276, 48.20807747], [16.38320686, 48.20824844], [16.38322638, 48.20827535], [16.38322958, 48.20827975], [16.38329548, 48.20837056]], [[16.38267587, 48.20778896], [16.38271278, 48.20784057], [16.38282563, 48.20780338], [16.38278926, 48.20775393], [16.3827576, 48.20771087], [16.38264623, 48.20774743], [16.38267587, 48.20778896]], [[16.38307159, 48.20836363], [16.38309501, 48.20839976], [16.38322479, 48.2083581], [16.38319839, 48.20832277], [16.38307159, 48.20836363]], [[16.38309742, 48.20825491], [16.38311304, 48.20827559], [16.38315568, 48.20826235], [16.38314086, 48.20824158], [16.38309742, 48.20825491]]]]}, "properties": {"id": 24792382, "bauperiode": "1860-1883"}}, {"type": "Feature", "geometry": {"type": "Polygon", "coordinates": [[[16.38322479, 48.2083581], [16.38309501, 48.20839976], [16.38307159, 48.20836363], [16.38319839, 48.20832277], [16.38322479, 48.2083581]]]}, "properties": {"id": 24792384, "bauperiode": "1860-1883"}}, {"type": "Feature", "geometry": {"type": "Polygon", "coordinates": [[[16.38255387, 48.2086222], [16.38245951, 48.20866526], [16.38227987, 48.20848934], [16.3822683, 48.20849546], [16.38220811, 48.20843738], [16.38220845, 48.20843718], [16.38221026, 48.20843612], [16.38220692, 48.20843281], [16.3821941, 48.20842006], [16.38219073, 48.20841671], [16.38218872, 48.20841779], [16.38212893, 48.20835971], [16.38214211, 48.20835431], [16.38196206, 48.20817866], [16.38198345, 48.2081684], [16.38203482, 48.20814436], [16.38231173, 48.20801484], [16.38234335, 48.20804551], [16.38249258, 48.20819023], [16.38250469, 48.20818518], [16.38264703, 48.20832524], [16.38263533, 48.20833127], [16.38271222, 48.20840642], [16.38279598, 48.20849245], [16.38280945, 48.20850558], [16.38255387, 48.2086222]]]}, "properties": {"id": 24792361, "bauperiode": "1860-1883"}}, {"type": "Feature", "geometry": {"type": "Polygon", "coordinates": [[[16.38254244, 48.20798066], [16.38243928, 48.20801416], [16.38230804, 48.20783116], [16.38230659, 48.20782913], [16.38241002, 48.20779618], [16.38254244, 48.20798066]]]}, "properties": {"id": 24795933, "bauperiode": "1860-1883"}}, {"type": "Feature", "geometry": {"type": "Polygon", "coordinates": [[[16.38261397, 48.20795758], [16.38254244, 48.20798066], [16.38241002, 48.20779618], [16.38248332, 48.20777213], [16.38248482, 48.2077742], [16.38252872, 48.2078348], [16.38255149, 48.20786618], [16.38261696, 48.20795662], [16.38261397, 48.20795758]]]}, "properties": {"id": 24792431, "bauperiode": "1860-1883"}}, {"type": "Feature", "geometry": {"type": "MultiPolygon", "coordinates": [[[[16.37614106, 48.18839913], [16.37614059, 48.1884004], [16.37598742, 48.18838336], [16.37596292, 48.18838064], [16.37583817, 48.18836677], [16.37586513, 48.18825854], [16.37593062, 48.18826583], [16.37593156, 48.18826215], [16.37597958, 48.18826752], [16.37598018, 48.1882651], [16.37598481, 48.1882466], [16.37599084, 48.18822246], [16.37587719, 48.18820983], [16.3759044, 48.18810037], [16.37590776, 48.18810074], [16.37620704, 48.18813407], [16.37619459, 48.18818311], [16.37617928, 48.18824344], [16.37605097, 48.18822919], [16.37605285, 48.18823108], [16.3760546, 48.18823305], [16.37605608, 48.18823512], [16.37605729, 48.18823728], [16.37605837, 48.18823953], [16.37605918, 48.18824178], [16.37605972, 48.18824402], [16.37605999, 48.18824636], [16.37605999, 48.18824861], [16.37605986, 48.18825095], [16.37605946, 48.18825329], [16.37605865, 48.18825554], [16.37605785, 48.18825769], [16.37605664, 48.18825994], [16.37605516, 48.18826201], [16.37605355, 48.18826408], [16.3760518, 48.18826597], [16.37604978, 48.18826786], [16.3760475, 48.18826966], [16.37604508, 48.18827128], [16.37604253, 48.18827281], [16.3760397, 48.18827425], [16.37608369, 48.18827909], [16.37608275, 48.18828278], [16.37616695, 48.1882921], [16.37614724, 48.1883736], [16.37614106, 48.18839913]], [[16.37599005, 48.18824063], [16.37599693, 48.18826554], [16.37605422, 48.18825842], [16.37604734, 48.18823351], [16.37599005, 48.18824063]], [[16.37605808, 48.18821039], [16.37607893, 48.18821272], [16.37608603, 48.18818439], [16.37606518, 48.18818206], [16.37605808, 48.18821039]]]]}, "properties": {"id": 23246013, "bauperiode": "1884-1918"}}, {"type": "Feature", "geometry": {"type": "Polygon", "coordinates": [[[16.37586513, 48.18825854], [16.37583817, 48.18836677], [16.375685, 48.18835021], [16.37566046, 48.18834756], [16.37553554, 48.18833405], [16.37556249, 48.18822486], [16.37562638, 48.18823194], [16.37562731, 48.18822834], [16.37567426, 48.18823354], [16.37568552, 48.18818848], [16.3755779, 48.18817649], [16.37557455, 48.18817611], [16.37557856, 48.18815992], [16.37560164, 48.18806666], [16.3759044, 48.18810037], [16.37587719, 48.18820983], [16.37587382, 48.18820946], [16.37574564, 48.18819521], [16.37574753, 48.1881971], [16.37574928, 48.18819907], [16.37575076, 48.18820114], [16.37575197, 48.1882033], [16.37575305, 48.18820555], [16.37575386, 48.1882078], [16.3757544, 48.18821004], [16.37575467, 48.18821238], [16.37575467, 48.18821463], [16.37575454, 48.18821697], [16.37575413, 48.18821931], [16.37575333, 48.18822156], [16.37575239, 48.18822371], [16.37575131, 48.18822596], [16.37574984, 48.18822803], [16.37574822, 48.1882301], [16.37574648, 48.18823208], [16.37574218, 48.18823568], [16.37573976, 48.1882373], [16.3757372, 48.18823883], [16.37573438, 48.18824027], [16.37578092, 48.18824538], [16.37577998, 48.18824907], [16.37586177, 48.18825817], [16.37586513, 48.18825854]]]}, "properties": {"id": 23246017, "bauperiode": "1884-1918"}}, {"type": "Feature", "geometry": {"type": "MultiPolygon", "coordinates": [[[[16.37560164, 48.18806666], [16.37557856, 48.18815992], [16.37552208, 48.18815365], [16.37551334, 48.1881568], [16.37551522, 48.1881505], [16.37539565, 48.18813876], [16.3753935, 48.18814407], [16.37527701, 48.18813108], [16.37527366, 48.18813071], [16.37529927, 48.18802224], [16.37560095, 48.18805577], [16.37560418, 48.18805613], [16.37560164, 48.18806666]], [[16.37547391, 48.18811364], [16.37541916, 48.18810755], [16.37541581, 48.18812122], [16.37547055, 48.18812731], [16.37547391, 48.18811364]]]]}, "properties": {"id": 23246063, "bauperiode": "1884-1918"}}, {"type": "Feature", "geometry": {"type": "MultiPolygon", "coordinates": [[[[16.3754643, 48.18821077], [16.37544928, 48.18826627], [16.37536723, 48.18825658], [16.37538115, 48.18819452], [16.3753935, 48.18814407], [16.37539565, 48.18813876], [16.37551522, 48.1881505], [16.37551334, 48.1881568], [16.37550141, 48.18820519], [16.37549671, 48.18821499], [16.3754643, 48.18821077]], [[16.37539099, 48.18820288], [16.37543807, 48.18820817], [16.37544464, 48.18818155], [16.37539756, 48.18817626], [16.37539099, 48.18820288]], [[16.37544225, 48.18822751], [16.37539746, 48.18822249], [16.37539344, 48.18823886], [16.37543823, 48.18824388], [16.37544225, 48.18822751]]]]}, "properties": {"id": 23246033, "bauperiode": "1884-1918"}}, {"type": "Feature", "geometry": {"type": "Polygon", "coordinates": [[[16.37556249, 48.18822486], [16.37553554, 48.18833405], [16.37539175, 48.18831856], [16.37538472, 48.18831779], [16.37537144, 48.18831637], [16.3753652, 48.1883157], [16.37523344, 48.1883015], [16.37525991, 48.18818917], [16.37526186, 48.1881809], [16.37526522, 48.18818127], [16.3752967, 48.18818475], [16.37529911, 48.18817549], [16.37536376, 48.18818271], [16.37537086, 48.18818809], [16.37537092, 48.18819347], [16.37538115, 48.18819452], [16.37536723, 48.18825658], [16.37544928, 48.18826627], [16.3754643, 48.18821077], [16.37549671, 48.18821499], [16.37550141, 48.18820519], [16.37551137, 48.18821183], [16.37556436, 48.18821766], [16.37556249, 48.18822486]]]}, "properties": {"id": 23248248, "bauperiode": "1884-1918"}}, {"type": "Feature", "geometry": {"type": "Polygon", "coordinates": [[[16.35008031, 48.1992448], [16.35006055, 48.19928743], [16.34989238, 48.19925256], [16.34985727, 48.19924528], [16.34988698, 48.19918133], [16.34999677, 48.19920873], [16.3500534, 48.19922286], [16.35004331, 48.19924085], [16.35006282, 48.1992457], [16.35006538, 48.19924111], [16.35008031, 48.1992448]]]}, "properties": {"id": 23528046, "bauperiode": "1884-1918"}}, {"type": "Feature", "geometry": {"type": "Polygon", "coordinates": [[[16.35026992, 48.19941862], [16.35026487, 48.19942971], [16.35022442, 48.19942149], [16.35019124, 48.19941474], [16.35019862, 48.19939852], [16.35010826, 48.19938017], [16.35015128, 48.19928565], [16.35030079, 48.19931606], [16.35028914, 48.19934167], [16.3502446, 48.19933261], [16.35023676, 48.19934982], [16.35022741, 48.19937035], [16.35025055, 48.19937505], [16.3502599, 48.19935453], [16.35026579, 48.19935573], [16.3502537, 48.19938229], [16.35028368, 48.19938839], [16.35026992, 48.19941862]]]}, "properties": {"id": 23530588, "bauperiode": "1884-1918"}}, {"type": "Feature", "geometry": {"type": "Polygon", "coordinates": [[[16.34999628, 48.19942557], [16.34996738, 48.19948781], [16.3497637, 48.19944647], [16.34979261, 48.19938423], [16.34999628, 48.19942557]]]}, "properties": {"id": 23528004, "bauperiode": "1884-1918"}}, {"type": "Feature", "geometry": {"type": "Polygon", "coordinates": [[[16.35027094, 48.19948817], [16.35024531, 48.19954425], [16.35022562, 48.19954022], [16.35021895, 48.19953886], [16.34996738, 48.19948781], [16.34999628, 48.19942557], [16.35001793, 48.19937917], [16.35001892, 48.19937702], [16.35006055, 48.19928743], [16.35008031, 48.1992448], [16.35008663, 48.19923113], [16.35035375, 48.19929762], [16.35033266, 48.19934396], [16.35032993, 48.19934996], [16.35028914, 48.19934167], [16.35030079, 48.19931606], [16.35015128, 48.19928565], [16.35010826, 48.19938017], [16.35019862, 48.19939852], [16.35019124, 48.19941474], [16.35022442, 48.19942149], [16.35021717, 48.19943751], [16.35019161, 48.1994323], [16.35017502, 48.19946867], [16.35026342, 48.19948664], [16.35027094, 48.19948817]]]}, "properties": {"id": 23530598, "bauperiode": "1884-1918"}}, {"type": "Feature", "geometry": {"type": "Polygon", "coordinates": [[[16.34979261, 48.19938423], [16.3497637, 48.19944647], [16.34958424, 48.19940997], [16.34958155, 48.19940962], [16.34961964, 48.1993276], [16.34962989, 48.19930549], [16.34966172, 48.19923694], [16.34970453, 48.19914476], [16.3497047, 48.19914439], [16.34970483, 48.19914403], [16.34970726, 48.19914457], [16.34970726, 48.19914403], [16.34988698, 48.19918133], [16.34985727, 48.19924528], [16.34976727, 48.19922649], [16.34971323, 48.19934278], [16.34980323, 48.19936148], [16.34979839, 48.199372], [16.34979261, 48.19938423]]]}, "properties": {"id": 23531994, "bauperiode": "1884-1918"}}, {"type": "Feature", "geometry": {"type": "Polygon", "coordinates": [[[16.34984977, 48.1993442], [16.3498335, 48.19937928], [16.34979839, 48.199372], [16.34980323, 48.19936148], [16.34971323, 48.19934278], [16.34976727, 48.19922649], [16.34985727, 48.19924528], [16.34989238, 48.19925256], [16.34987612, 48.19928754], [16.34986401, 48.19928503], [16.34983766, 48.19934169], [16.34984977, 48.1993442]]]}, "properties": {"id": 23530147, "bauperiode": "1884-1918"}}, {"type": "Feature", "geometry": {"type": "Polygon", "coordinates": [[[16.37020818, 48.20661918], [16.37009667, 48.20665321], [16.37001804, 48.20654398], [16.3701286, 48.20651227], [16.37020818, 48.20661918]]]}, "properties": {"id": 23448096, "bauperiode": "1884-1918"}}, {"type": "Feature", "geometry": {"type": "Polygon", "coordinates": [[[16.37000882, 48.20666735], [16.36997277, 48.20667905], [16.36994827, 48.20665046], [16.36989919, 48.20666962], [16.36985622, 48.20660822], [16.36992844, 48.20657879], [16.36997962, 48.20664973], [16.37000424, 48.2066553], [16.37000424, 48.20665638], [16.37000438, 48.20665827], [16.37000478, 48.20666007], [16.37000546, 48.20666187], [16.37000626, 48.20666358], [16.37000734, 48.20666528], [16.37000882, 48.20666735]]]}, "properties": {"id": 23448093, "bauperiode": "1884-1918"}}, {"type": "Feature", "geometry": {"type": "Polygon", "coordinates": [[[16.37000408, 48.20681952], [16.36991665, 48.20684554], [16.36977403, 48.20664192], [16.36977363, 48.20664134], [16.36977659, 48.20664071], [16.36985622, 48.20660822], [16.36989919, 48.20666962], [16.36996772, 48.20676755], [16.36997732, 48.20678129], [16.37000408, 48.20681952]]]}, "properties": {"id": 23448073, "bauperiode": "1884-1918"}}, {"type": "Feature", "geometry": {"type": "Polygon", "coordinates": [[[16.37028938, 48.20673454], [16.37018029, 48.20676704], [16.37011983, 48.2066871], [16.37011539, 48.20667802], [16.37013462, 48.20666956], [16.37013256, 48.20666616], [16.3702164, 48.20663626], [16.37028938, 48.20673454]]]}, "properties": {"id": 23448081, "bauperiode": "1884-1918"}}, {"type": "Feature", "geometry": {"type": "MultiPolygon", "coordinates": [[[[16.37004975, 48.20671285], [16.36996772, 48.20676755], [16.36989919, 48.20666962], [16.36994827, 48.20665046], [16.36997277, 48.20667905], [16.37000882, 48.20666735], [16.37003145, 48.20669882], [16.37008323, 48.20668217], [16.37007599, 48.20667209], [16.37012371, 48.20665176], [16.37013256, 48.20666616], [16.37013462, 48.20666956], [16.37011539, 48.20667802], [16.37011983, 48.2066871], [16.37004773, 48.20670979], [16.37004975, 48.20671285]], [[16.36997534, 48.20669218], [16.3699849, 48.20670585], [16.36999418, 48.20670297], [16.36998476, 48.2066893], [16.36997534, 48.20669218]]]]}, "properties": {"id": 23448080, "bauperiode": "1884-1918"}}, {"type": "Feature", "geometry": {"type": "Polygon", "coordinates": [[[16.37005611, 48.20675601], [16.36997732, 48.20678129], [16.36996772, 48.20676755], [16.37004975, 48.20671285], [16.37004773, 48.20670979], [16.37011983, 48.2066871], [16.37018029, 48.20676704], [16.37016429, 48.20677181], [16.37012645, 48.20671921], [16.3701037, 48.20671058], [16.37005192, 48.20672723], [16.37004789, 48.20674459], [16.37005611, 48.20675601]]]}, "properties": {"id": 23448079, "bauperiode": "1884-1918"}}, {"type": "Feature", "geometry": {"type": "Polygon", "coordinates": [[[16.38147708, 48.19695557], [16.38147295, 48.19700241], [16.38141632, 48.19700024], [16.38143709, 48.19676241], [16.38145846, 48.19673767], [16.38166152, 48.19664576], [16.38166622, 48.19666663], [16.38166784, 48.19667418], [16.38166475, 48.19667561], [16.38163261, 48.19669039], [16.38166256, 48.19671958], [16.38159733, 48.19674859], [16.38153826, 48.19677577], [16.38151, 48.19676697], [16.38149764, 48.19678298], [16.38146079, 48.19678156], [16.38145932, 48.19679864], [16.3814421, 48.19679793], [16.38144077, 48.19681385], [16.38145799, 48.19681447], [16.38145493, 48.19685036], [16.38151438, 48.19685267], [16.38152541, 48.19684682], [16.38152568, 48.19684367], [16.38154854, 48.19684456], [16.3816115, 48.19684697], [16.3816123, 48.19684076], [16.3816275, 48.19684139], [16.38163946, 48.19682843], [16.38162641, 48.19681962], [16.38162542, 48.1968011], [16.38168526, 48.196799], [16.38168931, 48.19687742], [16.38150566, 48.19687129], [16.38150154, 48.19692694], [16.38147961, 48.19692607], [16.38147708, 48.19695557]]]}, "properties": {"id": 23841398, "bauperiode": "1884-1918"}}, {"type": "Feature", "geometry": {"type": "Polygon", "coordinates": [[[16.38156046, 48.19692919], [16.38155562, 48.1969344], [16.38150867, 48.19693262], [16.38150638, 48.19692714], [16.38150154, 48.19692694], [16.38150566, 48.19687129], [16.38168931, 48.19687742], [16.38168996, 48.19688956], [16.38169229, 48.19693426], [16.38156046, 48.19692919]]]}, "properties": {"id": 23837387, "bauperiode": "1884-1918"}}, {"type": "Feature", "geometry": {"type": "Polygon", "coordinates": [[[16.38143709, 48.19676241], [16.38141632, 48.19700024], [16.38140892, 48.19699995], [16.38131017, 48.19699618], [16.3813114, 48.19698279], [16.38131313, 48.1969629], [16.3813229, 48.19685051], [16.38132162, 48.1968506], [16.38132232, 48.19684469], [16.38132356, 48.19684492], [16.38132373, 48.19684359], [16.38132611, 48.19682506], [16.38132624, 48.19682399], [16.38132405, 48.19682382], [16.38132443, 48.196818], [16.38132517, 48.19681827], [16.38133116, 48.19675569], [16.38133702, 48.19675585], [16.38134036, 48.19671221], [16.38139326, 48.19668798], [16.38138919, 48.1966849], [16.38156122, 48.19660595], [16.38156494, 48.1966091], [16.38161518, 48.19658591], [16.38165731, 48.19662697], [16.38166152, 48.19664576], [16.38145846, 48.19673767], [16.38143709, 48.19676241]]]}, "properties": {"id": 23837375, "bauperiode": "1884-1918"}}, {"type": "Feature", "geometry": {"type": "Polygon", "coordinates": [[[16.37715364, 48.19336009], [16.37709125, 48.19346217], [16.37699333, 48.19343543], [16.37705701, 48.19333127], [16.3770829, 48.19333835], [16.37715491, 48.19335803], [16.37715364, 48.19336009]]]}, "properties": {"id": 23393022, "bauperiode": "1884-1918"}}, {"type": "Feature", "geometry": {"type": "Polygon", "coordinates": [[[16.37700751, 48.19365791], [16.37700198, 48.19366698], [16.37699675, 48.19366555], [16.37695234, 48.19365342], [16.37686623, 48.19362989], [16.37698554, 48.19343331], [16.37698896, 48.19343424], [16.37699333, 48.19343543], [16.37709125, 48.19346217], [16.37712194, 48.19347052], [16.37708285, 48.19353466], [16.37710639, 48.19354113], [16.37709249, 48.1935639], [16.37709118, 48.19356604], [16.37708097, 48.19358277], [16.37707251, 48.19359662], [16.37707119, 48.19359878], [16.37706441, 48.19360989], [16.37706031, 48.1936166], [16.37703664, 48.19361013], [16.37700751, 48.19365791]]]}, "properties": {"id": 23393002, "bauperiode": "1884-1918"}}, {"type": "Feature", "geometry": {"type": "Polygon", "coordinates": [[[16.3768898, 48.19375595], [16.37688853, 48.19375803], [16.37680296, 48.19373351], [16.37680422, 48.19373145], [16.37686623, 48.19362989], [16.37695234, 48.19365342], [16.37693764, 48.1936775], [16.37692089, 48.19370497], [16.37689434, 48.19374851], [16.3768898, 48.19375595]]]}, "properties": {"id": 23392993, "bauperiode": "1884-1918"}}, {"type": "Feature", "geometry": {"type": "MultiPolygon", "coordinates": [[[[16.37770237, 48.193692], [16.37770096, 48.19369232], [16.37769847, 48.19369232], [16.37769619, 48.19369164], [16.37760416, 48.19366533], [16.37723338, 48.19355925], [16.37723203, 48.1935588], [16.37723082, 48.19355826], [16.37722974, 48.19355754], [16.37722894, 48.19355673], [16.37722813, 48.19355583], [16.37722773, 48.19355493], [16.37722746, 48.19355394], [16.37722745, 48.19355287], [16.37722759, 48.19355188], [16.37722799, 48.19355098], [16.377318, 48.19341029], [16.37734544, 48.19341864], [16.37739159, 48.19343275], [16.37738474, 48.19344273], [16.37742456, 48.19345486], [16.37743141, 48.19344487], [16.37748456, 48.19346113], [16.37744989, 48.19351196], [16.37757328, 48.19354963], [16.37757938, 48.19354024], [16.37758483, 48.1935419], [16.37758558, 48.19354319], [16.37758643, 48.19354444], [16.37758737, 48.19354568], [16.37758841, 48.19354687], [16.37758954, 48.19354803], [16.37759075, 48.19354915], [16.37759206, 48.19355023], [16.37759346, 48.19355127], [16.37759494, 48.19355226], [16.37759649, 48.19355319], [16.3775981, 48.19355406], [16.37759978, 48.19355489], [16.37764999, 48.19356889], [16.37770798, 48.19358614], [16.37773939, 48.19353892], [16.37779332, 48.19355536], [16.37781297, 48.19356138], [16.37781203, 48.19356255], [16.37781458, 48.19356354], [16.37780472, 48.19357506], [16.37778869, 48.19359377], [16.37770668, 48.19368957], [16.37770547, 48.19368966], [16.37770419, 48.1936911], [16.37770237, 48.193692]], [[16.37738303, 48.19349885], [16.3773973, 48.19350316], [16.37740482, 48.19349219], [16.37739056, 48.19348788], [16.37738303, 48.19349885]]]]}, "properties": {"id": 23393000, "bauperiode": "1884-1918"}}, {"type": "Feature", "geometry": {"type": "Polygon", "coordinates": [[[16.37381304, 48.18990988], [16.37380712, 48.18991006], [16.37379959, 48.1899089], [16.37374013, 48.18989651], [16.37373571, 48.18990593], [16.37371321, 48.18990126], [16.37369173, 48.1898968], [16.3736679, 48.18989186], [16.37367234, 48.18988232], [16.37358678, 48.18986445], [16.37363527, 48.18977837], [16.373644, 48.18976272], [16.37371382, 48.18977717], [16.37371288, 48.18977762], [16.37371046, 48.18977879], [16.37370615, 48.18978167], [16.37370441, 48.18978329], [16.3737028, 48.189785], [16.37370132, 48.1897868], [16.37370024, 48.18978869], [16.37368883, 48.18981298], [16.37375514, 48.1898268], [16.37376643, 48.18980252], [16.3737671, 48.18980054], [16.3737675, 48.18979856], [16.37376763, 48.18979649], [16.3737675, 48.18979451], [16.37376709, 48.18979245], [16.37376642, 48.18979047], [16.37376547, 48.18978858], [16.37376426, 48.18978669], [16.37376292, 48.18978489], [16.3737613, 48.18978318], [16.37375942, 48.18978166], [16.37375726, 48.18978013], [16.37375511, 48.18977878], [16.37375269, 48.18977752], [16.37375013, 48.18977644], [16.37374744, 48.18977555], [16.37374462, 48.18977474], [16.37374179, 48.1897742], [16.3737389, 48.18977376], [16.37373852, 48.18977372], [16.37374959, 48.18975196], [16.3737376, 48.18974938], [16.37374996, 48.18972637], [16.37390218, 48.18976284], [16.37387108, 48.18982101], [16.37388485, 48.18982434], [16.37387427, 48.18984414], [16.37386814, 48.1898556], [16.37386346, 48.18986436], [16.37384959, 48.18986113], [16.37382729, 48.18990277], [16.37382501, 48.1899052], [16.37382191, 48.18990727], [16.37381855, 48.18990871], [16.37381304, 48.18990988]]]}, "properties": {"id": 25543522, "bauperiode": "1884-1918"}}, {"type": "Feature", "geometry": {"type": "Polygon", "coordinates": [[[16.37391903, 48.18973133], [16.37390218, 48.18976284], [16.37374996, 48.18972637], [16.37374162, 48.18972437], [16.37374277, 48.18972223], [16.37376069, 48.18968876], [16.37378006, 48.18969334], [16.37379282, 48.18966941], [16.37379377, 48.18967076], [16.37379525, 48.18967247], [16.37379713, 48.18967417], [16.37379901, 48.1896757], [16.3738013, 48.18967714], [16.37380359, 48.18967849], [16.37380615, 48.18967966], [16.37382982, 48.18968532], [16.37385292, 48.18964214], [16.37382925, 48.18963648], [16.37382615, 48.1896363], [16.37382306, 48.1896363], [16.3738201, 48.18963648], [16.37381701, 48.18963685], [16.37381405, 48.18963739], [16.37381123, 48.18963811], [16.3738084, 48.18963901], [16.37380571, 48.18964], [16.37380329, 48.18964117], [16.37380087, 48.18964252], [16.37379872, 48.18964396], [16.37379684, 48.18964558], [16.37379509, 48.1896472], [16.37379348, 48.18964899], [16.37379187, 48.18965151], [16.37371681, 48.18963355], [16.37374515, 48.18958327], [16.37374797, 48.18957823], [16.37383097, 48.18959808], [16.37384185, 48.18957784], [16.37398309, 48.18961161], [16.37396711, 48.18964129], [16.37398107, 48.18964464], [16.37396894, 48.18966726], [16.3739627, 48.18967891], [16.37393284, 48.18973465], [16.37391903, 48.18973133]]]}, "properties": {"id": 25543531, "bauperiode": "1884-1918"}}, {"type": "Feature", "geometry": {"type": "Polygon", "coordinates": [[[16.3732829, 48.18941003], [16.37326678, 48.18944025], [16.37319024, 48.18942202], [16.37319722, 48.18941006], [16.37329449, 48.18924509], [16.37330187, 48.18923259], [16.37336604, 48.18924794], [16.37336872, 48.18924857], [16.3732829, 48.18941003]]]}, "properties": {"id": 25543683, "bauperiode": "1884-1918"}}, {"type": "Feature", "geometry": {"type": "Polygon", "coordinates": [[[16.37345895, 48.18940997], [16.37342282, 48.18947761], [16.37326678, 48.18944025], [16.3732829, 48.18941003], [16.37336872, 48.18924857], [16.37352503, 48.18928566], [16.37345895, 48.18940997]]]}, "properties": {"id": 25545943, "bauperiode": "1884-1918"}}, {"type": "Feature", "geometry": {"type": "Polygon", "coordinates": [[[16.35004047, 48.19903101], [16.35003621, 48.19903872], [16.35001868, 48.19903438], [16.34996377, 48.19902082], [16.34995587, 48.19901887], [16.34998769, 48.19896129], [16.35004955, 48.19897657], [16.35005979, 48.19899605], [16.3500567, 48.19900163], [16.35004047, 48.19903101]]]}, "properties": {"id": 23530564, "bauperiode": "1884-1918"}}, {"type": "Feature", "geometry": {"type": "Polygon", "coordinates": [[[16.35027568, 48.19899117], [16.35024773, 48.19905115], [16.3500567, 48.19900163], [16.35005979, 48.19899605], [16.35004955, 48.19897657], [16.34998769, 48.19896129], [16.35000977, 48.19892134], [16.35007767, 48.19893903], [16.35022639, 48.19897539], [16.35027568, 48.19899117]]]}, "properties": {"id": 23530565, "bauperiode": "1884-1918"}}, {"type": "Feature", "geometry": {"type": "MultiPolygon", "coordinates": [[[[16.35039345, 48.19916337], [16.35039012, 48.19917056], [16.35020469, 48.19911886], [16.35020874, 48.19911016], [16.35020974, 48.19910801], [16.35022205, 48.19908156], [16.35023268, 48.1990838], [16.35024773, 48.19905115], [16.35027568, 48.19899117], [16.35032726, 48.19900693], [16.3504001, 48.19902917], [16.35046345, 48.19904852], [16.35050135, 48.1990601], [16.35049203, 48.19907568], [16.35043929, 48.19906471], [16.35039445, 48.19916123], [16.35039345, 48.19916337]], [[16.350255, 48.199126], [16.35033709, 48.19914511], [16.35034476, 48.1991304], [16.35026267, 48.19911129], [16.35022142, 48.19910097], [16.35021243, 48.19911584], [16.350255, 48.199126]]]]}, "properties": {"id": 23534669, "bauperiode": "1884-1918"}}, {"type": "Feature", "geometry": {"type": "Polygon", "coordinates": [[[16.34996377, 48.19902082], [16.3499498, 48.1990461], [16.34986656, 48.1990239], [16.34977328, 48.19899981], [16.34977606, 48.19899451], [16.34978433, 48.1989788], [16.34978773, 48.19897288], [16.34979112, 48.19897375], [16.34979398, 48.19897449], [16.34984356, 48.19888478], [16.34984069, 48.19888379], [16.34983994, 48.19888353], [16.34984399, 48.19887824], [16.35000798, 48.19892087], [16.35000977, 48.19892134], [16.34998769, 48.19896129], [16.34995587, 48.19901887], [16.34996377, 48.19902082]]]}, "properties": {"id": 23531977, "bauperiode": "1884-1918"}}, {"type": "Feature", "geometry": {"type": "Polygon", "coordinates": [[[16.37122787, 48.20761352], [16.37114648, 48.20763621], [16.37110284, 48.20756617], [16.37107645, 48.20752382], [16.37107335, 48.20752454], [16.37106988, 48.20751876], [16.37106326, 48.20750773], [16.37105975, 48.20750188], [16.37106029, 48.20750179], [16.37106082, 48.20750166], [16.37106325, 48.20750107], [16.37099415, 48.20738939], [16.37095805, 48.20733104], [16.37095705, 48.20732415], [16.37095777, 48.20731823], [16.37095994, 48.20731248], [16.37096328, 48.20730729], [16.37096832, 48.20730207], [16.37097432, 48.20729769], [16.37098132, 48.20729403], [16.3709891, 48.20729119], [16.37102341, 48.2072865], [16.37104277, 48.20728353], [16.37119943, 48.20726024], [16.37120022, 48.20726043], [16.3712247, 48.20725694], [16.37122585, 48.20725678], [16.37122508, 48.20725393], [16.37122501, 48.20725367], [16.37146829, 48.20721742], [16.37147307, 48.20723269], [16.37150122, 48.20724621], [16.37152681, 48.20724392], [16.37153757, 48.20729733], [16.37153745, 48.20729866], [16.37139477, 48.20731688], [16.37138951, 48.20729952], [16.37135682, 48.20730403], [16.37136208, 48.20732129], [16.37134163, 48.20732409], [16.37128432, 48.20733193], [16.37125607, 48.2073358], [16.37117831, 48.20735166], [16.37115316, 48.20735679], [16.37114359, 48.20733557], [16.37110108, 48.20734421], [16.37111078, 48.20736544], [16.37107836, 48.20737201], [16.37109398, 48.20739719], [16.37119083, 48.207554], [16.37122787, 48.20761352]]]}, "properties": {"id": 25451137, "bauperiode": "1884-1918"}}, {"type": "Feature", "geometry": {"type": "Polygon", "coordinates": [[[16.37126333, 48.20753383], [16.37119083, 48.207554], [16.37109398, 48.20739719], [16.37107836, 48.20737201], [16.37111078, 48.20736544], [16.37115316, 48.20735679], [16.37117831, 48.20735166], [16.37119421, 48.20738672], [16.37115628, 48.20739717], [16.37113785, 48.2074023], [16.37114687, 48.20741696], [16.37117566, 48.20740894], [16.37118212, 48.20741928], [16.3712124, 48.20742557], [16.37121708, 48.2074355], [16.37122614, 48.2074547], [16.37121391, 48.20747027], [16.37122118, 48.20748204], [16.3711924, 48.20749006], [16.37120196, 48.20750534], [16.37124447, 48.20749355], [16.37126333, 48.20753383]]]}, "properties": {"id": 25451136, "bauperiode": "1884-1918"}}, {"type": "Feature", "geometry": {"type": "Polygon", "coordinates": [[[16.3713937, 48.21020026], [16.37131348, 48.21023088], [16.37119256, 48.21009135], [16.37109398, 48.21013692], [16.37104311, 48.21016044], [16.37098987, 48.21010851], [16.3710944, 48.21006031], [16.37114696, 48.21003608], [16.37122105, 48.21000193], [16.37126694, 48.2100549], [16.37129231, 48.21008417], [16.37133163, 48.21012914], [16.37132908, 48.21013772], [16.37134186, 48.21015221], [16.3713533, 48.21015505], [16.37135434, 48.21015531], [16.37135475, 48.21015578], [16.3713937, 48.21020026]]]}, "properties": {"id": 25408534, "bauperiode": "1884-1918"}}, {"type": "Feature", "geometry": {"type": "MultiPolygon", "coordinates": [[[[16.37127434, 48.21024951], [16.3712703, 48.2102496], [16.3712664, 48.21024915], [16.37126277, 48.21024835], [16.37125806, 48.21024646], [16.37125429, 48.21024385], [16.37122278, 48.21020627], [16.37121, 48.21021176], [16.37120381, 48.21021374], [16.37119708, 48.21021482], [16.37119224, 48.210215], [16.37118726, 48.21021482], [16.37117962, 48.21021366], [16.37116527, 48.21020419], [16.37118754, 48.21019746], [16.37119519, 48.21020628], [16.37125035, 48.21018495], [16.37122907, 48.2101604], [16.3712073, 48.2101688], [16.37120081, 48.21016122], [16.37117566, 48.21017094], [16.37118211, 48.21017857], [16.37117392, 48.21018173], [16.37117737, 48.21018571], [16.37114975, 48.21019394], [16.37112751, 48.21017927], [16.37111697, 48.210168], [16.37109398, 48.21013692], [16.37119256, 48.21009135], [16.37131348, 48.21023088], [16.37128617, 48.21024132], [16.37127434, 48.21024951]], [[16.37114805, 48.21012553], [16.37117417, 48.21015565], [16.37119206, 48.21014872], [16.37116594, 48.2101186], [16.37114805, 48.21012553]]]]}, "properties": {"id": 25408537, "bauperiode": "1884-1918"}}, {"type": "Feature", "geometry": {"type": "MultiPolygon", "coordinates": [[[[16.37165875, 48.21001901], [16.3715637, 48.210076], [16.37155367, 48.2100648], [16.37154681, 48.2100675], [16.37151059, 48.21002713], [16.37151745, 48.21002434], [16.37145686, 48.20995682], [16.37145, 48.20995952], [16.37141485, 48.20992032], [16.37180317, 48.2097406], [16.37181285, 48.20973718], [16.37182241, 48.20973466], [16.37183209, 48.20973304], [16.37184245, 48.20973223], [16.37185281, 48.20973213], [16.37186317, 48.20973285], [16.37187824, 48.209735], [16.37189062, 48.20973806], [16.37194809, 48.20976268], [16.37194446, 48.20976646], [16.37196157, 48.20977368], [16.37191175, 48.20983354], [16.3718923, 48.20982475], [16.37179958, 48.20986663], [16.37179707, 48.20986417], [16.37176082, 48.20988076], [16.37175738, 48.2098774], [16.37167507, 48.20991457], [16.37167884, 48.20991826], [16.37164638, 48.20993311], [16.37165046, 48.20993709], [16.37161429, 48.20995347], [16.37167284, 48.21001057], [16.37165875, 48.21001901]], [[16.37179358, 48.20980857], [16.37182797, 48.20984296], [16.37188316, 48.20981831], [16.37184877, 48.20978391], [16.37179358, 48.20980857]]]]}, "properties": {"id": 27105314, "bauperiode": "1884-1918"}}, {"type": "Feature", "geometry": {"type": "Polygon", "coordinates": [[[16.37174208, 48.20997097], [16.37167284, 48.21001057], [16.37161429, 48.20995347], [16.37165046, 48.20993709], [16.37164638, 48.20993311], [16.37167884, 48.20991826], [16.37169428, 48.20993337], [16.37167966, 48.2099456], [16.37170538, 48.20997104], [16.37173678, 48.20996454], [16.37174208, 48.20997097]]]}, "properties": {"id": 27104809, "bauperiode": "1884-1918"}}, {"type": "Feature", "geometry": {"type": "Polygon", "coordinates": [[[16.37173678, 48.20996454], [16.37170538, 48.20997104], [16.37167966, 48.2099456], [16.37169428, 48.20993337], [16.37167884, 48.20991826], [16.37167507, 48.20991457], [16.37175738, 48.2098774], [16.37176082, 48.20988076], [16.37177407, 48.20989372], [16.37180155, 48.20988761], [16.371803, 48.20988883], [16.37182701, 48.20991271], [16.37182222, 48.20991746], [16.37182582, 48.20992032], [16.37182275, 48.20992232], [16.37180282, 48.20993531], [16.37179389, 48.20994016], [16.37174907, 48.20989769], [16.37170055, 48.20992056], [16.37173678, 48.20996454]]]}, "properties": {"id": 27105311, "bauperiode": "1884-1918"}}, {"type": "Feature", "geometry": {"type": "Polygon", "coordinates": [[[16.35608597, 48.20541786], [16.35608557, 48.20541956], [16.3560748, 48.20541894], [16.35607494, 48.20541723], [16.35607063, 48.20541687], [16.35607063, 48.20541606], [16.35606512, 48.20541588], [16.35606552, 48.20541354], [16.35591376, 48.20540734], [16.35587447, 48.20540573], [16.3557215, 48.20539948], [16.35572164, 48.20539804], [16.35571854, 48.20539786], [16.35573103, 48.20534004], [16.35573264, 48.20533311], [16.35588391, 48.20533921], [16.35595061, 48.2053419], [16.35605917, 48.20534627], [16.35608284, 48.20533755], [16.35621234, 48.20516827], [16.35609724, 48.20512893], [16.35602359, 48.20510376], [16.35598669, 48.20509115], [16.35598951, 48.20508755], [16.35579993, 48.20502274], [16.35580543, 48.20499729], [16.35581792, 48.20494], [16.35585102, 48.20489674], [16.35593661, 48.20492605], [16.35588898, 48.20498837], [16.35632614, 48.20513776], [16.35632877, 48.20513883], [16.35633114, 48.20514014], [16.35633319, 48.20514167], [16.35633489, 48.20514334], [16.35633625, 48.20514522], [16.35633717, 48.20514717], [16.35633766, 48.2051492], [16.35633772, 48.20515125], [16.35633729, 48.20515323], [16.35633651, 48.20515521], [16.35633546, 48.20515704], [16.35633409, 48.20515881], [16.35618158, 48.20535819], [16.3561691, 48.20537449], [16.35617165, 48.2053753], [16.35616937, 48.20537854], [16.35617071, 48.20537917], [16.35616856, 48.20538151], [16.35617098, 48.2053825], [16.35616614, 48.20538879], [16.35616399, 48.20538816], [16.35616197, 48.20539068], [16.35616049, 48.20539032], [16.35615807, 48.20539311], [16.35615511, 48.20539248], [16.35614624, 48.20540085], [16.35611059, 48.20541407], [16.35609566, 48.20541507], [16.35609539, 48.20541695], [16.35609027, 48.20541696], [16.35608974, 48.20541786], [16.35608597, 48.20541786]]]}, "properties": {"id": 25535638, "bauperiode": "1884-1918"}}, {"type": "Feature", "geometry": {"type": "Polygon", "coordinates": [[[16.35608284, 48.20533755], [16.35605917, 48.20534627], [16.35595061, 48.2053419], [16.35595126, 48.205315], [16.35595568, 48.20526679], [16.35598972, 48.20526814], [16.35598757, 48.20529116], [16.35602377, 48.20529268], [16.35604166, 48.20528602], [16.3561136, 48.20519194], [16.35609785, 48.20518655], [16.35609476, 48.20519069], [16.35607525, 48.20518403], [16.35606301, 48.20520004], [16.35603718, 48.20519124], [16.35606803, 48.205151], [16.35607685, 48.20515428], [16.35609724, 48.20512893], [16.35621234, 48.20516827], [16.35608284, 48.20533755]]]}, "properties": {"id": 25537991, "bauperiode": "1884-1918"}}, {"type": "Feature", "geometry": {"type": "Polygon", "coordinates": [[[16.35588708, 48.2053124], [16.35588391, 48.20533921], [16.35573264, 48.20533311], [16.35573896, 48.20530352], [16.35574379, 48.20528131], [16.35582182, 48.20528453], [16.35583271, 48.20526852], [16.35583566, 48.20523597], [16.35590979, 48.20523892], [16.35590751, 48.20526482], [16.3558915, 48.2052642], [16.35588708, 48.2053124]]]}, "properties": {"id": 25537989, "bauperiode": "1884-1918"}}, {"type": "Feature", "geometry": {"type": "Polygon", "coordinates": [[[16.35598669, 48.20509115], [16.35594554, 48.20514503], [16.35585485, 48.2051141], [16.35585835, 48.20510952], [16.3557865, 48.20508498], [16.35579375, 48.20505161], [16.35579993, 48.20502274], [16.35598951, 48.20508755], [16.35598669, 48.20509115]]]}, "properties": {"id": 25535693, "bauperiode": "1884-1918"}}, {"type": "Feature", "geometry": {"type": "Polygon", "coordinates": [[[16.37415347, 48.19956788], [16.37412297, 48.19962239], [16.37396805, 48.19958307], [16.37393958, 48.19957584], [16.37392021, 48.19957093], [16.37395054, 48.19951768], [16.37408411, 48.19954882], [16.3740972, 48.19952356], [16.37412891, 48.19946402], [16.37420022, 48.19948216], [16.37416878, 48.19953757], [16.37415172, 48.19956743], [16.37415347, 48.19956788]]]}, "properties": {"id": 24621055, "bauperiode": "1884-1918"}}, {"type": "Feature", "geometry": {"type": "Polygon", "coordinates": [[[16.37412891, 48.19946402], [16.3740972, 48.19952356], [16.37402858, 48.19950614], [16.37404121, 48.1994841], [16.37401874, 48.19947835], [16.37402775, 48.1994627], [16.37398765, 48.19945255], [16.3740164, 48.19940263], [16.37402715, 48.19938329], [16.37406146, 48.19939209], [16.37406616, 48.19938382], [16.37408685, 48.19934784], [16.37405241, 48.19933895], [16.37407229, 48.19930414], [16.37412422, 48.19931437], [16.37417925, 48.19932515], [16.37413518, 48.1994016], [16.37423179, 48.19942648], [16.37420022, 48.19948216], [16.37412891, 48.19946402]]]}, "properties": {"id": 24620467, "bauperiode": "1884-1918"}}, {"type": "Feature", "geometry": {"type": "MultiPolygon", "coordinates": [[[[16.34913296, 48.20594747], [16.34901551, 48.20595963], [16.34901501, 48.20595738], [16.34901214, 48.20594452], [16.34900945, 48.20593337], [16.34897549, 48.20593688], [16.34896473, 48.20589031], [16.3489898, 48.20588778], [16.34898737, 48.20587761], [16.349005, 48.20587581], [16.34899247, 48.20582194], [16.34897256, 48.20581322], [16.34896259, 48.20577015], [16.34893906, 48.20577261], [16.3489342, 48.20577312], [16.34893151, 48.20576153], [16.34892814, 48.20574704], [16.34901882, 48.20573768], [16.34908286, 48.2057311], [16.34908353, 48.20573119], [16.34908535, 48.20573913], [16.34910133, 48.20580907], [16.34911867, 48.20588492], [16.34912233, 48.20590099], [16.34913296, 48.20594747]], [[16.3489791, 48.2059011], [16.34898411, 48.20592618], [16.34902719, 48.20592233], [16.34902218, 48.20589726], [16.3489791, 48.2059011]]]]}, "properties": {"id": 23598287, "bauperiode": "1884-1918"}}, {"type": "Feature", "geometry": {"type": "MultiPolygon", "coordinates": [[[[16.37278131, 48.20988572], [16.3728159, 48.20990072], [16.3727578, 48.20993779], [16.37272862, 48.20996865], [16.37272821, 48.20996847], [16.37271663, 48.20996344], [16.37270197, 48.20995706], [16.3726407, 48.2099304], [16.37243468, 48.20984077], [16.37244888, 48.20983282], [16.3724987, 48.20980496], [16.37257204, 48.20976686], [16.3725734, 48.20976746], [16.3727082, 48.20982602], [16.37278426, 48.20977717], [16.37268165, 48.20970777], [16.3726841, 48.20970621], [16.37274073, 48.20967032], [16.37275491, 48.20966134], [16.37277387, 48.20964974], [16.37298158, 48.20979392], [16.37296397, 48.20980625], [16.37293469, 48.20982491], [16.37292698, 48.20982982], [16.37289925, 48.20981041], [16.37287276, 48.20982732], [16.37287505, 48.20982912], [16.37287707, 48.20983101], [16.37287882, 48.20983298], [16.37288043, 48.20983505], [16.37288164, 48.20983721], [16.37288272, 48.20983946], [16.37288353, 48.20984171], [16.37288407, 48.20984395], [16.37288434, 48.20984629], [16.37288434, 48.20984863], [16.37288421, 48.20985088], [16.37288367, 48.20985322], [16.37288287, 48.20985547], [16.37288179, 48.20985771], [16.37288085, 48.20985924], [16.37285517, 48.20987562], [16.37285274, 48.20987625], [16.37284938, 48.20987679], [16.37284602, 48.20987724], [16.37284252, 48.20987751], [16.37283902, 48.20987751], [16.37283552, 48.20987742], [16.37283216, 48.20987716], [16.37282879, 48.20987662], [16.37282543, 48.20987599], [16.3728222, 48.20987518], [16.37281897, 48.20987419], [16.37281601, 48.20987311], [16.37281318, 48.20987177], [16.37281036, 48.20987033], [16.3728078, 48.2098688], [16.37278131, 48.20988572]], [[16.37273326, 48.20986559], [16.37268983, 48.209912], [16.37273788, 48.20993204], [16.37278131, 48.20988572], [16.37273326, 48.20986559]]]]}, "properties": {"id": 24806057, "bauperiode": "1884-1918"}}, {"type": "Feature", "geometry": {"type": "Polygon", "coordinates": [[[16.37278426, 48.20977717], [16.3727082, 48.20982602], [16.3725734, 48.20976746], [16.3726841, 48.20970621], [16.37268165, 48.20970777], [16.37278426, 48.20977717]]]}, "properties": {"id": 24799650, "bauperiode": "1884-1918"}}, {"type": "Feature", "geometry": {"type": "MultiPolygon", "coordinates": [[[[16.37185957, 48.20881365], [16.3717934, 48.20884929], [16.37178519, 48.20884129], [16.37176848, 48.20884892], [16.37172449, 48.20881415], [16.37174655, 48.20880353], [16.37169795, 48.20875849], [16.37167416, 48.20877164], [16.37167158, 48.20877306], [16.37161884, 48.2087364], [16.37167542, 48.20871148], [16.37158043, 48.2086162], [16.37158012, 48.20861589], [16.37157972, 48.20861563], [16.37159393, 48.20860901], [16.37160553, 48.20862004], [16.37163433, 48.20860665], [16.37162281, 48.20859559], [16.37172367, 48.20854867], [16.37174958, 48.20857357], [16.37181143, 48.20863302], [16.37190519, 48.20858944], [16.37194524, 48.20857083], [16.37201618, 48.20863725], [16.37202033, 48.2086411], [16.37203647, 48.2086561], [16.37204062, 48.20865966], [16.37206058, 48.20867846], [16.3720835, 48.20870027], [16.37207738, 48.20870337], [16.37204003, 48.20872228], [16.3719591, 48.20876326], [16.37186549, 48.20881059], [16.37185957, 48.20881365]], [[16.37179201, 48.20873785], [16.3718457, 48.20878812], [16.37186905, 48.20877697], [16.37186888, 48.20877561], [16.371869, 48.20877424], [16.37186941, 48.20877291], [16.37187008, 48.20877163], [16.37187101, 48.20877041], [16.37187218, 48.20876929], [16.37187356, 48.2087683], [16.37187515, 48.20876743], [16.37187687, 48.20876673], [16.37187871, 48.2087662], [16.37188066, 48.20876584], [16.37188265, 48.20876566], [16.37188467, 48.20876566], [16.37188666, 48.20876585], [16.3718886, 48.20876621], [16.37189045, 48.20876674], [16.37191994, 48.20875266], [16.37186603, 48.20870219], [16.37185485, 48.20869173], [16.37183813, 48.20867606], [16.37177454, 48.20861655], [16.37170029, 48.20865201], [16.37177702, 48.20872383], [16.37179201, 48.20873785]]]]}, "properties": {"id": 25405441, "bauperiode": "1946-1976"}}, {"type": "Feature", "geometry": {"type": "Polygon", "coordinates": [[[16.37183813, 48.20867606], [16.37177702, 48.20872383], [16.37170029, 48.20865201], [16.37177454, 48.20861655], [16.37183813, 48.20867606]]]}, "properties": {"id": 25405477, "bauperiode": "1946-1976"}}, {"type": "Feature", "geometry": {"type": "Polygon", "coordinates": [[[16.37186905, 48.20877697], [16.3718457, 48.20878812], [16.37179201, 48.20873785], [16.37186603, 48.20870219], [16.37191994, 48.20875266], [16.37189045, 48.20876674], [16.3718886, 48.20876621], [16.37188666, 48.20876585], [16.37188467, 48.20876566], [16.37188265, 48.20876566], [16.37188066, 48.20876584], [16.37187871, 48.2087662], [16.37187687, 48.20876673], [16.37187515, 48.20876743], [16.37187356, 48.2087683], [16.37187218, 48.20876929], [16.37187101, 48.20877041], [16.37187008, 48.20877163], [16.37186941, 48.20877291], [16.371869, 48.20877424], [16.37186888, 48.20877561], [16.37186905, 48.20877697]]]}, "properties": {"id": 25408419, "bauperiode": "1946-1976"}}, {"type": "Feature", "geometry": {"type": "Polygon", "coordinates": [[[16.37194524, 48.20857083], [16.37190519, 48.20858944], [16.37184335, 48.20852999], [16.37174958, 48.20857357], [16.37172367, 48.20854867], [16.37177489, 48.20852485], [16.37183301, 48.20849782], [16.37183527, 48.2084995], [16.37186921, 48.20850329], [16.37187169, 48.20850214], [16.37187254, 48.20850275], [16.37191281, 48.20854046], [16.37194524, 48.20857083]]]}, "properties": {"id": 25405512, "bauperiode": "1946-1976"}}, {"type": "Feature", "geometry": {"type": "Polygon", "coordinates": [[[16.37190519, 48.20858944], [16.37181143, 48.20863302], [16.37174958, 48.20857357], [16.37184335, 48.20852999], [16.37190519, 48.20858944]]]}, "properties": {"id": 25405497, "bauperiode": "1946-1976"}}, {"type": "Feature", "geometry": {"type": "MultiPolygon", "coordinates": [[[[16.37058381, 48.20941028], [16.37056659, 48.20942073], [16.37053293, 48.20941944], [16.3705172, 48.20940984], [16.37051097, 48.20940603], [16.37050147, 48.20940023], [16.37049746, 48.20940289], [16.37043459, 48.20936298], [16.37041711, 48.20935189], [16.37040929, 48.20934693], [16.37036755, 48.20932043], [16.37035576, 48.20931294], [16.37035438, 48.20931207], [16.37035635, 48.20931036], [16.37033319, 48.20929624], [16.37032367, 48.20929045], [16.37032524, 48.20926792], [16.37033557, 48.20926216], [16.37041577, 48.20921745], [16.3704852, 48.20917874], [16.3704862, 48.20917818], [16.37050318, 48.20916871], [16.37055959, 48.20921389], [16.37072798, 48.20912004], [16.37068517, 48.2090857], [16.3705609, 48.20915498], [16.37054737, 48.20914416], [16.37067551, 48.20907303], [16.37069274, 48.20906341], [16.37072643, 48.2090446], [16.3707359, 48.2090394], [16.37073796, 48.20903595], [16.37073957, 48.20903636], [16.37079183, 48.20904984], [16.3707927, 48.20905006], [16.3707907, 48.20905375], [16.37079285, 48.20906197], [16.37079763, 48.20909141], [16.37079976, 48.20910176], [16.37082511, 48.20924314], [16.37082602, 48.20924816], [16.37081325, 48.20927101], [16.37080761, 48.20927443], [16.37060008, 48.2094004], [16.37058381, 48.20941028]], [[16.37043047, 48.20928677], [16.37051702, 48.20933828], [16.37055064, 48.20931785], [16.37057149, 48.20930517], [16.37062623, 48.20927197], [16.37062811, 48.20927098], [16.37063013, 48.20927017], [16.37063215, 48.20926936], [16.3706343, 48.20926873], [16.37063659, 48.20926827], [16.37063887, 48.20926791], [16.3706413, 48.20926773], [16.37064358, 48.20926782], [16.370646, 48.20926773], [16.37064843, 48.20926755], [16.37065071, 48.2092671], [16.370653, 48.20926656], [16.37065515, 48.20926584], [16.37065717, 48.20926503], [16.37065905, 48.20926404], [16.37068824, 48.20924632], [16.37069093, 48.20924479], [16.37069321, 48.20924308], [16.3706955, 48.20924137], [16.37069752, 48.20923948], [16.3706994, 48.2092375], [16.37070101, 48.20923552], [16.37070236, 48.20923336], [16.37070451, 48.20922904], [16.37070518, 48.2092268], [16.37070527, 48.20922642], [16.37070571, 48.20922473], [16.37070598, 48.20922248], [16.37070598, 48.20922023], [16.37070571, 48.20921807], [16.37070517, 48.20921582], [16.37070436, 48.20921367], [16.37070342, 48.20921151], [16.37070207, 48.20920944], [16.37070059, 48.20920746], [16.37069897, 48.20920557], [16.37069709, 48.20920378], [16.37069494, 48.20920198], [16.37069265, 48.20920045], [16.37069009, 48.20919892], [16.37068753, 48.20919757], [16.37068471, 48.20919631], [16.37068175, 48.20919524], [16.37067879, 48.20919434], [16.37067556, 48.20919362], [16.37067246, 48.20919299], [16.3706691, 48.20919254], [16.37066587, 48.20919227], [16.37066237, 48.20919209], [16.37065901, 48.20919201], [16.37065551, 48.20919219], [16.37065214, 48.20919246], [16.37064878, 48.209193], [16.37064542, 48.20919363], [16.37064219, 48.20919435], [16.37063896, 48.20919534], [16.37059646, 48.2092137], [16.37059471, 48.20921496], [16.37059309, 48.20921631], [16.37059175, 48.20921784], [16.37059054, 48.20921937], [16.3705896, 48.20922098], [16.37058893, 48.20922269], [16.37058866, 48.20922341], [16.37058839, 48.2092244], [16.37058826, 48.2092262], [16.37058826, 48.20922791], [16.37058853, 48.20922971], [16.37056461, 48.20924304], [16.37054173, 48.2092247], [16.37043047, 48.20928677]]]]}, "properties": {"id": 25405281, "bauperiode": "1884-1918"}}, {"type": "Feature", "geometry": {"type": "Polygon", "coordinates": [[[16.37072798, 48.20912004], [16.37055959, 48.20921389], [16.37050318, 48.20916871], [16.37050386, 48.20916831], [16.37054737, 48.20914416], [16.3705609, 48.20915498], [16.37068517, 48.2090857], [16.37072798, 48.20912004]]]}, "properties": {"id": 25405318, "bauperiode": "1884-1918"}}, {"type": "Feature", "geometry": {"type": "MultiPolygon", "coordinates": [[[[16.37055064, 48.20931785], [16.37051702, 48.20933828], [16.37043047, 48.20928677], [16.37054173, 48.2092247], [16.37056461, 48.20924304], [16.37058853, 48.20922971], [16.37058826, 48.20922791], [16.37058826, 48.2092262], [16.37058839, 48.2092244], [16.37058866, 48.20922341], [16.37062528, 48.20926135], [16.37070518, 48.2092268], [16.37070451, 48.20922904], [16.37070236, 48.20923336], [16.37070101, 48.20923552], [16.3706994, 48.2092375], [16.37069752, 48.20923948], [16.3706955, 48.20924137], [16.37069321, 48.20924308], [16.37069093, 48.20924479], [16.37068824, 48.20924632], [16.37065905, 48.20926404], [16.37065717, 48.20926503], [16.37065515, 48.20926584], [16.370653, 48.20926656], [16.37065071, 48.2092671], [16.37064843, 48.20926755], [16.370646, 48.20926773], [16.37064358, 48.20926782], [16.3706413, 48.20926773], [16.37063887, 48.20926791], [16.37063659, 48.20926827], [16.3706343, 48.20926873], [16.37063215, 48.20926936], [16.37063013, 48.20927017], [16.37062811, 48.20927098], [16.37062623, 48.20927197], [16.37057149, 48.20930517], [16.37052532, 48.20926822], [16.37049532, 48.20928495], [16.37055064, 48.20931785]], [[16.37054388, 48.20926498], [16.37057538, 48.20929015], [16.37061492, 48.2092681], [16.37058342, 48.20924293], [16.37054388, 48.20926498]]]]}, "properties": {"id": 25406946, "bauperiode": "1884-1918"}}, {"type": "Feature", "geometry": {"type": "MultiPolygon", "coordinates": [[[[16.35181373, 48.20181035], [16.35181278, 48.20181268], [16.35173066, 48.20179694], [16.35172089, 48.20179507], [16.35173192, 48.20176944], [16.35171173, 48.20176557], [16.35170622, 48.20177825], [16.3516855, 48.2017743], [16.35167999, 48.20178716], [16.3516508, 48.20178159], [16.35153987, 48.20176033], [16.35152703, 48.20175786], [16.35145954, 48.20174492], [16.35144738, 48.20174259], [16.35144253, 48.20172019], [16.35136895, 48.20172749], [16.35135247, 48.20165285], [16.35134894, 48.20163684], [16.35132113, 48.20151076], [16.35142822, 48.20152972], [16.35146158, 48.20153556], [16.35145862, 48.20154293], [16.35146131, 48.20154293], [16.351464, 48.2015432], [16.35146669, 48.20154356], [16.35146925, 48.20154419], [16.35147181, 48.20154491], [16.35147423, 48.20154581], [16.35147638, 48.2015468], [16.35147853, 48.20154797], [16.35148042, 48.20154932], [16.35148203, 48.20155067], [16.35148365, 48.20155219], [16.35148486, 48.20155381], [16.3514858, 48.20155552], [16.35148661, 48.20155723], [16.35148715, 48.20155903], [16.35148742, 48.20156092], [16.35148742, 48.20156272], [16.35148715, 48.20156451], [16.35148661, 48.20156631], [16.35150249, 48.2015691], [16.35151216, 48.20154455], [16.35162531, 48.2015645], [16.35172338, 48.20158184], [16.35178594, 48.20159289], [16.35177492, 48.20161844], [16.3517951, 48.2016223], [16.35180626, 48.20159649], [16.35189456, 48.20161279], [16.35189613, 48.20161304], [16.35188083, 48.20165033], [16.35186507, 48.20169118], [16.35186212, 48.20169819], [16.35185633, 48.20169711], [16.35185058, 48.20171043], [16.35184423, 48.20172509], [16.35184813, 48.2017258], [16.35181373, 48.20181035]], [[16.3515453, 48.20171547], [16.35163635, 48.20173296], [16.351653, 48.2016922], [16.35164471, 48.20168221], [16.35165292, 48.20166315], [16.35166658, 48.20165901], [16.35167891, 48.20162885], [16.35152858, 48.20160121], [16.35154764, 48.20168654], [16.3515453, 48.20171547]]]]}, "properties": {"id": 23527537, "bauperiode": "1884-1918"}}, {"type": "Feature", "geometry": {"type": "Polygon", "coordinates": [[[16.36368159, 48.20018003], [16.36367981, 48.20018033], [16.36367841, 48.20018012], [16.36367793, 48.20017995], [16.3636775, 48.20017973], [16.36367707, 48.20017947], [16.36360172, 48.20013418], [16.36360082, 48.20013455], [16.36353802, 48.20009853], [16.36353553, 48.2000989], [16.36348466, 48.20006874], [16.36348421, 48.20006881], [16.363476, 48.20006402], [16.36344818, 48.20004783], [16.3634401, 48.20004312], [16.3634407, 48.20004289], [16.36338853, 48.20001251], [16.36339078, 48.2000111], [16.36333489, 48.19997845], [16.36332415, 48.19998669], [16.36333575, 48.19999344], [16.36332385, 48.20000258], [16.36330626, 48.19999234], [16.36341453, 48.19990118], [16.36343751, 48.19991555], [16.3636831, 48.20006037], [16.36367866, 48.20006361], [16.36369803, 48.20007448], [16.36378745, 48.19999775], [16.36382295, 48.19997166], [16.36386044, 48.19998792], [16.36389588, 48.20000778], [16.36368316, 48.200179], [16.3636828, 48.2001793], [16.36368245, 48.20017958], [16.36368204, 48.20017983], [16.36368159, 48.20018003]]]}, "properties": {"id": 25546428, "bauperiode": "1884-1918"}}, {"type": "Feature", "geometry": {"type": "MultiPolygon", "coordinates": [[[[16.36403337, 48.19976854], [16.36396412, 48.19982747], [16.36370993, 48.19969056], [16.36378039, 48.19962732], [16.36375741, 48.1996143], [16.36376397, 48.19960889], [16.36380377, 48.19957605], [16.36389877, 48.19949776], [16.36395226, 48.19952692], [16.36397381, 48.19953882], [16.36396974, 48.1995422], [16.36399753, 48.19955715], [16.36397908, 48.19957248], [16.36407292, 48.19962296], [16.36409214, 48.19960699], [16.36407279, 48.19959658], [16.36407504, 48.19959473], [16.3640926, 48.19960377], [16.36422293, 48.19967938], [16.36422125, 48.19968087], [16.36422463, 48.19968265], [16.3641466, 48.19974878], [16.36414503, 48.19974794], [16.36414399, 48.19974886], [16.36414566, 48.19974977], [16.36408764, 48.1997978], [16.36405734, 48.19978148], [16.36403337, 48.19976854]], [[16.36388925, 48.19968818], [16.36392599, 48.1997076], [16.36395974, 48.19967908], [16.363923, 48.19965957], [16.36388925, 48.19968818]]]]}, "properties": {"id": 25548845, "bauperiode": "1884-1918"}}, {"type": "Feature", "geometry": {"type": "Polygon", "coordinates": [[[16.36400709, 48.19951117], [16.36397381, 48.19953882], [16.36395226, 48.19952692], [16.3640153, 48.19947421], [16.36403612, 48.19945681], [16.36398345, 48.19942795], [16.36401239, 48.19940411], [16.3641166, 48.19946118], [16.36411007, 48.19946652], [16.3641252, 48.1994748], [16.36404424, 48.19953113], [16.36400709, 48.19951117]]]}, "properties": {"id": 25548839, "bauperiode": "1884-1918"}}, {"type": "Feature", "geometry": {"type": "Polygon", "coordinates": [[[16.36409214, 48.19960699], [16.36407292, 48.19962296], [16.36397908, 48.19957248], [16.36399753, 48.19955715], [16.36396974, 48.1995422], [16.36397381, 48.19953882], [16.36400709, 48.19951117], [16.36404424, 48.19953113], [16.36410937, 48.19956618], [16.36407504, 48.19959473], [16.36407279, 48.19959658], [16.36409214, 48.19960699]]]}, "properties": {"id": 25548841, "bauperiode": "1884-1918"}}, {"type": "Feature", "geometry": {"type": "MultiPolygon", "coordinates": [[[[16.36425114, 48.19966214], [16.36422651, 48.19968142], [16.36422293, 48.19967938], [16.3640926, 48.19960377], [16.36420434, 48.19950923], [16.36414473, 48.19947658], [16.3641166, 48.19946118], [16.36401239, 48.19940411], [16.3640449, 48.19937732], [16.36406569, 48.19936019], [16.36412728, 48.19930942], [16.36412774, 48.199309], [16.36414308, 48.19931719], [16.36413393, 48.19933284], [16.36416025, 48.19934705], [16.36417562, 48.19933471], [16.36419, 48.19934236], [16.36417476, 48.19935504], [16.36420159, 48.19936928], [16.36421686, 48.19935678], [16.36422227, 48.19935964], [16.36423149, 48.19936453], [16.3642166, 48.1993772], [16.36424326, 48.19939144], [16.36425848, 48.199379], [16.36426416, 48.19938201], [16.36427365, 48.19938707], [16.3642593, 48.19940001], [16.36427674, 48.19940954], [16.36427784, 48.19941014], [16.36429577, 48.19941992], [16.36431148, 48.19940711], [16.36432541, 48.19941444], [16.36431752, 48.19942081], [16.36431859, 48.19942142], [16.36433077, 48.19942834], [16.36433153, 48.19942876], [16.36433999, 48.19942304], [16.36434039, 48.19942277], [16.36435351, 48.19942988], [16.36446382, 48.19948966], [16.36446869, 48.19949187], [16.36445225, 48.19950474], [16.36442062, 48.19952949], [16.36425114, 48.19966214]], [[16.3641976, 48.19949971], [16.36425587, 48.19953013], [16.36430576, 48.1994878], [16.3642483, 48.19945634], [16.36423444, 48.19944825], [16.36420782, 48.19947119], [16.36422208, 48.19947856], [16.3641976, 48.19949971]]]]}, "properties": {"id": 25546438, "bauperiode": "1884-1918"}}, {"type": "Feature", "geometry": {"type": "Polygon", "coordinates": [[[16.36420434, 48.19950923], [16.3640926, 48.19960377], [16.36407504, 48.19959473], [16.36410937, 48.19956618], [16.36404424, 48.19953113], [16.3641252, 48.1994748], [16.36413819, 48.19948192], [16.36414473, 48.19947658], [16.36420434, 48.19950923]]]}, "properties": {"id": 25548783, "bauperiode": "1884-1918"}}, {"type": "Feature", "geometry": {"type": "MultiPolygon", "coordinates": [[[[16.3637709, 48.19998759], [16.3636831, 48.20006037], [16.36343751, 48.19991555], [16.36351514, 48.19985143], [16.3637709, 48.19998759]], [[16.36358309, 48.19995895], [16.36359426, 48.19996497], [16.36360838, 48.19996398], [16.36361739, 48.1999566], [16.36361604, 48.19994707], [16.36360487, 48.19994105], [16.36359075, 48.19994204], [16.36358174, 48.19994942], [16.36358309, 48.19995895]]]]}, "properties": {"id": 25548007, "bauperiode": "1884-1918"}}, {"type": "Feature", "geometry": {"type": "Polygon", "coordinates": [[[16.36396412, 48.19982747], [16.3637709, 48.19998759], [16.36351514, 48.19985143], [16.36370993, 48.19969056], [16.36396412, 48.19982747]]]}, "properties": {"id": 25546432, "bauperiode": "1884-1918"}}, {"type": "Feature", "geometry": {"type": "Polygon", "coordinates": [[[16.36378745, 48.19999775], [16.36369803, 48.20007448], [16.36367866, 48.20006361], [16.3636831, 48.20006037], [16.3637709, 48.19998759], [16.36396412, 48.19982747], [16.36403337, 48.19976854], [16.36405734, 48.19978148], [16.3639562, 48.19986002], [16.36399013, 48.19987922], [16.36398854, 48.19988053], [16.36398958, 48.19988107], [16.36395931, 48.19990619], [16.36395865, 48.1999049], [16.36386044, 48.19998792], [16.36382295, 48.19997166], [16.36378745, 48.19999775]]]}, "properties": {"id": 25546429, "bauperiode": "1884-1918"}}, {"type": "Feature", "geometry": {"type": "Polygon", "coordinates": [[[16.37124528, 48.20825394], [16.37095527, 48.20830839], [16.3709481, 48.20829303], [16.37107596, 48.2082684], [16.37111103, 48.20826165], [16.37111895, 48.20826012], [16.3711201, 48.20826017], [16.3711837, 48.20824819], [16.37118709, 48.20825442], [16.37121385, 48.20824208], [16.37121472, 48.20824173], [16.37121578, 48.20824193], [16.37121626, 48.20824246], [16.37121607, 48.20824312], [16.3712223, 48.20824453], [16.37122423, 48.20824242], [16.37122725, 48.20824097], [16.37122835, 48.20824069], [16.37123087, 48.20824042], [16.37123453, 48.20824086], [16.37123454, 48.20823864], [16.37123974, 48.20823762], [16.37124028, 48.20823751], [16.37124528, 48.20825394]]]}, "properties": {"id": 25405570, "bauperiode": "1946-1976"}}, {"type": "Feature", "geometry": {"type": "Polygon", "coordinates": [[[16.37115953, 48.20841475], [16.37113908, 48.20842592], [16.37111806, 48.20837672], [16.37104999, 48.2083896], [16.37102501, 48.20839407], [16.37098409, 48.20837131], [16.37097831, 48.20835776], [16.37097812, 48.20835731], [16.37095527, 48.20830839], [16.37124528, 48.20825394], [16.3712458, 48.20825559], [16.37124925, 48.20826692], [16.37127401, 48.20834812], [16.37127674, 48.20835046], [16.37114295, 48.20837599], [16.37115953, 48.20841475]]]}, "properties": {"id": 25408345, "bauperiode": "1946-1976"}}, {"type": "Feature", "geometry": {"type": "MultiPolygon", "coordinates": [[[[16.37533425, 48.20779396], [16.37523109, 48.20783567], [16.37519779, 48.20780689], [16.37523749, 48.20779176], [16.37519686, 48.20776054], [16.37520729, 48.20775393], [16.37518752, 48.20773999], [16.37516963, 48.20775131], [16.37518941, 48.20776527], [16.37516647, 48.2077798], [16.37514816, 48.20776398], [16.37512259, 48.20774379], [16.37520484, 48.20769168], [16.37520734, 48.20769343], [16.37522348, 48.20770477], [16.37522951, 48.207709], [16.37525702, 48.20773037], [16.37531594, 48.20777615], [16.37533425, 48.20779396]], [[16.37524205, 48.20777288], [16.37525684, 48.20778425], [16.37528274, 48.20776919], [16.37526795, 48.20775782], [16.37524205, 48.20777288]]]]}, "properties": {"id": 24713149, "bauperiode": "1884-1918"}}, {"type": "Feature", "geometry": {"type": "Polygon", "coordinates": [[[16.3753853, 48.20784519], [16.3752847, 48.20788587], [16.37524092, 48.20784416], [16.37523109, 48.20783567], [16.37533425, 48.20779396], [16.37537693, 48.20783548], [16.3753853, 48.20784519]]]}, "properties": {"id": 24715238, "bauperiode": "1884-1918"}}, {"type": "Feature", "geometry": {"type": "MultiPolygon", "coordinates": [[[[16.37299386, 48.20936711], [16.37299222, 48.2093685], [16.37285755, 48.20925734], [16.37282545, 48.20927265], [16.37280502, 48.20925627], [16.37280404, 48.2092553], [16.37279984, 48.2092516], [16.37285564, 48.20922334], [16.37287826, 48.20924186], [16.37288485, 48.20923862], [16.37301476, 48.20934479], [16.37300777, 48.20934812], [16.37301211, 48.20935168], [16.37299386, 48.20936711]], [[16.3729064, 48.20926694], [16.37290963, 48.20926946], [16.37291729, 48.20926604], [16.37291406, 48.20926352], [16.3729064, 48.20926694]], [[16.37293965, 48.20929427], [16.37294261, 48.2092967], [16.37295028, 48.20929319], [16.37294732, 48.20929076], [16.37293965, 48.20929427]], [[16.37297277, 48.20932142], [16.37297586, 48.20932376], [16.3729834, 48.20932025], [16.3729803, 48.20931791], [16.37297277, 48.20932142]]]]}, "properties": {"id": 24797102, "bauperiode": "1946-1976"}}, {"type": "Feature", "geometry": {"type": "Polygon", "coordinates": [[[16.37297533, 48.20938278], [16.37296785, 48.20938911], [16.37296438, 48.20938625], [16.37295132, 48.20937558], [16.37285266, 48.20929447], [16.37282545, 48.20927265], [16.37285755, 48.20925734], [16.37299222, 48.2093685], [16.37297533, 48.20938278]]]}, "properties": {"id": 24791023, "bauperiode": "1946-1976"}}, {"type": "Feature", "geometry": {"type": "Polygon", "coordinates": [[[16.37279333, 48.20950953], [16.37279285, 48.20950982], [16.37270753, 48.20945056], [16.37268588, 48.20946441], [16.372684, 48.20946567], [16.372551, 48.20937273], [16.37272952, 48.2092862], [16.37273637, 48.20928285], [16.37275426, 48.2092947], [16.37277174, 48.20928609], [16.37277653, 48.2092851], [16.37278137, 48.20928426], [16.37278624, 48.20928358], [16.3727912, 48.20928306], [16.37279393, 48.20928285], [16.37279664, 48.2092827], [16.37279938, 48.20928262], [16.37280211, 48.20928259], [16.37280457, 48.20928261], [16.37261034, 48.20937531], [16.37270039, 48.20943878], [16.37272312, 48.20942501], [16.37281994, 48.20949362], [16.37281678, 48.20949551], [16.37279333, 48.20950953]]]}, "properties": {"id": 24796267, "bauperiode": "1946-1976"}}, {"type": "Feature", "geometry": {"type": "Polygon", "coordinates": [[[16.37283127, 48.20948682], [16.37281994, 48.20949362], [16.37272312, 48.20942501], [16.37270039, 48.20943878], [16.37261034, 48.20937531], [16.37280457, 48.20928261], [16.37280703, 48.20928266], [16.37280949, 48.20928275], [16.37281196, 48.20928288], [16.37284333, 48.20929932], [16.37285266, 48.20929447], [16.37295132, 48.20937558], [16.37296438, 48.20938625], [16.37296785, 48.20938911], [16.37296574, 48.20939089], [16.37292553, 48.20942487], [16.3729197, 48.2094298], [16.37291562, 48.20943257], [16.37283772, 48.20936814], [16.37277706, 48.2094008], [16.37279146, 48.20941267], [16.37279967, 48.20940826], [16.37286792, 48.2094649], [16.37285938, 48.20947001], [16.37283127, 48.20948682]]]}, "properties": {"id": 24790992, "bauperiode": "1946-1976"}}, {"type": "Feature", "geometry": {"type": "Polygon", "coordinates": [[[16.37290528, 48.20943958], [16.37286792, 48.2094649], [16.37279967, 48.20940826], [16.37279146, 48.20941267], [16.37277706, 48.2094008], [16.37283772, 48.20936814], [16.37291562, 48.20943257], [16.37290528, 48.20943958]]]}, "properties": {"id": 24791005, "bauperiode": "1946-1976"}}, {"type": "Feature", "geometry": {"type": "MultiPolygon", "coordinates": [[[[16.3700066, 48.2047372], [16.36996991, 48.204745], [16.36996835, 48.20474157], [16.36994146, 48.20468311], [16.37017928, 48.20463312], [16.37018144, 48.20463753], [16.37028892, 48.20461466], [16.3702869, 48.20461052], [16.37046123, 48.20457387], [16.37040381, 48.20445237], [16.37049607, 48.20443287], [16.3705133, 48.20446621], [16.37053285, 48.2045072], [16.37055027, 48.20454329], [16.37057579, 48.20459686], [16.37055671, 48.204621], [16.37038386, 48.20465744], [16.37034492, 48.20466544], [16.37032713, 48.2046691], [16.37003223, 48.20473175], [16.3700066, 48.2047372]], [[16.37051158, 48.20462709], [16.37051535, 48.20462718], [16.37051911, 48.204627], [16.37052275, 48.20462673], [16.37052651, 48.20462628], [16.37053001, 48.20462556], [16.37053364, 48.20462475], [16.37053701, 48.20462376], [16.37054037, 48.20462259], [16.3705436, 48.20462133], [16.37054656, 48.20461989], [16.37054951, 48.20461827], [16.3705522, 48.20461656], [16.37055476, 48.20461476], [16.37055704, 48.20461278], [16.3705592, 48.20461071], [16.37056108, 48.20460855], [16.37056269, 48.2046063], [16.37056403, 48.20460396], [16.37056524, 48.20460162], [16.37056618, 48.20459919], [16.37056685, 48.20459677], [16.37056726, 48.20459425], [16.37056739, 48.20459173], [16.37056725, 48.20458921], [16.37056685, 48.20458678], [16.37056617, 48.20458427], [16.37056523, 48.20458193], [16.37056402, 48.2045795], [16.37056267, 48.20457716], [16.37056105, 48.204575], [16.37055917, 48.20457285], [16.37055702, 48.20457078], [16.37055473, 48.2045688], [16.37055217, 48.20456691], [16.37054948, 48.20456521], [16.37054652, 48.20456368], [16.37054356, 48.20456224], [16.37054033, 48.20456089], [16.37053696, 48.20455972], [16.3705336, 48.20455874], [16.37052997, 48.20455793], [16.37052647, 48.2045573], [16.3705227, 48.20455685], [16.37051907, 48.20455649], [16.3705153, 48.2045564], [16.37051153, 48.2045564], [16.3705079, 48.20455667], [16.37050413, 48.20455704], [16.3705005, 48.20455758], [16.37049701, 48.20455839], [16.37049351, 48.20455929], [16.37049015, 48.20456028], [16.37048678, 48.20456154], [16.37048369, 48.20456289], [16.37048073, 48.20456442], [16.37047791, 48.20456613], [16.37047535, 48.20456784], [16.37047293, 48.20456981], [16.37047065, 48.20457179], [16.37046863, 48.20457386], [16.37046688, 48.20457611], [16.3704654, 48.20457836], [16.37046406, 48.2045807], [16.37046298, 48.20458313], [16.37046231, 48.20458556], [16.37046178, 48.20458807], [16.37046151, 48.2045905], [16.37046151, 48.20459302], [16.37046178, 48.20459554], [16.37046232, 48.20459797], [16.370463, 48.20460039], [16.37046407, 48.20460282], [16.37046542, 48.20460516], [16.3704669, 48.2046075], [16.37046865, 48.20460966], [16.37047067, 48.20461172], [16.37047296, 48.20461379], [16.37047538, 48.20461568], [16.37047794, 48.20461748], [16.37048077, 48.2046191], [16.37048373, 48.20462062], [16.37048682, 48.20462197], [16.37049019, 48.20462323], [16.37049355, 48.20462431], [16.37049705, 48.20462521], [16.37050055, 48.20462592], [16.37050418, 48.20462646], [16.37050795, 48.20462691], [16.37051158, 48.20462709]]]]}, "properties": {"id": 25450715, "bauperiode": "1884-1918"}}, {"type": "Feature", "geometry": {"type": "Polygon", "coordinates": [[[16.37046123, 48.20457387], [16.3702869, 48.20461052], [16.37025524, 48.20454425], [16.37029909, 48.20453488], [16.37030542, 48.20454819], [16.37035116, 48.20453846], [16.37031896, 48.20447031], [16.37040381, 48.20445237], [16.37046123, 48.20457387]]]}, "properties": {"id": 25451470, "bauperiode": "1884-1918"}}, {"type": "Feature", "geometry": {"type": "Polygon", "coordinates": [[[16.37051911, 48.204627], [16.37051535, 48.20462718], [16.37051158, 48.20462709], [16.37050795, 48.20462691], [16.37050418, 48.20462646], [16.37050055, 48.20462592], [16.37049705, 48.20462521], [16.37049355, 48.20462431], [16.37049019, 48.20462323], [16.37048682, 48.20462197], [16.37048373, 48.20462062], [16.37048077, 48.2046191], [16.37047794, 48.20461748], [16.37047538, 48.20461568], [16.37047296, 48.20461379], [16.37047067, 48.20461172], [16.37046865, 48.20460966], [16.3704669, 48.2046075], [16.37046542, 48.20460516], [16.37046407, 48.20460282], [16.370463, 48.20460039], [16.37046232, 48.20459797], [16.37046178, 48.20459554], [16.37046151, 48.20459302], [16.37046151, 48.2045905], [16.37046178, 48.20458807], [16.37046231, 48.20458556], [16.37046298, 48.20458313], [16.37046406, 48.2045807], [16.3704654, 48.20457836], [16.37046688, 48.20457611], [16.37046863, 48.20457386], [16.37047065, 48.20457179], [16.37047293, 48.20456981], [16.37047535, 48.20456784], [16.37047791, 48.20456613], [16.37048073, 48.20456442], [16.37048369, 48.20456289], [16.37048678, 48.20456154], [16.37049015, 48.20456028], [16.37049351, 48.20455929], [16.37049701, 48.20455839], [16.3705005, 48.20455758], [16.37050413, 48.20455704], [16.3705079, 48.20455667], [16.37051153, 48.2045564], [16.3705153, 48.2045564], [16.37051907, 48.20455649], [16.3705227, 48.20455685], [16.37052647, 48.2045573], [16.37052997, 48.20455793], [16.3705336, 48.20455874], [16.37053696, 48.20455972], [16.37054033, 48.20456089], [16.37054356, 48.20456224], [16.37054652, 48.20456368], [16.37054948, 48.20456521], [16.37055217, 48.20456691], [16.37055473, 48.2045688], [16.37055702, 48.20457078], [16.37055917, 48.20457285], [16.37056105, 48.204575], [16.37056267, 48.20457716], [16.37056402, 48.2045795], [16.37056523, 48.20458193], [16.37056617, 48.20458427], [16.37056685, 48.20458678], [16.37056725, 48.20458921], [16.37056739, 48.20459173], [16.37056726, 48.20459425], [16.37056685, 48.20459677], [16.37056618, 48.20459919], [16.37056524, 48.20460162], [16.37056403, 48.20460396], [16.37056269, 48.2046063], [16.37056108, 48.20460855], [16.3705592, 48.20461071], [16.37055704, 48.20461278], [16.37055476, 48.20461476], [16.3705522, 48.20461656], [16.37054951, 48.20461827], [16.37054656, 48.20461989], [16.3705436, 48.20462133], [16.37054037, 48.20462259], [16.37053701, 48.20462376], [16.37053364, 48.20462475], [16.37053001, 48.20462556], [16.37052651, 48.20462628], [16.37052275, 48.20462673], [16.37051911, 48.204627]]]}, "properties": {"id": 25450722, "bauperiode": "1884-1918"}}, {"type": "Feature", "geometry": {"type": "Polygon", "coordinates": [[[16.37017928, 48.20463312], [16.36994146, 48.20468311], [16.36991667, 48.20463104], [16.36997532, 48.20461853], [16.36994258, 48.20454983], [16.37007333, 48.20452218], [16.37010593, 48.2045907], [16.37015422, 48.20458043], [16.37017928, 48.20463312]]]}, "properties": {"id": 25450716, "bauperiode": "1884-1918"}}, {"type": "Feature", "geometry": {"type": "Polygon", "coordinates": [[[16.37028892, 48.20461466], [16.37018144, 48.20463753], [16.37017928, 48.20463312], [16.37015422, 48.20458043], [16.37014789, 48.20456712], [16.37017143, 48.20456208], [16.3701651, 48.20454895], [16.37017088, 48.20453798], [16.37023464, 48.20452438], [16.37024904, 48.20453112], [16.37025524, 48.20454425], [16.3702869, 48.20461052], [16.37028892, 48.20461466]]]}, "properties": {"id": 25450720, "bauperiode": "1884-1918"}}, {"type": "Feature", "geometry": {"type": "Polygon", "coordinates": [[[16.37687619, 48.2085617], [16.3768002, 48.2085942], [16.37675427, 48.20854214], [16.37675252, 48.20854016], [16.37676478, 48.20853604], [16.37683121, 48.2085137], [16.37685518, 48.20853927], [16.3768664, 48.20855126], [16.37687619, 48.2085617]]]}, "properties": {"id": 27105280, "bauperiode": "1884-1918"}}, {"type": "Feature", "geometry": {"type": "MultiPolygon", "coordinates": [[[[16.37704231, 48.20862909], [16.3768464, 48.20871204], [16.37676173, 48.20861453], [16.37675931, 48.20861166], [16.37676211, 48.20861046], [16.3768002, 48.2085942], [16.37687619, 48.2085617], [16.37689839, 48.20855224], [16.37690145, 48.20855544], [16.37692686, 48.20854459], [16.3769238, 48.20854138], [16.37692743, 48.20853983], [16.37692541, 48.20853812], [16.37692366, 48.20853624], [16.37692205, 48.20853426], [16.37692151, 48.20853345], [16.3769207, 48.20853219], [16.37691962, 48.20853003], [16.37691881, 48.20852787], [16.37691827, 48.20852572], [16.376918, 48.20852347], [16.376918, 48.20852122], [16.37691827, 48.20851897], [16.3769188, 48.20851681], [16.37691961, 48.20851465], [16.37692068, 48.2085125], [16.37692203, 48.20851043], [16.37692351, 48.20850845], [16.37692525, 48.20850656], [16.37692727, 48.20850476], [16.37692956, 48.20850305], [16.37693184, 48.20850152], [16.37693453, 48.20850008], [16.37693722, 48.20849882], [16.37694005, 48.20849774], [16.37694314, 48.20849675], [16.37694623, 48.20849594], [16.37694946, 48.20849531], [16.37695269, 48.20849486], [16.37695353, 48.20849479], [16.37695606, 48.20849459], [16.37695942, 48.2084945], [16.37696265, 48.20849449], [16.37696601, 48.20849476], [16.37696924, 48.20849521], [16.37697247, 48.20849584], [16.3769757, 48.20849665], [16.37697866, 48.20849755], [16.37698162, 48.20849862], [16.37698431, 48.20849988], [16.37698701, 48.20850132], [16.37698943, 48.20850285], [16.37699158, 48.20850447], [16.3769936, 48.20850626], [16.37699549, 48.20850815], [16.3769971, 48.20851013], [16.37704821, 48.20848817], [16.37714092, 48.20844856], [16.37714627, 48.2084563], [16.37719617, 48.20843335], [16.37722533, 48.20847459], [16.37726709, 48.20853363], [16.37706992, 48.20861753], [16.37706519, 48.20861683], [16.37704339, 48.20862589], [16.37704231, 48.20862909]], [[16.37699385, 48.20853053], [16.37702872, 48.2085692], [16.37713606, 48.20852597], [16.3771012, 48.2084873], [16.37699385, 48.20853053]], [[16.37685197, 48.20859037], [16.37688683, 48.20862904], [16.37699418, 48.20858582], [16.37698012, 48.20857019], [16.37701186, 48.2085574], [16.37699278, 48.20853624], [16.37696103, 48.20854902], [16.37695931, 48.20854714], [16.37685197, 48.20859037]]]]}, "properties": {"id": 27105284, "bauperiode": "1884-1918"}}, {"type": "Feature", "geometry": {"type": "Polygon", "coordinates": [[[16.37699418, 48.20858582], [16.37688683, 48.20862904], [16.37685197, 48.20859037], [16.37695931, 48.20854714], [16.37696103, 48.20854902], [16.37698012, 48.20857019], [16.37699418, 48.20858582]]]}, "properties": {"id": 27105282, "bauperiode": "1884-1918"}}, {"type": "Feature", "geometry": {"type": "Polygon", "coordinates": [[[16.37713606, 48.20852597], [16.37702872, 48.2085692], [16.37699385, 48.20853053], [16.3771012, 48.2084873], [16.37713606, 48.20852597]]]}, "properties": {"id": 27105278, "bauperiode": "1884-1918"}}, {"type": "Feature", "geometry": {"type": "MultiPolygon", "coordinates": [[[[16.37757035, 48.19878402], [16.37756466, 48.19889254], [16.37727146, 48.19889134], [16.37724593, 48.19886008], [16.37721019, 48.19887236], [16.377147, 48.19879754], [16.37718399, 48.19878422], [16.37716036, 48.19875529], [16.37730669, 48.19858675], [16.37742152, 48.19862943], [16.37740104, 48.19865329], [16.37743924, 48.19866602], [16.37744519, 48.19867527], [16.37740061, 48.19872424], [16.37739951, 48.19872545], [16.37738407, 48.19872657], [16.37735671, 48.1987148], [16.37733326, 48.19874497], [16.3773337, 48.19878025], [16.37735257, 48.19878484], [16.37747902, 48.19878414], [16.37752282, 48.19878417], [16.37757035, 48.19878402]], [[16.37735783, 48.19868686], [16.37738331, 48.19869646], [16.37739902, 48.19867783], [16.37737354, 48.19866823], [16.37735783, 48.19868686]], [[16.3775146, 48.19880077], [16.37749893, 48.19880068], [16.37749859, 48.19883009], [16.37751426, 48.19883017], [16.3775146, 48.19880077]]]]}, "properties": {"id": 24620626, "bauperiode": "1884-1918"}}, {"type": "Feature", "geometry": {"type": "Polygon", "coordinates": [[[16.37756466, 48.19889254], [16.37756384, 48.19890819], [16.3774979, 48.19890784], [16.37746508, 48.1989077], [16.37725931, 48.1989068], [16.37722956, 48.19887174], [16.3772149, 48.19887795], [16.37721019, 48.19887236], [16.37724593, 48.19886008], [16.37727146, 48.19889134], [16.37756466, 48.19889254]]]}, "properties": {"id": 24620620, "bauperiode": "1884-1918"}}, {"type": "Feature", "geometry": {"type": "Polygon", "coordinates": [[[16.37756263, 48.198543], [16.37746828, 48.19864682], [16.37743253, 48.19863353], [16.37742152, 48.19862943], [16.37730669, 48.19858675], [16.37728377, 48.19857823], [16.37737788, 48.19846843], [16.37737586, 48.19846762], [16.37740838, 48.19843037], [16.37741565, 48.19843334], [16.37756134, 48.1984918], [16.37756434, 48.198493], [16.37754069, 48.198519], [16.37753114, 48.19852017], [16.37753613, 48.1985387], [16.37755577, 48.19853626], [16.37756532, 48.19854012], [16.37756411, 48.19854138], [16.37756263, 48.198543]]]}, "properties": {"id": 24620681, "bauperiode": "1884-1918"}}, {"type": "Feature", "geometry": {"type": "MultiPolygon", "coordinates": [[[[16.37767636, 48.19858922], [16.37758542, 48.19869019], [16.3775729, 48.19868575], [16.37757683, 48.19868189], [16.37755785, 48.19867431], [16.37755111, 48.19868154], [16.37746828, 48.19864682], [16.37756263, 48.198543], [16.37767636, 48.19858922]], [[16.37763018, 48.19863452], [16.37760584, 48.19862486], [16.37758897, 48.19864385], [16.37761331, 48.19865351], [16.37763018, 48.19863452]]]]}, "properties": {"id": 24620677, "bauperiode": "1884-1918"}}, {"type": "Feature", "geometry": {"type": "Polygon", "coordinates": [[[16.37718399, 48.19878422], [16.377147, 48.19879754], [16.37714421, 48.19879424], [16.37715927, 48.19878839], [16.37713046, 48.19875423], [16.37714094, 48.19874226], [16.37714027, 48.19874173], [16.37724389, 48.19862478], [16.3772455, 48.19862532], [16.37724873, 48.19862181], [16.3772498, 48.19862244], [16.37725763, 48.19861353], [16.37727135, 48.19859789], [16.37727951, 48.19858861], [16.37727832, 48.1985878], [16.37728116, 48.19858422], [16.37727933, 48.19858343], [16.37728377, 48.19857823], [16.37730669, 48.19858675], [16.37716036, 48.19875529], [16.37718399, 48.19878422]]]}, "properties": {"id": 24620652, "bauperiode": "1884-1918"}}, {"type": "Feature", "geometry": {"type": "MultiPolygon", "coordinates": [[[[16.37834088, 48.19910606], [16.37789706, 48.19939292], [16.37752504, 48.19915176], [16.37752989, 48.19915015], [16.37753729, 48.199147], [16.37754415, 48.19914331], [16.37755033, 48.19913908], [16.37755557, 48.1991344], [16.37756014, 48.19912936], [16.37756364, 48.19912397], [16.37756619, 48.19911839], [16.3775678, 48.19911254], [16.37756833, 48.1991067], [16.37756779, 48.19910085], [16.37756617, 48.19909501], [16.37756407, 48.19909042], [16.37833415, 48.19909266], [16.37834088, 48.19910606]], [[16.37776972, 48.19911373], [16.37765295, 48.19911359], [16.37765162, 48.19912996], [16.37760709, 48.1991307], [16.3776071, 48.19913807], [16.37768489, 48.19918508], [16.37770049, 48.1991732], [16.37789282, 48.19929697], [16.37784495, 48.19933035], [16.3778716, 48.19934599], [16.37791624, 48.19931629], [16.37790291, 48.19930587], [16.37803104, 48.19922335], [16.37806442, 48.19924645], [16.37812503, 48.19920798], [16.3780944, 48.19918641], [16.37810354, 48.19918012], [16.37809272, 48.1991731], [16.37813324, 48.19914738], [16.37815876, 48.19916534], [16.37817252, 48.19915662], [16.37818835, 48.19916777], [16.37822939, 48.19914171], [16.37820718, 48.1991231], [16.3780502, 48.19912514], [16.37801121, 48.19915042], [16.37782638, 48.1991495], [16.37776972, 48.19911373]]]]}, "properties": {"id": 24621051, "bauperiode": "1884-1918"}}, {"type": "Feature", "geometry": {"type": "Polygon", "coordinates": [[[16.37796541, 48.19924415], [16.37790182, 48.19928203], [16.37780322, 48.19921969], [16.377824, 48.19920454], [16.37779763, 48.19918817], [16.37780882, 48.19918061], [16.37782075, 48.19917253], [16.37782074, 48.19916659], [16.3779667, 48.19916672], [16.37799269, 48.19918776], [16.37797009, 48.19920458], [16.37798515, 48.19921322], [16.3779576, 48.19923075], [16.37796541, 48.19924415]]]}, "properties": {"id": 24620542, "bauperiode": "1884-1918"}}, {"type": "Feature", "geometry": {"type": "Polygon", "coordinates": [[[16.37750501, 48.19915582], [16.37749627, 48.19915637], [16.37748753, 48.19915619], [16.37747878, 48.19915529], [16.3774703, 48.19915377], [16.3774621, 48.19915152], [16.37745443, 48.19914874], [16.37744729, 48.19914532], [16.3774407, 48.19914128], [16.37743505, 48.19913687], [16.37743007, 48.19913202], [16.37742603, 48.19912671], [16.37742306, 48.19912123], [16.3774209, 48.19911556], [16.37741982, 48.19910972], [16.37741982, 48.19910378], [16.37742089, 48.19909794], [16.37742304, 48.19909227], [16.37742599, 48.19908669], [16.37743002, 48.19908148], [16.377435, 48.19907662], [16.37744064, 48.19907212], [16.37744723, 48.19906816], [16.37745436, 48.19906474], [16.37746202, 48.19906186], [16.37747023, 48.1990597], [16.3774787, 48.19905817], [16.37748745, 48.19905726], [16.37749619, 48.19905708], [16.37750493, 48.19905762], [16.37751354, 48.19905878], [16.37752189, 48.19906067], [16.37752982, 48.19906318], [16.37753723, 48.19906633], [16.37754409, 48.19907001], [16.37755028, 48.19907424], [16.37755553, 48.19907891], [16.37756011, 48.19908404], [16.37756361, 48.19908943], [16.37756407, 48.19909042], [16.37756617, 48.19909501], [16.37756779, 48.19910085], [16.37756833, 48.1991067], [16.3775678, 48.19911254], [16.37756619, 48.19911839], [16.37756364, 48.19912397], [16.37756014, 48.19912936], [16.37755557, 48.1991344], [16.37755033, 48.19913908], [16.37754415, 48.19914331], [16.37753729, 48.199147], [16.37752989, 48.19915015], [16.37752504, 48.19915176], [16.37752196, 48.19915276], [16.37751362, 48.19915456], [16.37750501, 48.19915582]]]}, "properties": {"id": 24620580, "bauperiode": "1884-1918"}}, {"type": "Feature", "geometry": {"type": "MultiPolygon", "coordinates": [[[[16.35070473, 48.20624766], [16.35046049, 48.2062583], [16.35045543, 48.20621377], [16.35045015, 48.20616711], [16.35052738, 48.20616324], [16.35052859, 48.20616431], [16.35053074, 48.20616575], [16.35053303, 48.2061671], [16.35053545, 48.20616836], [16.35053801, 48.20616944], [16.35059976, 48.20616628], [16.35059908, 48.20615963], [16.35069407, 48.20615476], [16.35070473, 48.20624766]], [[16.35053823, 48.20618136], [16.35054253, 48.20621156], [16.35057901, 48.20620925], [16.35057471, 48.20617904], [16.35053823, 48.20618136]]]]}, "properties": {"id": 23598292, "bauperiode": "1884-1918"}}, {"type": "Feature", "geometry": {"type": "Polygon", "coordinates": [[[16.35054442, 48.20602537], [16.35047223, 48.20602905], [16.35046593, 48.20597263], [16.35048198, 48.20596818], [16.35050162, 48.2059626], [16.35063561, 48.20592499], [16.3506608, 48.20601573], [16.35058349, 48.20601961], [16.35058289, 48.20601423], [16.35055709, 48.20601553], [16.3505577, 48.2060209], [16.35054402, 48.20602159], [16.35054442, 48.20602537]]]}, "properties": {"id": 23598937, "bauperiode": "1884-1918"}}, {"type": "Feature", "geometry": {"type": "Polygon", "coordinates": [[[16.35044974, 48.20613412], [16.35044638, 48.20613429], [16.35043695, 48.20610641], [16.35042295, 48.20606459], [16.35041191, 48.20603204], [16.35046841, 48.20602924], [16.35047223, 48.20602905], [16.35054442, 48.20602537], [16.35054402, 48.20602159], [16.3505577, 48.2060209], [16.35058349, 48.20601961], [16.3506608, 48.20601573], [16.3506628, 48.20602284], [16.35066834, 48.20604244], [16.35069043, 48.20612203], [16.35059531, 48.2061268], [16.35053356, 48.20612996], [16.35044974, 48.20613412]]]}, "properties": {"id": 23596024, "bauperiode": "1884-1918"}}, {"type": "Feature", "geometry": {"type": "Polygon", "coordinates": [[[16.34820945, 48.20476244], [16.34820516, 48.20472198], [16.34822559, 48.20472092], [16.34822985, 48.20475769], [16.34827097, 48.20475556], [16.34826671, 48.20471879], [16.34832674, 48.20471568], [16.34840166, 48.2047118], [16.34840563, 48.20474606], [16.34840635, 48.20475224], [16.34833017, 48.20475618], [16.34820945, 48.20476244]]]}, "properties": {"id": 23592902, "bauperiode": "1884-1918"}}, {"type": "Feature", "geometry": {"type": "Polygon", "coordinates": [[[16.34825974, 48.20451117], [16.34818309, 48.20451523], [16.34816606, 48.2043493], [16.3481663, 48.20434822], [16.34817988, 48.20434762], [16.34817993, 48.20434818], [16.34822329, 48.20434586], [16.34824229, 48.20434528], [16.34824238, 48.20434623], [16.34824426, 48.20434613], [16.34824417, 48.20434522], [16.34825257, 48.20434491], [16.34827209, 48.20434418], [16.34828039, 48.20434388], [16.34828048, 48.20434488], [16.3482823, 48.20434483], [16.34828219, 48.20434365], [16.34830042, 48.20434292], [16.34830049, 48.20434363], [16.34834584, 48.20434215], [16.34834576, 48.20434116], [16.34835843, 48.20434069], [16.34835897, 48.20434218], [16.34836948, 48.20443525], [16.34837165, 48.20445441], [16.34837516, 48.20448481], [16.34837759, 48.20450504], [16.34831649, 48.2045082], [16.34831637, 48.2045073], [16.34831085, 48.20445928], [16.34830451, 48.20445951], [16.34826629, 48.2044609], [16.34825394, 48.20446135], [16.34823995, 48.2044761], [16.34824663, 48.20448024], [16.34825614, 48.20448016], [16.34825974, 48.20451117]]]}, "properties": {"id": 23591004, "bauperiode": "1884-1918"}}, {"type": "Feature", "geometry": {"type": "Polygon", "coordinates": [[[16.34822559, 48.20472092], [16.34820516, 48.20472198], [16.34820462, 48.20471676], [16.34820193, 48.2046914], [16.34820004, 48.20467333], [16.3482034, 48.20467317], [16.34823367, 48.20467179], [16.34822841, 48.20462278], [16.34820554, 48.20462386], [16.3481976, 48.2046193], [16.34819397, 48.20461721], [16.34818817, 48.20456478], [16.34818309, 48.20451523], [16.34825974, 48.20451117], [16.34826923, 48.2045929], [16.34827093, 48.20460758], [16.34829017, 48.20461675], [16.34838999, 48.20461152], [16.34839123, 48.20462214], [16.34839916, 48.2046903], [16.34840166, 48.2047118], [16.34832674, 48.20471568], [16.34826671, 48.20471879], [16.34822559, 48.20472092]]]}, "properties": {"id": 23590954, "bauperiode": "1884-1918"}}, {"type": "Feature", "geometry": {"type": "Polygon", "coordinates": [[[16.37218204, 48.20626362], [16.37213012, 48.20627477], [16.3721219, 48.20625716], [16.3720775, 48.20626635], [16.37204602, 48.20619881], [16.37204463, 48.20619576], [16.37210731, 48.2061827], [16.37210287, 48.20617317], [16.37212735, 48.20616803], [16.37213541, 48.20615652], [16.37215371, 48.20615562], [16.37215613, 48.20615112], [16.37214736, 48.20612234], [16.37213267, 48.20607432], [16.37217316, 48.20606595], [16.37219054, 48.20610335], [16.37220009, 48.20610137], [16.37221826, 48.2061073], [16.37220911, 48.20611918], [16.37222041, 48.20614112], [16.37223848, 48.20617627], [16.37231153, 48.20615952], [16.37229132, 48.20612023], [16.37230383, 48.20611735], [16.37236705, 48.20610285], [16.37233122, 48.20603307], [16.37237547, 48.20602389], [16.37238988, 48.20604699], [16.37243819, 48.2060548], [16.37245543, 48.20608429], [16.37246721, 48.20610714], [16.37247836, 48.20612858], [16.37247863, 48.20612913], [16.37251114, 48.20619519], [16.37250897, 48.20619561], [16.37249614, 48.20619859], [16.37234912, 48.2062329], [16.37231786, 48.20617193], [16.37225437, 48.20618652], [16.37225397, 48.20618859], [16.37225343, 48.20619057], [16.37225249, 48.20619255], [16.37225141, 48.20619453], [16.37225007, 48.20619641], [16.37224859, 48.20619821], [16.37224684, 48.20619992], [16.37224496, 48.20620154], [16.37224281, 48.20620307], [16.37224052, 48.20620451], [16.3722381, 48.20620577], [16.37223541, 48.20620694], [16.37223272, 48.20620793], [16.37219452, 48.20621667], [16.3722154, 48.20625749], [16.37218204, 48.20626362]]]}, "properties": {"id": 24715143, "bauperiode": "1884-1918"}}, {"type": "Feature", "geometry": {"type": "Polygon", "coordinates": [[[16.37236705, 48.20610285], [16.37230383, 48.20611735], [16.37228995, 48.20608749], [16.37226627, 48.20608085], [16.37225171, 48.20604964], [16.37233122, 48.20603307], [16.37236705, 48.20610285]]]}, "properties": {"id": 24711859, "bauperiode": "1884-1918"}}, {"type": "Feature", "geometry": {"type": "MultiPolygon", "coordinates": [[[[16.37204863, 48.20777303], [16.37196314, 48.20779775], [16.37194268, 48.20779056], [16.37191636, 48.20766205], [16.37192994, 48.20766079], [16.37191928, 48.20760863], [16.37194258, 48.20760279], [16.37199353, 48.20758999], [16.37203907, 48.20767074], [16.37211265, 48.20765219], [16.37211844, 48.20766253], [16.37224828, 48.20762984], [16.37225626, 48.20764214], [16.37229484, 48.20770187], [16.37204863, 48.20777303]], [[16.37207153, 48.20773062], [16.37211471, 48.20771973], [16.3720941, 48.20768313], [16.37203976, 48.20769682], [16.37205148, 48.2077175], [16.37206264, 48.20771471], [16.37207153, 48.20773062]]]]}, "properties": {"id": 25450974, "bauperiode": "1946-1976"}}, {"type": "Feature", "geometry": {"type": "Polygon", "coordinates": [[[16.37195817, 48.20781915], [16.37191551, 48.20780415], [16.37187771, 48.2076191], [16.37191928, 48.20760863], [16.37192994, 48.20766079], [16.37191636, 48.20766205], [16.37194268, 48.20779056], [16.37196314, 48.20779775], [16.37204863, 48.20777303], [16.37229484, 48.20770187], [16.37230576, 48.20771868], [16.37205918, 48.20778996], [16.37195817, 48.20781915]]]}, "properties": {"id": 25450973, "bauperiode": "1946-1976"}}, {"type": "Feature", "geometry": {"type": "Polygon", "coordinates": [[[16.3719563, 48.20783633], [16.37195077, 48.20783427], [16.37189865, 48.20781485], [16.37189265, 48.20781261], [16.37186793, 48.20767538], [16.3718574, 48.20762421], [16.37187771, 48.2076191], [16.37191551, 48.20780415], [16.37195817, 48.20781915], [16.37205918, 48.20778996], [16.37230576, 48.20771868], [16.37231465, 48.20773253], [16.37230847, 48.20773432], [16.3721886, 48.20776904], [16.37217764, 48.20777221], [16.37216803, 48.207775], [16.37215609, 48.20777846], [16.37203337, 48.20781401], [16.3719563, 48.20783633]]]}, "properties": {"id": 25450972, "bauperiode": "1946-1976"}}, {"type": "Feature", "geometry": {"type": "MultiPolygon", "coordinates": [[[[16.36231494, 48.21315374], [16.36229692, 48.21316957], [16.36228965, 48.21316562], [16.3622359, 48.21313391], [16.36222518, 48.21312759], [16.36226136, 48.21309737], [16.36231758, 48.21305059], [16.36224181, 48.21300996], [16.36218491, 48.21305736], [16.36214833, 48.21308777], [16.36208426, 48.21305595], [16.36210121, 48.21304191], [16.36207655, 48.21302873], [16.36215915, 48.21296023], [16.36218635, 48.21297489], [16.36223181, 48.21293693], [16.3622048, 48.21292239], [16.3622873, 48.21285398], [16.36228797, 48.21285342], [16.36238357, 48.21290371], [16.36238842, 48.21289985], [16.36239968, 48.21290589], [16.36242603, 48.21292002], [16.36243754, 48.21292619], [16.3624331, 48.21292978], [16.36252853, 48.21298102], [16.36252746, 48.21298192], [16.36247433, 48.21303329], [16.36244068, 48.21301531], [16.36241177, 48.21304328], [16.36244542, 48.21306135], [16.36243439, 48.21307197], [16.36234038, 48.213163], [16.36231494, 48.21315374]], [[16.36234383, 48.21306524], [16.36238071, 48.21308439], [16.3624185, 48.213052], [16.36240797, 48.21304652], [16.36238176, 48.21303286], [16.36234383, 48.21306524]]]]}, "properties": {"id": 25525477, "bauperiode": "1860-1883"}}, {"type": "Feature", "geometry": {"type": "MultiPolygon", "coordinates": [[[[16.37754112, 48.20946969], [16.37745331, 48.20948346], [16.37745269, 48.20948232], [16.37732103, 48.20930926], [16.37730638, 48.20929], [16.37750679, 48.20921205], [16.37751029, 48.2092107], [16.37753843, 48.20923713], [16.37755125, 48.20925373], [16.37755742, 48.20926172], [16.37769631, 48.20944158], [16.37760048, 48.20946942], [16.37760021, 48.20946976], [16.37759321, 48.20946982], [16.37759272, 48.20947037], [16.37758518, 48.20947038], [16.37756009, 48.20947041], [16.37755212, 48.20946985], [16.37755208, 48.20946953], [16.37754112, 48.20946969]], [[16.3774648, 48.20936306], [16.37748877, 48.20939417], [16.37755145, 48.20937256], [16.37752748, 48.20934145], [16.37751509, 48.20932536], [16.3774767, 48.20927573], [16.37741402, 48.20929734], [16.37745241, 48.20934697], [16.3774648, 48.20936306]]]]}, "properties": {"id": 24790997, "bauperiode": "1741-1780"}}, {"type": "Feature", "geometry": {"type": "Polygon", "coordinates": [[[16.37093727, 48.20723338], [16.37092937, 48.20723412], [16.37092139, 48.20723394], [16.37091359, 48.20723286], [16.37090616, 48.20723091], [16.37090376, 48.20723006], [16.37089934, 48.20722815], [16.37089553, 48.20722593], [16.37089332, 48.20722464], [16.37088828, 48.20722051], [16.37088384, 48.20721505], [16.37086431, 48.20717953], [16.37084659, 48.20714752], [16.37084639, 48.20714716], [16.37084626, 48.20714689], [16.37093613, 48.20712467], [16.37097486, 48.2071151], [16.37098791, 48.20711186], [16.37100017, 48.20714864], [16.37104295, 48.20714224], [16.37103716, 48.20712525], [16.37103702, 48.20712327], [16.37103715, 48.20712129], [16.37103742, 48.20711931], [16.37103796, 48.20711743], [16.37103877, 48.20711545], [16.37103971, 48.20711365], [16.37104092, 48.20711176], [16.37104226, 48.20711005], [16.37104387, 48.20710834], [16.37104562, 48.20710681], [16.3710424, 48.20709839], [16.3711161, 48.20708017], [16.3711449, 48.20708789], [16.37115582, 48.20712045], [16.37118138, 48.20711666], [16.37119686, 48.20712781], [16.37125753, 48.20711871], [16.37133166, 48.20710762], [16.37132882, 48.20709377], [16.3713564, 48.20708783], [16.37138282, 48.20716687], [16.37113157, 48.20720451], [16.37112149, 48.20720602], [16.3710998, 48.20720927], [16.37094493, 48.20723248], [16.37093727, 48.20723338]]]}, "properties": {"id": 25450445, "bauperiode": "1884-1918"}}, {"type": "Feature", "geometry": {"type": "Polygon", "coordinates": [[[16.37145977, 48.20715534], [16.37138282, 48.20716687], [16.3713564, 48.20708783], [16.37148461, 48.20705916], [16.37148537, 48.20706303], [16.37148919, 48.20706276], [16.37148974, 48.20706272], [16.37149012, 48.20706275], [16.37149114, 48.2070635], [16.3714906, 48.20706449], [16.37149027, 48.20706461], [16.37149962, 48.20711079], [16.37150056, 48.20711122], [16.37150084, 48.20711188], [16.37150029, 48.20711263], [16.37149923, 48.2071129], [16.3715003, 48.20711788], [16.37150026, 48.20712404], [16.37149864, 48.20713009], [16.37149547, 48.20713587], [16.37149086, 48.2071412], [16.37148883, 48.20714301], [16.37148382, 48.20714663], [16.3714766, 48.20715046], [16.3714685, 48.20715338], [16.37145977, 48.20715534]]]}, "properties": {"id": 25450451, "bauperiode": "1884-1918"}}, {"type": "Feature", "geometry": {"type": "Polygon", "coordinates": [[[16.38149359, 48.20906005], [16.38147808, 48.2090654], [16.3814343, 48.2090075], [16.38140521, 48.20896902], [16.381542, 48.20892229], [16.38153581, 48.20892032], [16.38153002, 48.2089178], [16.38152464, 48.20891493], [16.38151885, 48.20891088], [16.38151414, 48.20890639], [16.38151131, 48.20890126], [16.38150969, 48.20889587], [16.38150914, 48.20889047], [16.38150954, 48.20888516], [16.38151102, 48.20887995], [16.38149391, 48.20886008], [16.38144549, 48.20887943], [16.38143338, 48.20887584], [16.38136009, 48.20890834], [16.38135726, 48.2089096], [16.38132752, 48.2088698], [16.38132601, 48.20886779], [16.38144032, 48.20881441], [16.3814449, 48.20881234], [16.38144933, 48.2088129], [16.38145485, 48.2088136], [16.38147425, 48.20883383], [16.38151971, 48.20881546], [16.38149237, 48.20879119], [16.38149035, 48.20878939], [16.38149437, 48.20878767], [16.38161651, 48.20873539], [16.38161745, 48.20873502], [16.3816188, 48.20873664], [16.3816242, 48.20874196], [16.38163729, 48.20875483], [16.3817843, 48.20889944], [16.38178819, 48.20890343], [16.38179145, 48.20890765], [16.38179405, 48.20891209], [16.38179596, 48.20891666], [16.38179717, 48.20892136], [16.38179764, 48.2089261], [16.38179739, 48.20893085], [16.38179643, 48.20893556], [16.38179617, 48.2089364], [16.38179473, 48.20894019], [16.38179234, 48.20894467], [16.38178929, 48.20894896], [16.3817856, 48.20895302], [16.38177973, 48.20895801], [16.38177471, 48.20896138], [16.38176918, 48.20896438], [16.38176323, 48.20896699], [16.38159954, 48.20902344], [16.381599, 48.20902264], [16.38159272, 48.20902477], [16.38155575, 48.20903731], [16.38154937, 48.20903947], [16.38155018, 48.20904055], [16.38153124, 48.20904708], [16.38149359, 48.20906005]]]}, "properties": {"id": 24792308, "bauperiode": "1884-1918"}}, {"type": "Feature", "geometry": {"type": "Polygon", "coordinates": [[[16.38131906, 48.2086185], [16.38129894, 48.2086277], [16.38127474, 48.2086026], [16.38129067, 48.20859573], [16.38126767, 48.20857186], [16.38125388, 48.20855755], [16.38122983, 48.2085326], [16.38121271, 48.20853958], [16.38119927, 48.2085258], [16.38117761, 48.20852243], [16.38108196, 48.2085517], [16.38101404, 48.20845584], [16.38101363, 48.20845431], [16.38122171, 48.20838669], [16.3812672, 48.20839387], [16.38141295, 48.20853582], [16.38143139, 48.20855377], [16.38144185, 48.20856395], [16.38144051, 48.20856467], [16.38131906, 48.2086185]]]}, "properties": {"id": 24800328, "bauperiode": "1884-1918"}}, {"type": "Feature", "geometry": {"type": "Polygon", "coordinates": [[[16.38129894, 48.2086277], [16.38127831, 48.20863713], [16.3812472, 48.20860729], [16.38122918, 48.20861404], [16.38122662, 48.20861467], [16.38122393, 48.20861512], [16.38122124, 48.20861539], [16.38121855, 48.20861557], [16.38121586, 48.20861557], [16.38121303, 48.20861539], [16.38121034, 48.20861504], [16.38120779, 48.2086145], [16.38120523, 48.20861387], [16.38120281, 48.20861306], [16.38120038, 48.20861207], [16.38119823, 48.20861099], [16.38119621, 48.20860983], [16.38119443, 48.20860855], [16.38119258, 48.20860704], [16.38117816, 48.20858978], [16.38117722, 48.20858807], [16.38117655, 48.20858627], [16.38117601, 48.20858447], [16.38117587, 48.20858267], [16.38117587, 48.20858078], [16.38117614, 48.20857899], [16.38117667, 48.20857719], [16.38117734, 48.20857548], [16.38117842, 48.20857377], [16.38117963, 48.20857206], [16.38118097, 48.20857053], [16.38118259, 48.20856909], [16.38118447, 48.20856765], [16.38118649, 48.20856639], [16.38118864, 48.20856531], [16.38120088, 48.20856072], [16.38118162, 48.20853761], [16.3810954, 48.20856526], [16.3810923, 48.20856625], [16.38109055, 48.20856382], [16.38108196, 48.2085517], [16.38117761, 48.20852243], [16.38119927, 48.2085258], [16.38121271, 48.20853958], [16.38122983, 48.2085326], [16.38125388, 48.20855755], [16.38123866, 48.20856385], [16.38125207, 48.20857833], [16.38126767, 48.20857186], [16.38129067, 48.20859573], [16.38127474, 48.2086026], [16.38129894, 48.2086277]]]}, "properties": {"id": 24800329, "bauperiode": "1884-1918"}}, {"type": "Feature", "geometry": {"type": "MultiPolygon", "coordinates": [[[[16.38120602, 48.2089039], [16.38104568, 48.20895109], [16.38098668, 48.20886321], [16.38097727, 48.2088492], [16.38091824, 48.20876129], [16.38107615, 48.20871177], [16.38110471, 48.20875429], [16.38110162, 48.20875537], [16.38112183, 48.20878666], [16.3811373, 48.20878126], [16.38116532, 48.20882379], [16.38119384, 48.20881496], [16.38120512, 48.20879751], [16.38125813, 48.20878185], [16.38126121, 48.20878094], [16.38128444, 48.20881211], [16.38129853, 48.20883102], [16.38124315, 48.20884864], [16.38121136, 48.20885875], [16.38120894, 48.20885561], [16.38120059, 48.20884446], [16.38117557, 48.20885103], [16.38118325, 48.20886452], [16.38120602, 48.2089039]], [[16.38109413, 48.20880493], [16.38110814, 48.20882857], [16.38113827, 48.20882047], [16.38112116, 48.20879673], [16.38109413, 48.20880493]]]]}, "properties": {"id": 24800345, "bauperiode": "1884-1918"}}, {"type": "Feature", "geometry": {"type": "Polygon", "coordinates": [[[16.37717035, 48.20952635], [16.37705311, 48.20957194], [16.3769071, 48.20946897], [16.37690974, 48.20946758], [16.376971, 48.20943453], [16.37697537, 48.20943718], [16.37698924, 48.20944388], [16.37699125, 48.20944482], [16.37700354, 48.20945046], [16.37700665, 48.20945189], [16.37708819, 48.20948871], [16.37709302, 48.20949089], [16.37716513, 48.20952348], [16.37716834, 48.20952495], [16.37716955, 48.20952552], [16.37717035, 48.20952635]]]}, "properties": {"id": 24790971, "bauperiode": "1683-1740"}}, {"type": "Feature", "geometry": {"type": "MultiPolygon", "coordinates": [[[[16.36827642, 48.18742169], [16.36827542, 48.18742293], [16.36827292, 48.18742544], [16.36826994, 48.18742771], [16.36826655, 48.1874297], [16.3682628, 48.18743138], [16.36825875, 48.18743271], [16.36825448, 48.18743368], [16.36825385, 48.18743379], [16.36825005, 48.18743427], [16.36824555, 48.18743447], [16.36824104, 48.18743428], [16.36823662, 48.18743369], [16.36823234, 48.18743272], [16.36822829, 48.18743139], [16.36822545, 48.18743016], [16.36806213, 48.18735997], [16.3680624, 48.18735916], [16.36813807, 48.18727523], [16.36814091, 48.18727638], [16.36819686, 48.18729896], [16.36821003, 48.18728447], [16.3682076, 48.18728268], [16.36820532, 48.18728079], [16.3682033, 48.18727881], [16.36820155, 48.18727674], [16.36819993, 48.18727458], [16.36819859, 48.18727234], [16.36819751, 48.18727009], [16.3681967, 48.18726775], [16.36819616, 48.18726541], [16.36819589, 48.18726298], [16.36819576, 48.18726065], [16.36819602, 48.18725822], [16.36819642, 48.18725588], [16.3681971, 48.18725354], [16.36819817, 48.1872512], [16.36819938, 48.18724895], [16.36820086, 48.18724679], [16.36820247, 48.18724464], [16.36820435, 48.18724266], [16.3682065, 48.18724068], [16.36820892, 48.18723888], [16.36821148, 48.18723717], [16.36821416, 48.18723564], [16.36821699, 48.1872342], [16.36821995, 48.18723285], [16.36822317, 48.18723177], [16.3682264, 48.18723078], [16.36822976, 48.18722997], [16.36823326, 48.18722925], [16.36823675, 48.1872288], [16.36824025, 48.18722844], [16.36825275, 48.18721458], [16.36826755, 48.18722052], [16.36830074, 48.18718381], [16.36843917, 48.1872407], [16.36836457, 48.18732367], [16.36835376, 48.18733569], [16.36827642, 48.18742169]], [[16.36820119, 48.18735435], [16.36822783, 48.18736505], [16.36825014, 48.18734013], [16.36822364, 48.18732944], [16.36820119, 48.18735435]], [[16.36821207, 48.18726368], [16.36823361, 48.18727234], [16.36825301, 48.18725075], [16.36823148, 48.18724209], [16.36821207, 48.18726368]]]]}, "properties": {"id": 23247670, "bauperiode": "1884-1918"}}, {"type": "Feature", "geometry": {"type": "Polygon", "coordinates": [[[16.36810535, 48.19284089], [16.36810455, 48.19284278], [16.36802988, 48.19282257], [16.36808422, 48.19273969], [16.36812152, 48.1926828], [16.36812247, 48.19268135], [16.36817958, 48.19259724], [16.36814703, 48.1925897], [16.36810614, 48.1925969], [16.3680369, 48.19263407], [16.36794833, 48.19268172], [16.36782969, 48.19274555], [16.36782926, 48.19274578], [16.36778044, 48.19270428], [16.36778259, 48.19270302], [16.36778125, 48.19270159], [16.36784194, 48.19266928], [16.36789456, 48.19264128], [16.36800676, 48.19258157], [16.36801574, 48.19257678], [16.36801655, 48.19257696], [16.36804788, 48.19256059], [16.36804721, 48.19256041], [16.3680597, 48.19255384], [16.3680698, 48.19254853], [16.3680706, 48.19254871], [16.36809131, 48.19253764], [16.36809064, 48.19253719], [16.36809989, 48.19253255], [16.36810193, 48.19253152], [16.36810757, 48.19252936], [16.368115, 48.19252782], [16.36811659, 48.19252765], [16.36812278, 48.19252752], [16.36813044, 48.19252846], [16.36813772, 48.19253005], [16.36814444, 48.19253151], [16.3681443, 48.19253205], [16.36816444, 48.19253646], [16.36816973, 48.19253762], [16.36816999, 48.19253717], [16.36818533, 48.19254085], [16.3681852, 48.19254139], [16.36821035, 48.19254678], [16.36821062, 48.19254642], [16.36822622, 48.19255029], [16.36822636, 48.19255074], [16.36823719, 48.19255316], [16.36825125, 48.1925563], [16.36825165, 48.19255594], [16.36825717, 48.19255729], [16.36826315, 48.19255929], [16.36826841, 48.19256204], [16.36827273, 48.19256545], [16.36827592, 48.19256938], [16.36827627, 48.19256997], [16.36827786, 48.19257366], [16.36827846, 48.19257722], [16.36827797, 48.19258168], [16.36827615, 48.19258598], [16.36827333, 48.19258993], [16.36827212, 48.19258984], [16.36826231, 48.19260621], [16.36826271, 48.19260648], [16.3682545, 48.19261897], [16.36825129, 48.19262384], [16.36824967, 48.19262375], [16.36823436, 48.19264813], [16.36823489, 48.19264858], [16.36822999, 48.19265605], [16.36819513, 48.19270912], [16.36818785, 48.19272021], [16.36815288, 48.19277345], [16.36812856, 48.19281048], [16.36810764, 48.19284233], [16.36810535, 48.19284089]]]}, "properties": {"id": 24146300, "bauperiode": "1884-1918"}}, {"type": "Feature", "geometry": {"type": "Polygon", "coordinates": [[[16.36808422, 48.19273969], [16.36805651, 48.19273216], [16.36805536, 48.1927255], [16.36804018, 48.19272058], [16.36803641, 48.19271977], [16.36803278, 48.19271869], [16.36802928, 48.19271762], [16.36802592, 48.19271627], [16.36802255, 48.19271483], [16.36801946, 48.1927133], [16.3680165, 48.19271159], [16.36801367, 48.1927098], [16.36801098, 48.19270782], [16.36800856, 48.19270584], [16.36800627, 48.19270368], [16.36800412, 48.19270143], [16.36800223, 48.19269919], [16.36799058, 48.19268977], [16.36796416, 48.19269235], [16.36794833, 48.19268172], [16.3680369, 48.19263407], [16.36805708, 48.19265088], [16.36806193, 48.19265492], [16.3680622, 48.1926551], [16.36806263, 48.19265536], [16.36808843, 48.19267056], [16.36808938, 48.1926711], [16.36809247, 48.192672], [16.36812247, 48.19268135], [16.36812152, 48.1926828], [16.36808422, 48.19273969]]]}, "properties": {"id": 24148536, "bauperiode": "1884-1918"}}, {"type": "Feature", "geometry": {"type": "Polygon", "coordinates": [[[16.36797077, 48.19272446], [16.36786793, 48.19277864], [16.36782926, 48.19274578], [16.36782969, 48.19274555], [16.36794833, 48.19268172], [16.36796416, 48.19269235], [16.36799058, 48.19268977], [16.36800223, 48.19269919], [16.36796445, 48.19271907], [16.36797077, 48.19272446]]]}, "properties": {"id": 24148540, "bauperiode": "1884-1918"}}, {"type": "Feature", "geometry": {"type": "Polygon", "coordinates": [[[16.36808422, 48.19273969], [16.36802988, 48.19282257], [16.36797796, 48.19280846], [16.36802284, 48.19273992], [16.36802822, 48.19274154], [16.36804018, 48.19272058], [16.36805536, 48.1927255], [16.36805651, 48.19273216], [16.36808422, 48.19273969]]]}, "properties": {"id": 24148547, "bauperiode": "1884-1918"}}, {"type": "Feature", "geometry": {"type": "Polygon", "coordinates": [[[16.36817958, 48.19259724], [16.36812247, 48.19268135], [16.36809247, 48.192672], [16.36811652, 48.19263539], [16.36810253, 48.19262649], [16.36805708, 48.19265088], [16.3680369, 48.19263407], [16.36810614, 48.1925969], [16.36814703, 48.1925897], [16.36817958, 48.19259724]]]}, "properties": {"id": 24148530, "bauperiode": "1884-1918"}}, {"type": "Feature", "geometry": {"type": "MultiPolygon", "coordinates": [[[[16.36825992, 48.1960541], [16.36820206, 48.19607331], [16.36816345, 48.19605686], [16.36818381, 48.19592915], [16.36818475, 48.19592141], [16.36820645, 48.19577967], [16.36820855, 48.19576602], [16.36826414, 48.19576041], [16.36826347, 48.19575772], [16.36837444, 48.19574653], [16.36837457, 48.19574725], [16.36849347, 48.19573517], [16.36851661, 48.19573282], [16.36852347, 48.19573219], [16.36852346, 48.19573183], [16.36863228, 48.19571984], [16.36863268, 48.19572155], [16.36868487, 48.19571623], [16.36868983, 48.1957229], [16.36870765, 48.1957469], [16.36871065, 48.19575093], [16.36860768, 48.19583326], [16.36861192, 48.19583547], [16.3685135, 48.19592483], [16.36850299, 48.1959341], [16.36848535, 48.19594952], [16.36847801, 48.19595596], [16.36847612, 48.19595524], [16.36847397, 48.19595434], [16.36844655, 48.19597755], [16.36841818, 48.19600157], [16.36828719, 48.19604504], [16.36825992, 48.1960541]], [[16.36835073, 48.19591777], [16.36835235, 48.19591984], [16.36843194, 48.19585102], [16.36842884, 48.19585093], [16.36842588, 48.19585066], [16.36842292, 48.19585021], [16.36841996, 48.19584967], [16.36841714, 48.19584886], [16.36841445, 48.19584806], [16.36841176, 48.19584698], [16.3684092, 48.19584581], [16.36840691, 48.19584455], [16.36840463, 48.19584311], [16.36840261, 48.19584158], [16.36840086, 48.19583996], [16.36839924, 48.19583826], [16.36839776, 48.19583646], [16.36839655, 48.19583457], [16.36839561, 48.19583268], [16.3683948, 48.1958307], [16.36833185, 48.19583684], [16.36832602, 48.19587487], [16.36830492, 48.19587372], [16.36830374, 48.19588716], [16.36829798, 48.19589384], [16.36829709, 48.19589997], [16.36830015, 48.1959016], [16.36830364, 48.19590133], [16.36830714, 48.19590115], [16.36831064, 48.19590114], [16.36831414, 48.19590132], [16.36831763, 48.19590168], [16.36832113, 48.19590222], [16.36832449, 48.19590294], [16.36832772, 48.19590384], [16.36833095, 48.19590483], [16.36833391, 48.19590599], [16.36833687, 48.19590725], [16.3683397, 48.19590869], [16.36834226, 48.19591031], [16.36834468, 48.19591202], [16.36834697, 48.19591381], [16.36834898, 48.1959157], [16.36835073, 48.19591777]]]]}, "properties": {"id": 24150200, "bauperiode": "1884-1918"}}, {"type": "Feature", "geometry": {"type": "Polygon", "coordinates": [[[16.36576438, 48.19786586], [16.36569565, 48.19787838], [16.36567746, 48.19783477], [16.36565689, 48.19783864], [16.36560381, 48.1977114], [16.36562439, 48.19770753], [16.36561186, 48.19767722], [16.36576426, 48.1976502], [16.36577093, 48.19764908], [16.36581965, 48.19776222], [16.36582265, 48.19776951], [16.36582924, 48.19778554], [16.36584237, 48.19781755], [16.3658429, 48.1978188], [16.36585559, 48.19784927], [16.36576438, 48.19786586]]]}, "properties": {"id": 24251141, "bauperiode": "1919-1945"}}, {"type": "Feature", "geometry": {"type": "Polygon", "coordinates": [[[16.36587398, 48.18735867], [16.36577666, 48.18744629], [16.36571742, 48.18741681], [16.36568501, 48.18740069], [16.36559271, 48.18735476], [16.36555384, 48.18733543], [16.36554713, 48.18731191], [16.36557172, 48.18728684], [16.36564896, 48.18720805], [16.36566094, 48.18719583], [16.36577591, 48.18707855], [16.36590936, 48.18713679], [16.36588638, 48.18716036], [16.36582401, 48.18722423], [16.3658056, 48.18724321], [16.36582187, 48.18725031], [16.36582416, 48.18725157], [16.36582618, 48.18725292], [16.36582806, 48.18725436], [16.36582968, 48.18725597], [16.36583116, 48.18725759], [16.36583237, 48.18725939], [16.36583331, 48.18726119], [16.36583399, 48.18726308], [16.36583453, 48.18726497], [16.36583466, 48.18726695], [16.36583453, 48.18726883], [16.36583426, 48.18727081], [16.36583359, 48.1872727], [16.36583278, 48.1872745], [16.36583171, 48.1872763], [16.36583023, 48.18727801], [16.36582875, 48.18727963], [16.36582687, 48.18728116], [16.36582485, 48.1872826], [16.3658227, 48.18728386], [16.36582042, 48.18728494], [16.36581786, 48.18728593], [16.36581531, 48.18728674], [16.36581262, 48.18728746], [16.36580979, 48.18728791], [16.36580697, 48.18728827], [16.36580401, 48.18728836], [16.36580119, 48.18728836], [16.36579823, 48.18728818], [16.3657954, 48.18728782], [16.36579271, 48.18728719], [16.36579002, 48.18728647], [16.36578747, 48.18728566], [16.36577105, 48.18727847], [16.36576017, 48.18728972], [16.36575964, 48.18730186], [16.36587129, 48.18735733], [16.36587398, 48.18735867]]]}, "properties": {"id": 23247092, "bauperiode": "1884-1918"}}, {"type": "Feature", "geometry": {"type": "Polygon", "coordinates": [[[16.36597386, 48.18726871], [16.36595827, 48.18728274], [16.36595542, 48.1872815], [16.36582401, 48.18722423], [16.36588638, 48.18716036], [16.36598942, 48.18720539], [16.36601241, 48.18718173], [16.3660159, 48.18718326], [16.36605155, 48.18719881], [16.3660317, 48.18721664], [16.36603112, 48.18721716], [16.36597386, 48.18726871]]]}, "properties": {"id": 23245144, "bauperiode": "1884-1918"}}, {"type": "Feature", "geometry": {"type": "Polygon", "coordinates": [[[16.37080905, 48.20563901], [16.3707305, 48.20565401], [16.37073043, 48.20565278], [16.37072742, 48.2056534], [16.37072323, 48.20564548], [16.37071671, 48.20563315], [16.37071464, 48.20562923], [16.37071655, 48.2056288], [16.37071496, 48.20562562], [16.37073184, 48.20562269], [16.37071448, 48.20558201], [16.37069015, 48.20552551], [16.37067307, 48.20548466], [16.37073334, 48.20547068], [16.37078187, 48.20545934], [16.37086515, 48.20544012], [16.37094681, 48.20542111], [16.37098036, 48.20548741], [16.37101813, 48.20556123], [16.37103132, 48.20558731], [16.37103719, 48.20558599], [16.37103534, 48.20558242], [16.37104629, 48.20557991], [16.37104963, 48.20558652], [16.37104836, 48.20558681], [16.37104892, 48.20558792], [16.3710484, 48.20558803], [16.37104785, 48.20558815], [16.37096657, 48.20560569], [16.37096064, 48.20559067], [16.37091181, 48.20560103], [16.37089901, 48.20556829], [16.37090626, 48.20555804], [16.37089413, 48.20552693], [16.37081289, 48.20554413], [16.37077509, 48.20555214], [16.37080312, 48.20562399], [16.37080905, 48.20563901]]]}, "properties": {"id": 25450621, "bauperiode": "1884-1918"}}, {"type": "Feature", "geometry": {"type": "MultiPolygon", "coordinates": [[[[16.37193182, 48.20667936], [16.37186414, 48.20668145], [16.37181288, 48.20668021], [16.37174736, 48.2066788], [16.3716852, 48.20667746], [16.37164835, 48.20649482], [16.3716723, 48.20649589], [16.37177764, 48.20650053], [16.3717739, 48.20653876], [16.37181332, 48.20653524], [16.37189485, 48.20652785], [16.37190104, 48.20652729], [16.37190644, 48.20655346], [16.37190819, 48.20656255], [16.37187779, 48.20656525], [16.37189264, 48.20663899], [16.37192318, 48.2066362], [16.37192466, 48.20664348], [16.37193182, 48.20667936]], [[16.37177397, 48.20662815], [16.37178325, 48.2066321], [16.37180195, 48.20663039], [16.37179331, 48.20658785], [16.37176627, 48.20659029], [16.37177397, 48.20662815]]]]}, "properties": {"id": 24711828, "bauperiode": "1860-1883"}}, {"type": "Feature", "geometry": {"type": "Polygon", "coordinates": [[[16.37193693, 48.20667918], [16.37193182, 48.20667936], [16.37192466, 48.20664348], [16.37213574, 48.20662444], [16.37212818, 48.20658685], [16.37211752, 48.20653442], [16.37190644, 48.20655346], [16.37190104, 48.20652729], [16.37189485, 48.20652785], [16.37189039, 48.20650553], [16.3721752, 48.20648908], [16.37218457, 48.20653538], [16.37219113, 48.20656785], [16.37219586, 48.20659087], [16.37219996, 48.20661119], [16.37220747, 48.20664843], [16.37215419, 48.20665321], [16.37215743, 48.20666904], [16.37215569, 48.20666913], [16.37203864, 48.206676], [16.37203205, 48.20667618], [16.37195832, 48.20667854], [16.37193693, 48.20667918]]]}, "properties": {"id": 24711829, "bauperiode": "1860-1883"}}, {"type": "Feature", "geometry": {"type": "MultiPolygon", "coordinates": [[[[16.37213574, 48.20662444], [16.37192466, 48.20664348], [16.37192318, 48.2066362], [16.37191791, 48.2066103], [16.37190819, 48.20656255], [16.37190644, 48.20655346], [16.37211752, 48.20653442], [16.37212818, 48.20658685], [16.37213574, 48.20662444]], [[16.37193282, 48.20657468], [16.37194429, 48.20662962], [16.37212215, 48.20661302], [16.37211067, 48.20655808], [16.37193282, 48.20657468]]]]}, "properties": {"id": 24711834, "bauperiode": "1860-1883"}}, {"type": "Feature", "geometry": {"type": "Polygon", "coordinates": [[[16.37212215, 48.20661302], [16.37194429, 48.20662962], [16.37193282, 48.20657468], [16.37211067, 48.20655808], [16.37212215, 48.20661302]]]}, "properties": {"id": 24711837, "bauperiode": "1860-1883"}}, {"type": "Feature", "geometry": {"type": "Polygon", "coordinates": [[[16.37524304, 48.20979068], [16.37522518, 48.209793], [16.37523957, 48.20978346], [16.37523525, 48.20976781], [16.37521856, 48.20976018], [16.37519824, 48.20976117], [16.37518292, 48.20977332], [16.3751879, 48.20978666], [16.37517164, 48.2097734], [16.37516954, 48.20977418], [16.37516771, 48.2097731], [16.37516635, 48.20977359], [16.37516368, 48.20977458], [16.37515103, 48.20976127], [16.37515382, 48.20975971], [16.37512733, 48.20973204], [16.37510837, 48.20971251], [16.375082, 48.20968463], [16.37507939, 48.2096855], [16.37506664, 48.20967199], [16.37507043, 48.2096706], [16.37506936, 48.20966898], [16.37507156, 48.20966806], [16.37506071, 48.20965187], [16.37507667, 48.20966022], [16.37509968, 48.20965608], [16.37510962, 48.2096442], [16.37510652, 48.20963089], [16.37508714, 48.20962164], [16.37506856, 48.20962629], [16.37508442, 48.20961174], [16.37510127, 48.20959629], [16.37509964, 48.20959493], [16.37510867, 48.20958783], [16.37511882, 48.20958153], [16.3751203, 48.20958303], [16.37514179, 48.20957274], [16.37514123, 48.20957173], [16.37515255, 48.2095669], [16.37520876, 48.20954287], [16.37522075, 48.20953783], [16.37524299, 48.20952846], [16.37532296, 48.20949479], [16.37532351, 48.20949512], [16.37534563, 48.20948554], [16.37534532, 48.20948499], [16.37535634, 48.2094806], [16.37535688, 48.2094811], [16.37541026, 48.20953996], [16.37530857, 48.20958118], [16.37532823, 48.20960294], [16.37536701, 48.20964564], [16.37538708, 48.20966776], [16.37548887, 48.20962655], [16.37549065, 48.20962851], [16.37554167, 48.20968459], [16.37553506, 48.20968745], [16.37553433, 48.20968669], [16.37551152, 48.20969613], [16.37551223, 48.20969689], [16.37550061, 48.20970175], [16.3754999, 48.20970099], [16.37547731, 48.20971033], [16.37547803, 48.20971109], [16.37546645, 48.20971593], [16.37546573, 48.20971516], [16.37544296, 48.20972467], [16.37544367, 48.20972543], [16.37543271, 48.20972996], [16.375432, 48.20972919], [16.37540888, 48.20973895], [16.37540959, 48.20973971], [16.37539775, 48.20974467], [16.37539704, 48.20974391], [16.37537469, 48.20975323], [16.37537539, 48.209754], [16.3753638, 48.20975876], [16.3753631, 48.209758], [16.37534055, 48.20976755], [16.37534126, 48.20976832], [16.37532987, 48.20977309], [16.37532906, 48.20977244], [16.37530607, 48.20978136], [16.37530702, 48.20978243], [16.37530135, 48.20978468], [16.375295, 48.20978641], [16.37528758, 48.20978756], [16.37528101, 48.20978786], [16.37528088, 48.20978579], [16.37524304, 48.20979068]]]}, "properties": {"id": 24790897, "bauperiode": "1884-1918"}}, {"type": "Feature", "geometry": {"type": "Polygon", "coordinates": [[[16.38048143, 48.20846951], [16.380482, 48.20847018], [16.38048209, 48.20847065], [16.38048203, 48.20847094], [16.38048151, 48.20847162], [16.38048055, 48.20847205], [16.38047991, 48.20847226], [16.38041822, 48.20849238], [16.38025474, 48.20854571], [16.38018484, 48.20845598], [16.38017433, 48.20844259], [16.38025167, 48.20841756], [16.38023134, 48.20839491], [16.38026127, 48.2083831], [16.38027739, 48.20837674], [16.38027959, 48.20837587], [16.38027653, 48.20837241], [16.38023401, 48.20832424], [16.38017238, 48.20834855], [16.38012577, 48.20829916], [16.38027221, 48.2082392], [16.38027737, 48.20824495], [16.38029062, 48.20825972], [16.38043387, 48.20841935], [16.38043576, 48.20841858], [16.38048143, 48.20846951]]]}, "properties": {"id": 24800324, "bauperiode": "1884-1918"}}, {"type": "Feature", "geometry": {"type": "Polygon", "coordinates": [[[16.38027653, 48.20837241], [16.38027959, 48.20837587], [16.38027739, 48.20837674], [16.38026127, 48.2083831], [16.38023134, 48.20839491], [16.38022388, 48.20839787], [16.3802199, 48.20839932], [16.38021573, 48.2084005], [16.3802114, 48.20840139], [16.38020696, 48.20840199], [16.38020246, 48.20840228], [16.38019794, 48.20840227], [16.38019343, 48.20840196], [16.38018899, 48.20840135], [16.38018467, 48.20840044], [16.38018051, 48.20839925], [16.38017654, 48.20839777], [16.38017282, 48.20839606], [16.38016938, 48.20839409], [16.38016624, 48.2083919], [16.38016345, 48.20838951], [16.38016103, 48.20838694], [16.38015901, 48.20838422], [16.38015739, 48.20838137], [16.38015623, 48.20837843], [16.38015552, 48.20837542], [16.38015526, 48.20837239], [16.38015546, 48.20836935], [16.3801561, 48.20836634], [16.38015722, 48.20836339], [16.38015876, 48.20836053], [16.38016072, 48.2083578], [16.3801631, 48.2083552], [16.38016586, 48.20835277], [16.38016895, 48.20835055], [16.38017238, 48.20834855], [16.38023401, 48.20832424], [16.38027653, 48.20837241]]]}, "properties": {"id": 24796376, "bauperiode": "1884-1918"}}, {"type": "Feature", "geometry": {"type": "Polygon", "coordinates": [[[16.3768209, 48.20706109], [16.3767764, 48.20708137], [16.37666651, 48.20695577], [16.37665684, 48.20694464], [16.37664214, 48.20692772], [16.37678728, 48.2068943], [16.37679573, 48.20689235], [16.37680154, 48.20689367], [16.37680719, 48.20689582], [16.37681204, 48.20689861], [16.37681621, 48.20690185], [16.37681944, 48.20690562], [16.37682147, 48.20690967], [16.37682228, 48.20691363], [16.37682201, 48.20691758], [16.3768208, 48.20692145], [16.37681865, 48.20692523], [16.3768157, 48.20692865], [16.3768118, 48.20693162], [16.37681543, 48.20693566], [16.37688106, 48.20690578], [16.37688402, 48.20690443], [16.3769476, 48.20700333], [16.3768209, 48.20706109]]]}, "properties": {"id": 24712228, "bauperiode": "1884-1918"}}, {"type": "Feature", "geometry": {"type": "Polygon", "coordinates": [[[16.37691172, 48.19995415], [16.37677811, 48.20004436], [16.37677742, 48.20004389], [16.37677616, 48.20004339], [16.37673167, 48.20002592], [16.37673073, 48.20002556], [16.37668821, 48.20000894], [16.37668686, 48.2000084], [16.37674118, 48.19997214], [16.37674064, 48.19997106], [16.37673996, 48.19996917], [16.37673942, 48.19996729], [16.37673929, 48.1999654], [16.37673929, 48.19996351], [16.37673969, 48.19996162], [16.37674023, 48.19995973], [16.37674103, 48.19995793], [16.37674211, 48.19995613], [16.37674345, 48.19995442], [16.37674493, 48.1999528], [16.37674668, 48.19995128], [16.37674856, 48.19994993], [16.37675071, 48.19994858], [16.376753, 48.1999475], [16.37675542, 48.19994642], [16.37675797, 48.19994561], [16.37676053, 48.19994489], [16.37676335, 48.19994434], [16.37676604, 48.19994398], [16.37676887, 48.19994371], [16.37677183, 48.19994371], [16.37677465, 48.1999438], [16.376776, 48.19994398], [16.37677355, 48.19991889], [16.37672053, 48.19989094], [16.37667787, 48.19986847], [16.37666348, 48.19988071], [16.37663929, 48.19990122], [16.37653849, 48.19984811], [16.37656269, 48.19982759], [16.37657707, 48.19981545], [16.37652687, 48.19978902], [16.37645716, 48.19975227], [16.3763234, 48.19986581], [16.37616273, 48.19980273], [16.37617523, 48.19979239], [16.37622471, 48.19975136], [16.37624097, 48.19973786], [16.37624368, 48.19973929], [16.37629077, 48.19976411], [16.37636309, 48.19970275], [16.37631693, 48.19967839], [16.37631437, 48.19967704], [16.3763211, 48.19967147], [16.37638199, 48.19962099], [16.37639084, 48.19961375], [16.37690568, 48.19988709], [16.37691172, 48.19995415]]]}, "properties": {"id": 24621058, "bauperiode": "1884-1918"}}, {"type": "Feature", "geometry": {"type": "Polygon", "coordinates": [[[16.37684473, 48.20007617], [16.37683516, 48.20008255], [16.37677811, 48.20004436], [16.37691172, 48.19995415], [16.37690568, 48.19988709], [16.37639084, 48.19961375], [16.37644222, 48.19957169], [16.37670586, 48.19971054], [16.37680249, 48.19976159], [16.37700839, 48.19986997], [16.37700207, 48.19987645], [16.37700235, 48.19988239], [16.37701083, 48.1998876], [16.37700666, 48.19988967], [16.37700316, 48.19989228], [16.37700021, 48.19989516], [16.37699819, 48.1998984], [16.37699725, 48.19990181], [16.37699726, 48.19990883], [16.3769974, 48.19992214], [16.37699942, 48.19992672], [16.37700225, 48.19993113], [16.37700522, 48.19993545], [16.37701249, 48.19994588], [16.37700361, 48.19994813], [16.37700402, 48.19995847], [16.3770164, 48.1999617], [16.37688991, 48.20004604], [16.37687785, 48.20005408], [16.37686782, 48.20006076], [16.37684473, 48.20007617]]]}, "properties": {"id": 24621631, "bauperiode": "1884-1918"}}, {"type": "Feature", "geometry": {"type": "Polygon", "coordinates": [[[16.37663929, 48.19990122], [16.3765679, 48.19996168], [16.37652592, 48.19994524], [16.37644545, 48.19991361], [16.3765288, 48.19984298], [16.37653849, 48.19984811], [16.37663929, 48.19990122]]]}, "properties": {"id": 24620390, "bauperiode": "1884-1918"}}, {"type": "Feature", "geometry": {"type": "Polygon", "coordinates": [[[16.36710387, 48.21074992], [16.36709445, 48.21075586], [16.36704882, 48.2107235], [16.36704089, 48.21072845], [16.36698973, 48.21069222], [16.36705066, 48.2106538], [16.36714758, 48.21072239], [16.36712646, 48.21073571], [16.36713414, 48.21074119], [16.36713455, 48.21074803], [16.36712257, 48.21075558], [16.36711114, 48.21075514], [16.36710387, 48.21074992]]]}, "properties": {"id": 25405105, "bauperiode": "1860-1883"}}, {"type": "Feature", "geometry": {"type": "MultiPolygon", "coordinates": [[[[16.36709121, 48.21082011], [16.36707405, 48.21083033], [16.36707324, 48.2108297], [16.36707203, 48.21083015], [16.3670202, 48.21079132], [16.36700796, 48.2107986], [16.36699275, 48.21078728], [16.36702006, 48.21077099], [16.36699273, 48.21075058], [16.36696556, 48.21076678], [16.36694739, 48.21075311], [16.36690989, 48.21077545], [16.36688876, 48.21078804], [16.36687852, 48.21079414], [16.36683249, 48.21076112], [16.36683551, 48.21075929], [16.36683827, 48.21075763], [16.36684067, 48.21075618], [16.36684346, 48.2107545], [16.3668466, 48.2107526], [16.36684906, 48.21075112], [16.36685004, 48.21075052], [16.36685356, 48.21075263], [16.36686862, 48.21074303], [16.36686505, 48.21074086], [16.36687502, 48.2107346], [16.36687896, 48.21073697], [16.3668928, 48.21072727], [16.36689005, 48.21072521], [16.36689978, 48.21071899], [16.36690326, 48.21072111], [16.36691812, 48.21071145], [16.36691506, 48.21070933], [16.36692475, 48.21070317], [16.36692775, 48.21070515], [16.36694293, 48.21069573], [16.36694001, 48.21069368], [16.36694976, 48.21068728], [16.36695475, 48.21069045], [16.3669602, 48.21068695], [16.36695847, 48.21068563], [16.36696212, 48.21068326], [16.36696404, 48.21068442], [16.36696965, 48.21068097], [16.3669649, 48.2106778], [16.36697799, 48.21066958], [16.36698129, 48.21067156], [16.36699523, 48.21066285], [16.36699206, 48.21066071], [16.36700408, 48.21065309], [16.36700619, 48.21065456], [16.36702009, 48.21064587], [16.36701803, 48.21064435], [16.36703194, 48.21063552], [16.36703518, 48.21063757], [16.36704972, 48.21062845], [16.36704781, 48.21062715], [16.36705416, 48.21062333], [16.36705556, 48.2106245], [16.36707163, 48.21061488], [16.36706837, 48.21061307], [16.36707072, 48.21061152], [16.36707331, 48.21060982], [16.36707582, 48.21060816], [16.3670782, 48.2106066], [16.36708037, 48.21060517], [16.36708279, 48.21060358], [16.36708478, 48.21060227], [16.36708505, 48.21060209], [16.36708816, 48.21060393], [16.36709074, 48.21060234], [16.36709297, 48.21060095], [16.36712434, 48.21058154], [16.36712243, 48.21057999], [16.36713956, 48.21056961], [16.36714078, 48.21057048], [16.36717795, 48.21054757], [16.36717626, 48.21054643], [16.36719324, 48.21053573], [16.3671948, 48.21053668], [16.36720995, 48.21052749], [16.36720932, 48.21052712], [16.36721542, 48.21052315], [16.36721593, 48.21052346], [16.36722977, 48.2105134], [16.36722909, 48.21051296], [16.36724492, 48.21050362], [16.36724166, 48.21050158], [16.3672427, 48.21050094], [16.36724498, 48.21049952], [16.36724728, 48.2104981], [16.36724978, 48.21049654], [16.3672521, 48.21049511], [16.36725428, 48.21049376], [16.36725652, 48.21049236], [16.36725864, 48.21049105], [16.36725928, 48.21049065], [16.36726223, 48.21049259], [16.36727531, 48.21048376], [16.3672736, 48.21048245], [16.36728022, 48.21047836], [16.36728246, 48.21047991], [16.36729587, 48.21047149], [16.36729285, 48.21046956], [16.36730904, 48.21045926], [16.36731183, 48.2104609], [16.36732658, 48.21045182], [16.36732471, 48.2104505], [16.36733293, 48.2104456], [16.367335, 48.21044679], [16.36734879, 48.2104378], [16.3673465, 48.21043619], [16.36735446, 48.21043137], [16.36735683, 48.21043286], [16.36737135, 48.21042345], [16.36736828, 48.21042163], [16.36738475, 48.21041114], [16.36738757, 48.21041297], [16.36740108, 48.2104045], [16.36739847, 48.21040262], [16.3673987, 48.21040237], [16.36740134, 48.21040099], [16.36740372, 48.21039964], [16.36740681, 48.21039788], [16.36740999, 48.21039981], [16.36742318, 48.2103916], [16.36741992, 48.21038906], [16.36743709, 48.21037786], [16.36743905, 48.2103793], [16.36744132, 48.21037813], [16.3674587, 48.21039118], [16.36745714, 48.2103921], [16.3674486, 48.21039714], [16.36748056, 48.21042133], [16.36748878, 48.21041586], [16.36749012, 48.21041497], [16.3675107, 48.21043057], [16.36750894, 48.21043162], [16.36750067, 48.21043655], [16.36752963, 48.21045832], [16.36753843, 48.21045309], [16.36753966, 48.21045236], [16.36755994, 48.21046754], [16.3675499, 48.2104735], [16.36758577, 48.21050061], [16.36759586, 48.21049472], [16.36761317, 48.21050754], [16.36761016, 48.2105093], [16.3676129, 48.21051177], [16.36759635, 48.2105215], [16.36759558, 48.21052092], [16.36758735, 48.21051479], [16.36755014, 48.21053707], [16.36755813, 48.21054304], [16.3675591, 48.21054377], [16.3675406, 48.21055472], [16.36753934, 48.21055379], [16.36753162, 48.21054801], [16.36747675, 48.21058076], [16.36748416, 48.2105863], [16.36748571, 48.21058747], [16.36747112, 48.2105961], [16.36746696, 48.21059857], [16.36746375, 48.21059617], [16.36745803, 48.21059188], [16.36742098, 48.21061391], [16.36742679, 48.21061829], [16.36742989, 48.21062062], [16.36742607, 48.21062289], [16.36741287, 48.21063075], [16.3674117, 48.21062975], [16.36739853, 48.2106376], [16.36739692, 48.21063638], [16.36739086, 48.21063179], [16.36735463, 48.21065301], [16.36736061, 48.21065761], [16.3673623, 48.21065891], [16.36734374, 48.21066991], [16.36734248, 48.21066897], [16.36733611, 48.2106642], [16.36730002, 48.21068577], [16.36730633, 48.21069051], [16.3673076, 48.21069146], [16.36728906, 48.21070252], [16.36728148, 48.21069684], [16.36727149, 48.21070275], [16.36725497, 48.21071253], [16.36724555, 48.21071818], [16.36725307, 48.21072388], [16.36723419, 48.21073506], [16.36723319, 48.21073431], [16.3672265, 48.21072931], [16.36719074, 48.21075072], [16.36719721, 48.21075558], [16.36719831, 48.21075641], [16.36718139, 48.21076618], [16.36718087, 48.2107657], [16.36717732, 48.21076778], [16.36717608, 48.2107685], [16.36717818, 48.21077006], [16.36717451, 48.21077215], [16.36715422, 48.21078417], [16.36715023, 48.21078658], [16.36714797, 48.21078508], [16.36714696, 48.21078581], [16.3671442, 48.21078784], [16.36714455, 48.21078846], [16.36712743, 48.21079854], [16.36711984, 48.21079298], [16.36708359, 48.210815], [16.36709121, 48.21082011]], [[16.36704882, 48.2107235], [16.36709445, 48.21075586], [16.36710387, 48.21074992], [16.36711114, 48.21075514], [16.36712257, 48.21075558], [16.36713455, 48.21074803], [16.36713414, 48.21074119], [16.36712646, 48.21073571], [16.36714758, 48.21072239], [16.36705066, 48.2106538], [16.36698973, 48.21069222], [16.36704089, 48.21072845], [16.36704882, 48.2107235]]]]}, "properties": {"id": 25408625, "bauperiode": "1860-1883"}}, {"type": "Feature", "geometry": {"type": "Polygon", "coordinates": [[[16.36182561, 48.19728215], [16.36182354, 48.1972827], [16.36177874, 48.19726391], [16.36177766, 48.19726499], [16.36177645, 48.19726445], [16.3617743, 48.19726679], [16.36169559, 48.19723318], [16.36169841, 48.19723012], [16.36169345, 48.19722794], [16.36167183, 48.19721846], [16.36166787, 48.19721672], [16.36166505, 48.19721978], [16.36153441, 48.19716387], [16.36153669, 48.1971609], [16.3615336, 48.19715956], [16.36155712, 48.1971305], [16.36158835, 48.1970751], [16.36163875, 48.19708795], [16.36164789, 48.19707194], [16.3615974, 48.19705906], [16.36161721, 48.19702393], [16.36163144, 48.19699867], [16.36170247, 48.19701212], [16.36170894, 48.19702561], [16.36169348, 48.19705277], [16.36172456, 48.19706068], [16.36171744, 48.19708271], [16.36170925, 48.19710754], [16.3617667, 48.19713217], [16.36178715, 48.19713513], [16.36180031, 48.19709484], [16.36180838, 48.197096], [16.3618241, 48.19704825], [16.36181602, 48.19704708], [16.36182529, 48.19701884], [16.3617817, 48.19701246], [16.36177161, 48.19699906], [16.36179435, 48.19694566], [16.36197693, 48.19698582], [16.36198193, 48.19698652], [16.3619409, 48.19711971], [16.36190716, 48.19722967], [16.36190304, 48.19722921], [16.36190265, 48.19723018], [16.36190103, 48.19722982], [16.36189037, 48.197265], [16.36188748, 48.19726577], [16.3618768, 48.1972686], [16.36183582, 48.19727945], [16.36182561, 48.19728215]]]}, "properties": {"id": 24149275, "bauperiode": "1884-1918"}}, {"type": "Feature", "geometry": {"type": "Polygon", "coordinates": [[[16.36177161, 48.19699906], [16.3617614, 48.19702326], [16.36170247, 48.19701212], [16.36163144, 48.19699867], [16.36164296, 48.19697526], [16.3616709, 48.1969185], [16.36178273, 48.19694311], [16.36179435, 48.19694566], [16.36177161, 48.19699906]]]}, "properties": {"id": 24151743, "bauperiode": "1884-1918"}}, {"type": "Feature", "geometry": {"type": "Polygon", "coordinates": [[[16.36121918, 48.19660129], [16.36121395, 48.19660749], [16.36121348, 48.19660731], [16.36121297, 48.19660713], [16.36106976, 48.19655648], [16.36111278, 48.19650638], [16.36117135, 48.19643819], [16.36121043, 48.19639269], [16.36135158, 48.19644681], [16.36133551, 48.19646547], [16.36133425, 48.19646477], [16.3612439, 48.19657014], [16.3612451, 48.19657072], [16.36123856, 48.19657833], [16.36122021, 48.19660008], [16.36121918, 48.19660129]]]}, "properties": {"id": 25547238, "bauperiode": "1781-1848"}}, {"type": "Feature", "geometry": {"type": "Polygon", "coordinates": [[[16.36087949, 48.19643585], [16.36084522, 48.19647712], [16.36076675, 48.19644945], [16.36068808, 48.19642167], [16.360641, 48.19640495], [16.36054144, 48.19636981], [16.36050807, 48.19635803], [16.36048828, 48.19630417], [16.36059894, 48.19621538], [16.3606304, 48.1961901], [16.36065003, 48.19617427], [16.36072665, 48.19611282], [16.36078866, 48.19606308], [16.3608489, 48.19601487], [16.36086114, 48.19601919], [16.36096554, 48.19605612], [16.3609907, 48.19606502], [16.36103321, 48.19608012], [16.36111394, 48.19610861], [16.3611527, 48.19612233], [16.36118216, 48.19613277], [16.36120538, 48.19614098], [16.36125789, 48.19615957], [16.36133834, 48.19618806], [16.36132974, 48.19619876], [16.3613518, 48.19620658], [16.36136027, 48.19619579], [16.36151833, 48.19625171], [16.36148698, 48.1962885], [16.361488, 48.19628902], [16.36145167, 48.1963313], [16.36143531, 48.19635033], [16.36139893, 48.19639266], [16.36139809, 48.19639223], [16.36136687, 48.19642906], [16.36135158, 48.19644681], [16.36121043, 48.19639269], [16.36122302, 48.19637802], [16.36132708, 48.19625659], [16.36132088, 48.19624499], [16.3609419, 48.19611089], [16.36088943, 48.19609229], [16.36085406, 48.19612072], [16.36083777, 48.19613379], [16.36061109, 48.19631556], [16.36067579, 48.1963384], [16.36086376, 48.19640478], [16.36089591, 48.19641613], [16.36087949, 48.19643585]]]}, "properties": {"id": 25547244, "bauperiode": "1781-1848"}}, {"type": "Feature", "geometry": {"type": "Polygon", "coordinates": [[[16.37634281, 48.19682708], [16.37630239, 48.19689749], [16.37622031, 48.1968764], [16.37625913, 48.19680588], [16.37634281, 48.19682708]]]}, "properties": {"id": 27243894, "bauperiode": "1683-1740"}}, {"type": "Feature", "geometry": {"type": "Polygon", "coordinates": [[[16.37649337, 48.19686516], [16.3764536, 48.19693631], [16.37636022, 48.19691234], [16.37630239, 48.19689749], [16.37634281, 48.19682708], [16.37649337, 48.19686516]]]}, "properties": {"id": 27243891, "bauperiode": "1683-1740"}}, {"type": "Feature", "geometry": {"type": "MultiPolygon", "coordinates": [[[[16.37563695, 48.19744273], [16.37563453, 48.19744777], [16.37551838, 48.1974184], [16.37552999, 48.19739855], [16.3755442, 48.19737948], [16.37556089, 48.19736132], [16.37557992, 48.19734423], [16.37560116, 48.19732834], [16.37562442, 48.19731378], [16.37564954, 48.19730066], [16.37567631, 48.19728909], [16.3757045, 48.19727916], [16.37571435, 48.1972764], [16.37573391, 48.19727093], [16.3757643, 48.1972645], [16.3760284, 48.19680306], [16.37604802, 48.19680769], [16.37606361, 48.19679522], [16.37605585, 48.19679023], [16.37604864, 48.19678491], [16.37604199, 48.1967793], [16.37603231, 48.19676923], [16.37602392, 48.19675867], [16.37601688, 48.19674766], [16.37601122, 48.19673632], [16.37600701, 48.19672468], [16.37599849, 48.19670063], [16.37599326, 48.19667615], [16.37599135, 48.19665147], [16.3759928, 48.19662678], [16.3759976, 48.19660231], [16.37600569, 48.19657825], [16.376017, 48.19655482], [16.37603145, 48.19653221], [16.37601945, 48.19652891], [16.37601248, 48.196527], [16.37601267, 48.19652666], [16.37601119, 48.19652633], [16.37601159, 48.19652571], [16.37600845, 48.19652493], [16.37601248, 48.19651827], [16.37601732, 48.19651962], [16.37602875, 48.19650107], [16.37603442, 48.19649186], [16.37613145, 48.19633442], [16.37613947, 48.19632141], [16.37614481, 48.19631273], [16.37613916, 48.1963113], [16.37614252, 48.19630599], [16.37614777, 48.19630734], [16.37619601, 48.19622946], [16.37620157, 48.19622049], [16.37626013, 48.19612596], [16.37626801, 48.19611326], [16.37629461, 48.19607031], [16.37628909, 48.19606825], [16.37629352, 48.19606141], [16.37629554, 48.19606195], [16.37629594, 48.19606168], [16.37629783, 48.19606222], [16.3762985, 48.19606177], [16.37629904, 48.19606195], [16.37630216, 48.1960628], [16.37630926, 48.19606473], [16.37630897, 48.19606524], [16.37631128, 48.19606603], [16.37631101, 48.19606644], [16.37632783, 48.19607138], [16.37637652, 48.19600015], [16.37639662, 48.19596937], [16.37645063, 48.19588886], [16.3764669, 48.19588427], [16.3764926, 48.19589146], [16.37652095, 48.19584576], [16.37652981, 48.19583137], [16.37653143, 48.19582876], [16.37654098, 48.19582768], [16.37661349, 48.19584771], [16.37662358, 48.19585049], [16.37662574, 48.19585373], [16.37657576, 48.19593289], [16.37656568, 48.19593433], [16.37652228, 48.1959973], [16.37652981, 48.19599954], [16.37649864, 48.19604506], [16.37649272, 48.19604371], [16.37645295, 48.19610479], [16.37645915, 48.19611261], [16.37642125, 48.19616938], [16.37636618, 48.19625188], [16.37631268, 48.19633202], [16.3763038, 48.19634531], [16.37625304, 48.19642135], [16.3762307, 48.19645481], [16.37617987, 48.19653096], [16.37615631, 48.19656625], [16.37614797, 48.19656742], [16.37614636, 48.19657003], [16.37614367, 48.19657462], [16.37614125, 48.19657929], [16.37613897, 48.19658397], [16.37613696, 48.19658874], [16.37613508, 48.19659351], [16.37613333, 48.19659827], [16.37613172, 48.19660313], [16.37613038, 48.19660799], [16.37612917, 48.19661284], [16.37612824, 48.19661779], [16.37612743, 48.19662274], [16.37612676, 48.19662759], [16.37612636, 48.19663254], [16.37612623, 48.1966338], [16.37613188, 48.19663362], [16.37613433, 48.19667211], [16.37612949, 48.19667247], [16.37613061, 48.19667654], [16.3761307, 48.19667687], [16.37613122, 48.19667875], [16.37613205, 48.19668173], [16.37613367, 48.19668659], [16.37613542, 48.19669135], [16.37613708, 48.19669554], [16.37613731, 48.19669612], [16.376138, 48.19669764], [16.37613894, 48.19669972], [16.37613947, 48.19670088], [16.37613992, 48.19670181], [16.37614094, 48.19670389], [16.37614176, 48.19670556], [16.37614197, 48.19670595], [16.3761431, 48.19670801], [16.37614427, 48.19671016], [16.37614538, 48.19671214], [16.37614654, 48.19671422], [16.37614687, 48.19671482], [16.37614778, 48.19671629], [16.37614905, 48.19671835], [16.3761497, 48.19671941], [16.37615041, 48.19672044], [16.37615187, 48.19672255], [16.3761528, 48.1967239], [16.3761559, 48.1967284], [16.37616276, 48.19673757], [16.37627605, 48.19676505], [16.37627874, 48.19677062], [16.37626944, 48.19678736], [16.37626085, 48.1968028], [16.37625913, 48.19680588], [16.37622031, 48.1968764], [16.37621977, 48.1968773], [16.37620982, 48.19688288], [16.37594519, 48.19734864], [16.37593645, 48.1973464], [16.3759347, 48.19734973], [16.37591694, 48.19734587], [16.37589891, 48.19734308], [16.37588048, 48.1973412], [16.37586192, 48.1973404], [16.37584336, 48.1973405], [16.37582479, 48.19734167], [16.37580529, 48.19734402], [16.37578606, 48.19734753], [16.3757675, 48.19735212], [16.37574948, 48.1973577], [16.37573226, 48.19736437], [16.37571599, 48.19737202], [16.37570967, 48.19737517], [16.37570349, 48.1973784], [16.37569744, 48.19738191], [16.37569166, 48.19738542], [16.37568614, 48.1973892], [16.37568077, 48.19739307], [16.37567552, 48.19739703], [16.37567055, 48.19740117], [16.37566584, 48.1974054], [16.37566141, 48.19740972], [16.37565711, 48.19741412], [16.37565308, 48.19741871], [16.37564945, 48.1974233], [16.37564582, 48.19742807], [16.37564259, 48.19743292], [16.37563964, 48.19743778], [16.37563695, 48.19744273]], [[16.3761557, 48.19630877], [16.37620845, 48.19632332], [16.37622618, 48.19629472], [16.3761733, 48.19628008], [16.3761557, 48.19630877]]]]}, "properties": {"id": 27247678, "bauperiode": "1683-1740"}}, {"type": "Feature", "geometry": {"type": "Polygon", "coordinates": [[[16.37601248, 48.19651827], [16.37600845, 48.19652493], [16.37598006, 48.19651793], [16.37598019, 48.19651703], [16.37598409, 48.19651046], [16.37597924, 48.19650911], [16.37598207, 48.19650417], [16.37597197, 48.19650138], [16.37598581, 48.19647925], [16.37599563, 48.19648168], [16.37600316, 48.19646926], [16.3759936, 48.1964663], [16.37600731, 48.19644399], [16.37601726, 48.1964466], [16.37602519, 48.19643382], [16.37601523, 48.19643095], [16.37602894, 48.19640873], [16.37603903, 48.19641125], [16.37604655, 48.19639874], [16.376037, 48.19639587], [16.37605057, 48.19637338], [16.37606039, 48.19637599], [16.37606845, 48.19636321], [16.37605863, 48.19636043], [16.37607233, 48.19633821], [16.37608229, 48.19634081], [16.37608994, 48.1963284], [16.37608039, 48.19632535], [16.37609409, 48.19630331], [16.37610365, 48.19630573], [16.3761058, 48.1963024], [16.37611131, 48.19630402], [16.37611494, 48.19629826], [16.37610969, 48.1962971], [16.37611171, 48.19629314], [16.37610189, 48.19629018], [16.37611532, 48.19626814], [16.37612541, 48.19627092], [16.37613334, 48.19625806], [16.37612351, 48.19625509], [16.37613695, 48.19623333], [16.37614691, 48.1962362], [16.3761547, 48.19622343], [16.37614474, 48.19622055], [16.37615817, 48.19619869], [16.37616813, 48.19620148], [16.37617579, 48.19618889], [16.3761661, 48.19618583], [16.3761794, 48.19616397], [16.37618936, 48.19616694], [16.37619728, 48.19615425], [16.37618706, 48.19615129], [16.37620076, 48.19612934], [16.37621072, 48.19613231], [16.37621851, 48.19611953], [16.37620842, 48.19611684], [16.37622172, 48.19609534], [16.37623181, 48.19609803], [16.37623933, 48.19608553], [16.37622991, 48.19608248], [16.37624268, 48.19606125], [16.3762525, 48.19606385], [16.37625545, 48.19605945], [16.37626057, 48.1960607], [16.37626513, 48.19605396], [16.37629352, 48.19606141], [16.37628909, 48.19606825], [16.37629461, 48.19607031], [16.37626801, 48.19611326], [16.37626013, 48.19612596], [16.37620157, 48.19622049], [16.37619601, 48.19622946], [16.37614777, 48.19630734], [16.37614252, 48.19630599], [16.37613916, 48.1963113], [16.37614481, 48.19631273], [16.37613947, 48.19632141], [16.37613145, 48.19633442], [16.37603442, 48.19649186], [16.37602875, 48.19650107], [16.37601732, 48.19651962], [16.37601248, 48.19651827]]]}, "properties": {"id": 27243919, "bauperiode": "1683-1740"}}, {"type": "Feature", "geometry": {"type": "Polygon", "coordinates": [[[16.3756187, 48.19754369], [16.37561645, 48.1975476], [16.37544736, 48.197504], [16.37544437, 48.19750323], [16.37543549, 48.19750089], [16.37543684, 48.19749955], [16.37543541, 48.19749882], [16.37543387, 48.19749739], [16.37543315, 48.19749562], [16.3754332, 48.19749442], [16.37543105, 48.19749415], [16.37547954, 48.19740843], [16.37548259, 48.19740921], [16.37551838, 48.1974184], [16.37563453, 48.19744777], [16.37565566, 48.19745316], [16.37565741, 48.19745378], [16.37565902, 48.19745459], [16.3756605, 48.19745558], [16.37566171, 48.19745666], [16.37566279, 48.19745783], [16.37566346, 48.19745909], [16.375664, 48.19746035], [16.37566427, 48.1974617], [16.37566427, 48.19746304], [16.37566401, 48.19746439], [16.3756636, 48.19746574], [16.3756628, 48.197467], [16.3756232, 48.19753587], [16.37561991, 48.19754159], [16.3756187, 48.19754369]]]}, "properties": {"id": 27243855, "bauperiode": "1683-1740"}}, {"type": "Feature", "geometry": {"type": "Polygon", "coordinates": [[[16.37742467, 48.19710207], [16.37738343, 48.19717079], [16.37729207, 48.19714636], [16.37733089, 48.19707701], [16.37742467, 48.19710207]]]}, "properties": {"id": 27245417, "bauperiode": "1683-1740"}}, {"type": "Feature", "geometry": {"type": "Polygon", "coordinates": [[[16.37756177, 48.1971388], [16.37752078, 48.19721117], [16.37751845, 48.19720696], [16.37744021, 48.19718595], [16.37743859, 48.19718552], [16.37747969, 48.19711679], [16.37756177, 48.1971388]]]}, "properties": {"id": 27245418, "bauperiode": "1683-1740"}}, {"type": "Feature", "geometry": {"type": "Polygon", "coordinates": [[[16.3778355, 48.19722656], [16.37774531, 48.19726217], [16.37769601, 48.1972494], [16.37771271, 48.19721928], [16.37775187, 48.19720711], [16.37779358, 48.19719088], [16.3778329, 48.19717214], [16.37786944, 48.19715108], [16.37790289, 48.19712788], [16.37792738, 48.19713327], [16.37791717, 48.19715396], [16.3778793, 48.19723185], [16.37787796, 48.19723462], [16.3778355, 48.19722656]]]}, "properties": {"id": 27247657, "bauperiode": "1683-1740"}}, {"type": "Feature", "geometry": {"type": "Polygon", "coordinates": [[[16.37782576, 48.1973416], [16.37766878, 48.19767235], [16.37760227, 48.19765581], [16.37757953, 48.19765024], [16.37773972, 48.19732125], [16.37782576, 48.1973416]]]}, "properties": {"id": 27245975, "bauperiode": "1683-1740"}}, {"type": "Feature", "geometry": {"type": "Polygon", "coordinates": [[[16.37766878, 48.19767235], [16.37763612, 48.19774118], [16.37757618, 48.19772613], [16.37756793, 48.19772405], [16.37760227, 48.19765581], [16.37766878, 48.19767235]]]}, "properties": {"id": 27245979, "bauperiode": "1683-1740"}}, {"type": "Feature", "geometry": {"type": "Polygon", "coordinates": [[[16.37752945, 48.19789114], [16.37751083, 48.19792726], [16.37739741, 48.1978994], [16.37740488, 48.19788476], [16.37740829, 48.19787666], [16.37741107, 48.19786845], [16.37741318, 48.19786016], [16.37741463, 48.1978518], [16.37741543, 48.1978434], [16.37741555, 48.19783499], [16.377415, 48.19782658], [16.3774138, 48.19781821], [16.37741192, 48.19780989], [16.37740938, 48.19780166], [16.3774062, 48.19779351], [16.37740239, 48.1977855], [16.37739793, 48.19777763], [16.37739467, 48.1977727], [16.37748946, 48.19771943], [16.37749094, 48.19772096], [16.37750172, 48.19773615], [16.37750953, 48.19774901], [16.37751654, 48.19776241], [16.37752233, 48.19777598], [16.37752705, 48.19778947], [16.37753002, 48.19780089], [16.37756002, 48.19780736], [16.37760161, 48.1978164], [16.37756075, 48.19789847], [16.37752945, 48.19789114]]]}, "properties": {"id": 27245994, "bauperiode": "1683-1740"}}, {"type": "Feature", "geometry": {"type": "Polygon", "coordinates": [[[16.37749019, 48.19802559], [16.37748912, 48.1980256], [16.37748806, 48.19802553], [16.37748699, 48.19802542], [16.37748596, 48.19802524], [16.37748493, 48.198025], [16.37731765, 48.19798218], [16.37731686, 48.19798191], [16.37731612, 48.19798158], [16.37731541, 48.19798121], [16.37731476, 48.1979808], [16.37731416, 48.19798035], [16.37731362, 48.19797987], [16.37731313, 48.19797935], [16.37731288, 48.19797901], [16.3773127, 48.19797878], [16.37731234, 48.19797818], [16.37731207, 48.19797755], [16.37731187, 48.19797692], [16.37731174, 48.19797626], [16.37731172, 48.1979756], [16.37731176, 48.19797494], [16.37731189, 48.19797428], [16.37731211, 48.19797362], [16.3773124, 48.19797299], [16.37731291, 48.19797193], [16.37735016, 48.19789483], [16.37735039, 48.19789432], [16.3773507, 48.19789382], [16.37735106, 48.19789335], [16.37735149, 48.19789289], [16.37735198, 48.19789246], [16.37735252, 48.19789206], [16.37735311, 48.19789169], [16.37735374, 48.19789136], [16.37735443, 48.19789107], [16.37735512, 48.19789082], [16.37735586, 48.1978906], [16.37735663, 48.19789043], [16.37735741, 48.19789031], [16.3773582, 48.19789023], [16.37735901, 48.1978902], [16.37735981, 48.19789021], [16.3773606, 48.19789028], [16.37736138, 48.19789039], [16.37736215, 48.19789055], [16.37736289, 48.19789074], [16.3773636, 48.19789098], [16.37736427, 48.19789126], [16.37739741, 48.1978994], [16.37751083, 48.19792726], [16.37753369, 48.19793287], [16.37753443, 48.19793303], [16.37753514, 48.19793322], [16.37753583, 48.19793345], [16.3775365, 48.19793373], [16.37753712, 48.19793404], [16.3775377, 48.19793439], [16.37753824, 48.19793476], [16.37753872, 48.19793516], [16.37753915, 48.19793559], [16.37753953, 48.19793605], [16.37753985, 48.19793653], [16.37749939, 48.19802234], [16.37749871, 48.19802289], [16.37749795, 48.1980234], [16.37749713, 48.19802387], [16.37749626, 48.19802428], [16.37749533, 48.19802464], [16.37749436, 48.19802495], [16.37749336, 48.1980252], [16.37749232, 48.19802539], [16.37749127, 48.19802551], [16.37749019, 48.19802559]]]}, "properties": {"id": 27246013, "bauperiode": "1683-1740"}}, {"type": "Feature", "geometry": {"type": "Polygon", "coordinates": [[[16.37729207, 48.19714636], [16.37728333, 48.19714987], [16.37727755, 48.19714888], [16.37707116, 48.19709716], [16.37706927, 48.19709671], [16.37706833, 48.19709644], [16.37706699, 48.19709581], [16.37706591, 48.19709491], [16.3770651, 48.19709401], [16.37706456, 48.19709302], [16.37706416, 48.19709203], [16.37706402, 48.19709095], [16.37706416, 48.19708988], [16.37706456, 48.19708889], [16.3770651, 48.1970879], [16.37695733, 48.19706086], [16.37695598, 48.19706033], [16.37695491, 48.19705961], [16.37695396, 48.1970588], [16.37695316, 48.1970579], [16.37695275, 48.19705691], [16.37695248, 48.19705583], [16.37695248, 48.19705484], [16.37695275, 48.19705385], [16.37698029, 48.19700465], [16.376904, 48.19698552], [16.37682772, 48.19696639], [16.37680018, 48.19701559], [16.37679937, 48.19701649], [16.37679843, 48.1970173], [16.37679722, 48.19701793], [16.37679588, 48.19701847], [16.3767944, 48.19701883], [16.37679292, 48.19701901], [16.37679144, 48.19701902], [16.37678982, 48.19701893], [16.37668206, 48.19699189], [16.37668152, 48.19699288], [16.37668071, 48.19699387], [16.37667977, 48.19699468], [16.3766787, 48.1969954], [16.37667735, 48.19699603], [16.37667601, 48.19699657], [16.37667453, 48.19699684], [16.37667291, 48.19699702], [16.37667116, 48.19699702], [16.37667022, 48.19699675], [16.37666834, 48.19699631], [16.37646195, 48.19694458], [16.37645657, 48.19694278], [16.3764536, 48.19693631], [16.37649337, 48.19686516], [16.37649546, 48.19686141], [16.37650366, 48.1968468], [16.37654978, 48.19676459], [16.37655032, 48.1967636], [16.37655113, 48.1967627], [16.37655207, 48.19676189], [16.37655314, 48.19676117], [16.37655449, 48.19676054], [16.37655583, 48.19676009], [16.37655731, 48.19675982], [16.37655893, 48.19675964], [16.37656041, 48.19675964], [16.37656202, 48.19675982], [16.37676948, 48.19681182], [16.37677137, 48.19681236], [16.37677312, 48.19681308], [16.37677473, 48.19681398], [16.37677621, 48.19681496], [16.37677742, 48.19681604], [16.3767785, 48.19681721], [16.37677917, 48.19681847], [16.37677971, 48.19681982], [16.37678012, 48.19682117], [16.37678012, 48.19682252], [16.37677985, 48.19682396], [16.37677945, 48.19682531], [16.37677864, 48.19682656], [16.37681856, 48.19683654], [16.37688798, 48.19685393], [16.3768441, 48.19693212], [16.3768633, 48.19693694], [16.37686291, 48.19694093], [16.37686303, 48.19694491], [16.37686368, 48.19694888], [16.37686483, 48.19695279], [16.37686647, 48.19695663], [16.37686861, 48.19696035], [16.37687123, 48.19696394], [16.3768743, 48.19696735], [16.37687778, 48.19697059], [16.37688167, 48.19697361], [16.37688595, 48.1969764], [16.37689057, 48.19697893], [16.37689548, 48.19698118], [16.37690067, 48.19698315], [16.37690611, 48.1969848], [16.37691196, 48.19698618], [16.37691798, 48.1969872], [16.3769241, 48.19698787], [16.37693028, 48.19698816], [16.37693649, 48.19698809], [16.37694265, 48.19698764], [16.37694874, 48.19698682], [16.37695468, 48.19698564], [16.37696045, 48.19698411], [16.37696599, 48.19698224], [16.37697125, 48.19698004], [16.3769762, 48.19697754], [16.3769808, 48.19697476], [16.37698501, 48.19697171], [16.37698878, 48.19696842], [16.37700965, 48.19697366], [16.37705356, 48.19689542], [16.37712051, 48.19691216], [16.37715482, 48.19692077], [16.37715549, 48.19691951], [16.37715643, 48.19691825], [16.37715764, 48.19691717], [16.37715899, 48.19691609], [16.3771606, 48.19691519], [16.37716235, 48.19691447], [16.3771641, 48.19691384], [16.37716611, 48.19691339], [16.37716813, 48.19691312], [16.37717015, 48.19691303], [16.37717217, 48.19691303], [16.37717418, 48.1969133], [16.3771762, 48.19691375], [16.37738367, 48.19696565], [16.37738501, 48.19696628], [16.37738622, 48.19696691], [16.37738716, 48.19696772], [16.37738811, 48.19696862], [16.37738865, 48.19696952], [16.37738905, 48.1969706], [16.37738919, 48.19697159], [16.37738905, 48.19697267], [16.37738878, 48.19697366], [16.37738825, 48.19697465], [16.37733089, 48.19707701], [16.37729207, 48.19714636]]]}, "properties": {"id": 27245415, "bauperiode": "1683-1740"}}, {"type": "Feature", "geometry": {"type": "Polygon", "coordinates": [[[16.37714811, 48.19686423], [16.37712051, 48.19691216], [16.37705356, 48.19689542], [16.37705446, 48.19689381], [16.37703311, 48.19688845], [16.37703389, 48.19688442], [16.37703411, 48.19688037], [16.3770338, 48.19687632], [16.37703295, 48.1968723], [16.37703157, 48.19686835], [16.37702966, 48.19686451], [16.37702725, 48.19686078], [16.37702435, 48.19685722], [16.37702099, 48.19685385], [16.37701719, 48.19685069], [16.37701299, 48.19684777], [16.3770084, 48.19684511], [16.37700349, 48.19684273], [16.37699829, 48.19684066], [16.37699281, 48.19683891], [16.37698676, 48.19683741], [16.37698051, 48.1968363], [16.37697415, 48.19683559], [16.37696771, 48.19683529], [16.37696125, 48.19683541], [16.37695483, 48.19683593], [16.37694854, 48.19683685], [16.37694238, 48.19683818], [16.37693646, 48.19683988], [16.3769308, 48.19684196], [16.37692545, 48.19684439], [16.37692049, 48.19684714], [16.37691593, 48.1968502], [16.37691183, 48.19685353], [16.37690822, 48.19685711], [16.37688891, 48.19685227], [16.37688798, 48.19685393], [16.37681856, 48.19683654], [16.37684587, 48.19678771], [16.37684969, 48.19678871], [16.37690797, 48.19680408], [16.37691431, 48.19680135], [16.37692096, 48.19679898], [16.37692792, 48.196797], [16.3769351, 48.19679541], [16.37694246, 48.19679423], [16.37694993, 48.19679348], [16.37695747, 48.19679316], [16.37696501, 48.19679325], [16.37697252, 48.19679378], [16.37697444, 48.19679403], [16.37697991, 48.19679473], [16.37698713, 48.19679609], [16.37703928, 48.19680737], [16.37704628, 48.1968104], [16.37704724, 48.19681081], [16.37705471, 48.19681471], [16.3770616, 48.19681906], [16.37706789, 48.19682381], [16.3770735, 48.19682892], [16.37707839, 48.19683435], [16.37708252, 48.19684005], [16.37708586, 48.19684597], [16.37708838, 48.19685209], [16.37714043, 48.19686267], [16.37714398, 48.19686339], [16.37714811, 48.19686423]]]}, "properties": {"id": 27245937, "bauperiode": "1683-1740"}}, {"type": "Feature", "geometry": {"type": "Polygon", "coordinates": [[[16.37813264, 48.19670604], [16.37805079, 48.19687458], [16.37796064, 48.19685465], [16.37807492, 48.19661773], [16.37806968, 48.19661665], [16.37811359, 48.19653102], [16.37812193, 48.19653182], [16.37815336, 48.19646652], [16.37814851, 48.19646562], [16.37817188, 48.19641624], [16.37817699, 48.19641714], [16.37820532, 48.19635346], [16.37819631, 48.1963522], [16.37824344, 48.19625982], [16.37825475, 48.19626171], [16.37830676, 48.19627519], [16.37833599, 48.19628737], [16.37813368, 48.1967039], [16.37813264, 48.19670604]]]}, "properties": {"id": 27247622, "bauperiode": "1683-1740"}}, {"type": "Feature", "geometry": {"type": "Polygon", "coordinates": [[[16.37836179, 48.19623424], [16.37833599, 48.19628737], [16.37830676, 48.19627519], [16.37825475, 48.19626171], [16.3783159, 48.1961433], [16.37833465, 48.19610699], [16.37834084, 48.19610843], [16.37840529, 48.19612334], [16.37835157, 48.19623343], [16.37836179, 48.19623424]]]}, "properties": {"id": 27247474, "bauperiode": "1683-1740"}}, {"type": "Feature", "geometry": {"type": "Polygon", "coordinates": [[[16.37744564, 48.19770686], [16.37737344, 48.19774745], [16.37737285, 48.19774686], [16.37736503, 48.19773981], [16.37735664, 48.19773305], [16.3773477, 48.19772662], [16.37733825, 48.19772053], [16.37732831, 48.19771479], [16.37731791, 48.19770944], [16.37730707, 48.19770447], [16.37729585, 48.19769992], [16.37728427, 48.19769579], [16.37727236, 48.19769209], [16.37726015, 48.19768884], [16.3772552, 48.19768223], [16.37728332, 48.19763766], [16.37728838, 48.19762963], [16.37728246, 48.19762706], [16.37735292, 48.19750821], [16.37752476, 48.19721838], [16.37752078, 48.19721117], [16.37756177, 48.1971388], [16.37756756, 48.19712882], [16.37758366, 48.19710111], [16.37759165, 48.19709956], [16.37762656, 48.19710797], [16.37770695, 48.19712733], [16.3777076, 48.19713071], [16.37771051, 48.19712997], [16.3777134, 48.1971292], [16.37771627, 48.19712842], [16.37771914, 48.19712762], [16.37772199, 48.1971268], [16.37772484, 48.19712596], [16.37772767, 48.1971251], [16.37773049, 48.19712422], [16.3777333, 48.19712333], [16.37773608, 48.19712242], [16.37773887, 48.19712149], [16.37774164, 48.19712054], [16.37774439, 48.19711958], [16.37774712, 48.1971186], [16.37774985, 48.1971176], [16.3777525, 48.19711661], [16.37775513, 48.1971156], [16.37775775, 48.19711457], [16.37776034, 48.19711353], [16.37776293, 48.19711247], [16.37776551, 48.1971114], [16.37776806, 48.1971103], [16.3777706, 48.19710921], [16.37777313, 48.19710808], [16.37777563, 48.19710695], [16.37777812, 48.1971058], [16.37778061, 48.19710463], [16.37778307, 48.19710344], [16.37778552, 48.19710224], [16.37778794, 48.19710103], [16.37778446, 48.19709729], [16.37778653, 48.19709626], [16.37778858, 48.19709521], [16.37779062, 48.19709414], [16.37779264, 48.19709307], [16.37779464, 48.19709199], [16.37779663, 48.19709088], [16.37779861, 48.19708976], [16.37780057, 48.19708864], [16.37780251, 48.19708749], [16.37780443, 48.19708634], [16.37780634, 48.19708518], [16.37780822, 48.197084], [16.3778101, 48.19708282], [16.37781194, 48.19708161], [16.37781379, 48.19708039], [16.37781552, 48.19707923], [16.37781724, 48.19707805], [16.37781895, 48.19707685], [16.37782063, 48.19707565], [16.3778223, 48.19707444], [16.37782395, 48.19707322], [16.37782558, 48.19707198], [16.3778272, 48.19707074], [16.3778288, 48.19706949], [16.37783038, 48.19706823], [16.37783195, 48.19706695], [16.37783349, 48.19706567], [16.37783503, 48.19706438], [16.37783653, 48.19706308], [16.37783802, 48.19706177], [16.3778445, 48.1970644], [16.37784637, 48.19706285], [16.37784821, 48.19706127], [16.37785002, 48.1970597], [16.37785182, 48.1970581], [16.3778536, 48.1970565], [16.37785536, 48.19705488], [16.37785709, 48.19705326], [16.3778588, 48.19705163], [16.37786049, 48.19704998], [16.37786215, 48.19704833], [16.3778638, 48.19704666], [16.37786541, 48.19704498], [16.37786701, 48.1970433], [16.37786858, 48.19704161], [16.37787013, 48.1970399], [16.37787162, 48.19703822], [16.37787309, 48.19703654], [16.37787452, 48.19703485], [16.37787595, 48.19703316], [16.37787733, 48.19703145], [16.37787872, 48.19702973], [16.37788006, 48.19702801], [16.37788139, 48.19702628], [16.37788269, 48.19702454], [16.37788397, 48.19702279], [16.37788523, 48.19702103], [16.37788646, 48.19701928], [16.37788766, 48.19701751], [16.37788886, 48.19701572], [16.37789002, 48.19701394], [16.37788609, 48.1970134], [16.37788519, 48.19701161], [16.37788358, 48.19700838], [16.37795919, 48.19685754], [16.37796064, 48.19685465], [16.37805079, 48.19687458], [16.37797953, 48.19702425], [16.37797851, 48.19702639], [16.37796899, 48.19704637], [16.37794919, 48.19708797], [16.37793507, 48.19710189], [16.3779196, 48.19711523], [16.37790289, 48.19712788], [16.37786944, 48.19715108], [16.3778329, 48.19717214], [16.37779358, 48.19719088], [16.37775187, 48.19720711], [16.37771271, 48.19721928], [16.37769601, 48.1972494], [16.37759382, 48.19742346], [16.37762873, 48.19743309], [16.37757275, 48.197527], [16.37753703, 48.19751787], [16.37745642, 48.19765925], [16.37744716, 48.19765689], [16.37742246, 48.19770021], [16.37744564, 48.19770686]]]}, "properties": {"id": 27247712, "bauperiode": "1683-1740"}}, {"type": "Feature", "geometry": {"type": "Polygon", "coordinates": [[[16.37693616, 48.19698022], [16.37693113, 48.19698032], [16.37692611, 48.19698012], [16.37692113, 48.19697963], [16.37691625, 48.19697885], [16.37691147, 48.19697779], [16.37690694, 48.19697648], [16.37690259, 48.19697492], [16.37689847, 48.1969731], [16.3768946, 48.19697106], [16.37689099, 48.1969688], [16.37688769, 48.19696635], [16.37688472, 48.19696372], [16.37688209, 48.19696092], [16.37687984, 48.19695799], [16.37687797, 48.19695493], [16.37687652, 48.19695179], [16.37687545, 48.19694856], [16.37687482, 48.19694528], [16.3768746, 48.19694199], [16.37687481, 48.19693869], [16.37687857, 48.19693196], [16.37686001, 48.19692729], [16.37689614, 48.19686291], [16.37691454, 48.19686752], [16.37691934, 48.19685895], [16.37692245, 48.19685631], [16.37692589, 48.19685386], [16.37692964, 48.19685162], [16.37693366, 48.1968496], [16.37693793, 48.19684784], [16.37694243, 48.19684633], [16.37694709, 48.19684507], [16.37695191, 48.19684411], [16.37695683, 48.19684342], [16.37696182, 48.19684304], [16.37696685, 48.19684294], [16.37697187, 48.19684312], [16.37697685, 48.19684362], [16.37698173, 48.19684439], [16.37698651, 48.19684545], [16.37699101, 48.19684674], [16.37699533, 48.19684829], [16.37699944, 48.19685008], [16.37700331, 48.1968521], [16.37700691, 48.19685432], [16.3770102, 48.19685675], [16.37701318, 48.19685936], [16.37701582, 48.19686213], [16.37701808, 48.19686503], [16.37701998, 48.19686805], [16.37702147, 48.19687117], [16.37702258, 48.19687437], [16.37702325, 48.19687762], [16.37702353, 48.19688089], [16.37702338, 48.19688417], [16.37701816, 48.19689351], [16.37703855, 48.19689863], [16.37700242, 48.19696302], [16.37698218, 48.19695794], [16.37697864, 48.19696429], [16.37697553, 48.19696693], [16.3769721, 48.19696939], [16.37696835, 48.19697163], [16.37696433, 48.19697364], [16.37696006, 48.19697542], [16.37695556, 48.19697693], [16.3769509, 48.19697818], [16.37694607, 48.19697915], [16.37694115, 48.19697983], [16.37693616, 48.19698022]]]}, "properties": {"id": 27245410, "bauperiode": "1683-1740"}}, {"type": "Feature", "geometry": {"type": "Polygon", "coordinates": [[[16.37692481, 48.19710728], [16.3769232, 48.19710737], [16.37686454, 48.19709268], [16.37682875, 48.1970837], [16.37676982, 48.19706894], [16.37676861, 48.19706822], [16.37676767, 48.19706732], [16.376767, 48.19706642], [16.37676632, 48.19706534], [16.37676605, 48.19706426], [16.37676605, 48.19706327], [16.37676618, 48.19706219], [16.37676659, 48.19706111], [16.37678982, 48.19701893], [16.37679144, 48.19701902], [16.37679292, 48.19701901], [16.3767944, 48.19701883], [16.37679588, 48.19701847], [16.37679722, 48.19701793], [16.37679843, 48.1970173], [16.37679937, 48.19701649], [16.37680018, 48.19701559], [16.37682772, 48.19696639], [16.376904, 48.19698552], [16.37698029, 48.19700465], [16.37695275, 48.19705385], [16.37695248, 48.19705484], [16.37695248, 48.19705583], [16.37695275, 48.19705691], [16.37695316, 48.1970579], [16.37695396, 48.1970588], [16.37695491, 48.19705961], [16.37695598, 48.19706033], [16.37695733, 48.19706086], [16.37693342, 48.19710287], [16.37693261, 48.19710386], [16.37693167, 48.19710476], [16.3769306, 48.19710548], [16.37692939, 48.1971062], [16.37692791, 48.19710674], [16.37692643, 48.1971071], [16.37692481, 48.19710728]]]}, "properties": {"id": 27247641, "bauperiode": "1683-1740"}}, {"type": "Feature", "geometry": {"type": "Polygon", "coordinates": [[[16.36576426, 48.1976502], [16.36561186, 48.19767722], [16.36559408, 48.19763469], [16.36557351, 48.19763856], [16.36555785, 48.19760101], [16.36555243, 48.197588], [16.36552124, 48.19751321], [16.36554182, 48.19750934], [16.36552966, 48.1974803], [16.36552875, 48.19747813], [16.36554355, 48.19747543], [16.36568841, 48.19744842], [16.36573552, 48.19756223], [16.36573844, 48.19756927], [16.36574504, 48.19758522], [16.36575722, 48.19761465], [16.36575805, 48.19761666], [16.36577093, 48.19764908], [16.36576426, 48.1976502]]]}, "properties": {"id": 24250255, "bauperiode": "1919-1945"}}, {"type": "Feature", "geometry": {"type": "MultiPolygon", "coordinates": [[[[16.36673627, 48.19764653], [16.36660318, 48.19777589], [16.36651145, 48.1977229], [16.36650842, 48.19772115], [16.36639622, 48.19765633], [16.36651856, 48.19754371], [16.36652822, 48.19754827], [16.36654436, 48.1975559], [16.36661342, 48.19758856], [16.36661812, 48.19759077], [16.36666322, 48.19761204], [16.36666832, 48.19761444], [16.36673627, 48.19764653]], [[16.36650935, 48.19766107], [16.36652866, 48.19764276], [16.36654377, 48.19762842], [16.36651309, 48.19761395], [16.36649854, 48.19762775], [16.36647867, 48.1976466], [16.36647746, 48.19764786], [16.36647639, 48.19764912], [16.36647572, 48.19765056], [16.36647518, 48.197652], [16.36647504, 48.19765344], [16.36647505, 48.19765497], [16.36647532, 48.1976564], [16.36647585, 48.19765784], [16.36647666, 48.19765919], [16.36647774, 48.19766054], [16.36647895, 48.19766171], [16.36648043, 48.19766288], [16.36648205, 48.19766387], [16.36648379, 48.19766468], [16.36648581, 48.19766539], [16.36648783, 48.19766593], [16.36648998, 48.19766629], [16.36649214, 48.19766656], [16.36649442, 48.19766656], [16.36649658, 48.19766647], [16.36649873, 48.19766611], [16.36650088, 48.19766566], [16.3665029, 48.19766503], [16.36650464, 48.19766422], [16.36650639, 48.19766332], [16.36650801, 48.19766224], [16.36650935, 48.19766107]], [[16.36663675, 48.19767228], [16.36660607, 48.19765781], [16.36659538, 48.19766796], [16.36657165, 48.19769046], [16.36657044, 48.19769172], [16.3665695, 48.19769298], [16.36656869, 48.19769442], [16.36656829, 48.19769586], [16.36656802, 48.1976973], [16.36656802, 48.19769883], [16.36656829, 48.19770027], [16.36656897, 48.19770171], [16.36656964, 48.19770305], [16.36657072, 48.1977044], [16.36657193, 48.19770557], [16.36657341, 48.19770674], [16.36657502, 48.19770773], [16.36657691, 48.19770854], [16.36657879, 48.19770926], [16.36658094, 48.1977098], [16.36658296, 48.19771015], [16.36658525, 48.19771042], [16.3665874, 48.19771042], [16.36658955, 48.19771033], [16.36659184, 48.19770997], [16.36659386, 48.19770952], [16.36659587, 48.19770889], [16.36659776, 48.19770808], [16.3665995, 48.19770718], [16.36660098, 48.1977061], [16.36660233, 48.19770493], [16.36662573, 48.19768272], [16.36663675, 48.19767228]]]]}, "properties": {"id": 24250400, "bauperiode": "1849-1859"}}, {"type": "Feature", "geometry": {"type": "Polygon", "coordinates": [[[16.38114816, 48.19922658], [16.3811197, 48.19922522], [16.3811203, 48.19922308], [16.38112091, 48.19920152], [16.38112104, 48.19920016], [16.38112183, 48.19919171], [16.3811283, 48.19912253], [16.38113035, 48.19910057], [16.38123564, 48.19910578], [16.38128814, 48.19910838], [16.38129104, 48.19910852], [16.3814389, 48.19911583], [16.38146103, 48.19911693], [16.38146574, 48.19911716], [16.38146704, 48.19911722], [16.38146714, 48.19911632], [16.38146915, 48.19911642], [16.38149185, 48.19911757], [16.38149385, 48.19911767], [16.38149376, 48.19911856], [16.38156601, 48.19912222], [16.38156429, 48.19913648], [16.38165939, 48.19914119], [16.38165873, 48.19914724], [16.38145723, 48.19913726], [16.38115789, 48.19912243], [16.38114816, 48.19922658]]]}, "properties": {"id": 25415733, "bauperiode": "1919-1945"}}, {"type": "Feature", "geometry": {"type": "Polygon", "coordinates": [[[16.38163125, 48.19925538], [16.3815372, 48.19924968], [16.38154269, 48.19919998], [16.3814835, 48.19919704], [16.38148643, 48.19917051], [16.38137666, 48.19916507], [16.38137372, 48.1991916], [16.38128373, 48.19918714], [16.38127852, 48.19923412], [16.38120597, 48.19922975], [16.38117265, 48.19922774], [16.38116162, 48.19922722], [16.38114816, 48.19922658], [16.38115789, 48.19912243], [16.38145723, 48.19913726], [16.38165873, 48.19914724], [16.38164832, 48.19924149], [16.38163285, 48.19924069], [16.38163125, 48.19925538]]]}, "properties": {"id": 25416439, "bauperiode": "1919-1945"}}, {"type": "Feature", "geometry": {"type": "Polygon", "coordinates": [[[16.38154269, 48.19919998], [16.3815372, 48.19924968], [16.38130143, 48.1992355], [16.38127852, 48.19923412], [16.38128373, 48.19918714], [16.38137372, 48.1991916], [16.38137199, 48.19920734], [16.38148176, 48.19921278], [16.3814835, 48.19919704], [16.38154269, 48.19919998]]]}, "properties": {"id": 24521847, "bauperiode": "1919-1945"}}, {"type": "Feature", "geometry": {"type": "MultiPolygon", "coordinates": [[[[16.38152294, 48.20075384], [16.38150832, 48.20079675], [16.38145921, 48.2007893], [16.3814029, 48.20078077], [16.38140861, 48.20076387], [16.38119347, 48.20073122], [16.38118776, 48.20074817], [16.38113469, 48.20074013], [16.38109043, 48.20073342], [16.38110492, 48.2006905], [16.38116788, 48.20070002], [16.38118694, 48.20064408], [16.38147728, 48.20068812], [16.38145836, 48.20074407], [16.38152294, 48.20075384]], [[16.38130361, 48.20070442], [16.38134404, 48.20071008], [16.38135205, 48.2006845], [16.38131162, 48.20067884], [16.38130361, 48.20070442]]]]}, "properties": {"id": 24521883, "bauperiode": "1919-1945"}}, {"type": "Feature", "geometry": {"type": "Polygon", "coordinates": [[[16.38145921, 48.2007893], [16.38143422, 48.20086229], [16.38114847, 48.20081844], [16.38112712, 48.20081516], [16.38110995, 48.20081252], [16.38113469, 48.20074013], [16.38118776, 48.20074817], [16.38118287, 48.20076261], [16.38139801, 48.20079526], [16.3814029, 48.20078077], [16.38145921, 48.2007893]]]}, "properties": {"id": 24517978, "bauperiode": "1919-1945"}}, {"type": "Feature", "geometry": {"type": "Polygon", "coordinates": [[[16.38158063, 48.20083149], [16.38156207, 48.2008819], [16.38143422, 48.20086229], [16.38145921, 48.2007893], [16.38150832, 48.20079675], [16.38152294, 48.20075384], [16.38153734, 48.200756], [16.38156162, 48.20068431], [16.3815035, 48.20067543], [16.381509, 48.20065933], [16.38149218, 48.20065673], [16.38149889, 48.20063685], [16.38148006, 48.20063398], [16.38148344, 48.20062407], [16.38149723, 48.20058361], [16.38159975, 48.20059913], [16.38161116, 48.20056567], [16.3815085, 48.20055015], [16.38152648, 48.20049727], [16.38154747, 48.20050049], [16.38155539, 48.200479], [16.38156723, 48.20048097], [16.3817141, 48.20050503], [16.38164035, 48.20070591], [16.38163394, 48.20072338], [16.38163077, 48.20073202], [16.38159357, 48.20083333], [16.38158063, 48.20083149]]]}, "properties": {"id": 24517975, "bauperiode": "1919-1945"}}, {"type": "Feature", "geometry": {"type": "Polygon", "coordinates": [[[16.38156162, 48.20068431], [16.38153734, 48.200756], [16.38152294, 48.20075384], [16.38145836, 48.20074407], [16.38147728, 48.20068812], [16.38148265, 48.20067229], [16.3815035, 48.20067543], [16.38156162, 48.20068431]]]}, "properties": {"id": 24517995, "bauperiode": "1919-1945"}}, {"type": "Feature", "geometry": {"type": "Polygon", "coordinates": [[[16.38113469, 48.20074013], [16.38110995, 48.20081252], [16.38098202, 48.20079278], [16.38098507, 48.20078388], [16.3809935, 48.20075928], [16.38099946, 48.2007419], [16.38098646, 48.20074004], [16.38100728, 48.20067927], [16.38099251, 48.20067668], [16.38100604, 48.20063752], [16.38099656, 48.20063556], [16.38101061, 48.2005952], [16.38102058, 48.20059675], [16.3810207, 48.20059613], [16.38102973, 48.20056871], [16.38103077, 48.20056559], [16.38100352, 48.20056121], [16.38103323, 48.20047379], [16.38104715, 48.20047434], [16.3810863, 48.20047594], [16.38124895, 48.20048272], [16.38126307, 48.20048325], [16.38122523, 48.20059505], [16.38116388, 48.20058572], [16.38115154, 48.20062215], [16.38111333, 48.20061632], [16.38108904, 48.20068809], [16.38110492, 48.2006905], [16.38109043, 48.20073342], [16.38113469, 48.20074013]]]}, "properties": {"id": 24517984, "bauperiode": "1919-1945"}}, {"type": "Feature", "geometry": {"type": "Polygon", "coordinates": [[[16.38118694, 48.20064408], [16.38116788, 48.20070002], [16.38110492, 48.2006905], [16.38108904, 48.20068809], [16.38111333, 48.20061632], [16.38115154, 48.20062215], [16.3811923, 48.20062825], [16.38118694, 48.20064408]]]}, "properties": {"id": 24517998, "bauperiode": "1919-1945"}}, {"type": "Feature", "geometry": {"type": "Polygon", "coordinates": [[[16.38288227, 48.19550907], [16.38273813, 48.19551116], [16.38273373, 48.19541411], [16.38291216, 48.19541172], [16.38292996, 48.19550833], [16.38289517, 48.19550889], [16.38288227, 48.19550907]]]}, "properties": {"id": 27244375, "bauperiode": "1946-1976"}}, {"type": "Feature", "geometry": {"type": "MultiPolygon", "coordinates": [[[[16.38288587, 48.19559735], [16.38274213, 48.19559941], [16.38273813, 48.19551116], [16.38288227, 48.19550907], [16.38288587, 48.19559735]], [[16.38278095, 48.1955195], [16.38278393, 48.19559389], [16.38287202, 48.19559232], [16.38286904, 48.19551793], [16.38278095, 48.1955195]]]]}, "properties": {"id": 27244362, "bauperiode": "1946-1976"}}, {"type": "Feature", "geometry": {"type": "Polygon", "coordinates": [[[16.38287202, 48.19559232], [16.38278393, 48.19559389], [16.38278095, 48.1955195], [16.38286904, 48.19551793], [16.38287202, 48.19559232]]]}, "properties": {"id": 27244364, "bauperiode": "1946-1976"}}, {"type": "Feature", "geometry": {"type": "Polygon", "coordinates": [[[16.3827964, 48.19573816], [16.38261769, 48.19574112], [16.38261579, 48.19566677], [16.38264952, 48.19565941], [16.38273734, 48.19565846], [16.38273733, 48.19564766], [16.38279448, 48.19564767], [16.3827964, 48.19573816]]]}, "properties": {"id": 27247405, "bauperiode": "1946-1976"}}, {"type": "Feature", "geometry": {"type": "MultiPolygon", "coordinates": [[[[16.38274139, 48.19502799], [16.38248407, 48.19503187], [16.38246472, 48.19445092], [16.3826534, 48.19444811], [16.38265702, 48.19455477], [16.38262387, 48.19455526], [16.38257621, 48.19455595], [16.38258061, 48.19468892], [16.38262473, 48.19468827], [16.38269778, 48.1946872], [16.3827011, 48.19478765], [16.38262805, 48.19478873], [16.38258406, 48.19478937], [16.38258875, 48.19492987], [16.38263306, 48.1949292], [16.3826733, 48.19492861], [16.38267414, 48.19495368], [16.3827389, 48.19495272], [16.38274139, 48.19502799]], [[16.3825656, 48.19450872], [16.38256592, 48.19452692], [16.3826233, 48.19452647], [16.38262298, 48.19450828], [16.3825656, 48.19450872]], [[16.38261489, 48.19471118], [16.38261699, 48.19477159], [16.38266451, 48.19477085], [16.38266241, 48.19471044], [16.38261489, 48.19471118]]]]}, "properties": {"id": 27247309, "bauperiode": "1946-1976"}}, {"type": "Feature", "geometry": {"type": "Polygon", "coordinates": [[[16.38270359, 48.19467456], [16.38262796, 48.19467566], [16.38262387, 48.19455526], [16.38265702, 48.19455477], [16.38269961, 48.19455415], [16.38270012, 48.19456974], [16.3827002, 48.19457199], [16.38270359, 48.19467456]]]}, "properties": {"id": 27247239, "bauperiode": "1946-1976"}}, {"type": "Feature", "geometry": {"type": "Polygon", "coordinates": [[[16.38263306, 48.1949292], [16.38258875, 48.19492987], [16.38258406, 48.19478937], [16.38262805, 48.19478873], [16.3827011, 48.19478765], [16.38269778, 48.1946872], [16.38262473, 48.19468827], [16.38258061, 48.19468892], [16.38257621, 48.19455595], [16.38262387, 48.19455526], [16.38262796, 48.19467566], [16.38270359, 48.19467456], [16.38273889, 48.19467401], [16.38274336, 48.19480696], [16.38262899, 48.19480866], [16.38263306, 48.1949292]]]}, "properties": {"id": 27247298, "bauperiode": "1946-1976"}}, {"type": "Feature", "geometry": {"type": "Polygon", "coordinates": [[[16.3826733, 48.19492861], [16.38263306, 48.1949292], [16.38262899, 48.19480866], [16.38274336, 48.19480696], [16.38274733, 48.19492752], [16.3826733, 48.19492861]]]}, "properties": {"id": 27247297, "bauperiode": "1946-1976"}}, {"type": "Feature", "geometry": {"type": "Polygon", "coordinates": [[[16.38238313, 48.19556031], [16.38237976, 48.19556036], [16.38237921, 48.19554606], [16.38237742, 48.19549309], [16.38237366, 48.19537726], [16.38239653, 48.19537692], [16.38244095, 48.19537626], [16.38244431, 48.19537621], [16.38251812, 48.19537512], [16.38252148, 48.19537507], [16.38253503, 48.19537487], [16.38254072, 48.19555798], [16.38252505, 48.19555821], [16.38240622, 48.19555997], [16.38238313, 48.19556031]]]}, "properties": {"id": 27244371, "bauperiode": "1946-1976"}}, {"type": "Feature", "geometry": {"type": "MultiPolygon", "coordinates": [[[[16.38286247, 48.19576206], [16.38286291, 48.195778], [16.38286298, 48.19577955], [16.38286312, 48.19578291], [16.38286319, 48.19578444], [16.38285547, 48.19578447], [16.38282192, 48.19578483], [16.38279521, 48.19578516], [16.38276139, 48.19578563], [16.38273473, 48.19578609], [16.38270137, 48.19578634], [16.38267417, 48.19578665], [16.38264064, 48.19578713], [16.38261383, 48.19578753], [16.38258027, 48.19578797], [16.3825571, 48.1957885], [16.38254789, 48.19578867], [16.38254553, 48.19571239], [16.38254072, 48.19555798], [16.38253503, 48.19537487], [16.38253209, 48.19528038], [16.38253158, 48.19526382], [16.38254152, 48.19526371], [16.38258268, 48.1952633], [16.38264171, 48.19526271], [16.38271616, 48.19526197], [16.38277166, 48.19526141], [16.38277375, 48.19526139], [16.38279839, 48.19526114], [16.38280175, 48.19526111], [16.38285216, 48.1952606], [16.38285397, 48.19535698], [16.38285443, 48.19539792], [16.38273299, 48.19539789], [16.38273373, 48.19541411], [16.38273813, 48.19551116], [16.38274213, 48.19559941], [16.38288587, 48.19559735], [16.38294617, 48.19559649], [16.38294704, 48.19560123], [16.38295258, 48.19563108], [16.38295315, 48.19563415], [16.38295907, 48.19566615], [16.3829725, 48.19573488], [16.38296755, 48.19573494], [16.38286137, 48.19573625], [16.38286247, 48.19576206]], [[16.38273734, 48.19565846], [16.38264952, 48.19565941], [16.38261579, 48.19566677], [16.38261769, 48.19574112], [16.3827964, 48.19573816], [16.38279448, 48.19564767], [16.38273733, 48.19564766], [16.38273734, 48.19565846]]]]}, "properties": {"id": 27247412, "bauperiode": "1946-1976"}}, {"type": "Feature", "geometry": {"type": "Polygon", "coordinates": [[[16.38281322, 48.19325791], [16.38279237, 48.19325936], [16.38277871, 48.19317321], [16.38303305, 48.19315746], [16.38303805, 48.19319127], [16.38304266, 48.19322311], [16.38304536, 48.19324136], [16.38297837, 48.19324614], [16.38281322, 48.19325791]]]}, "properties": {"id": 27244184, "bauperiode": "1946-1976"}}, {"type": "Feature", "geometry": {"type": "Polygon", "coordinates": [[[16.38269446, 48.19326201], [16.38252849, 48.19327377], [16.38251813, 48.19327323], [16.38251759, 48.19327314], [16.38252077, 48.19321738], [16.38252118, 48.19321012], [16.38252236, 48.19318918], [16.38252577, 48.19318897], [16.38252892, 48.19318877], [16.38271704, 48.19317705], [16.38277871, 48.19317321], [16.38279237, 48.19325936], [16.38270939, 48.19326533], [16.382695, 48.19326641], [16.38269446, 48.19326201]]]}, "properties": {"id": 27244182, "bauperiode": "1946-1976"}}, {"type": "Feature", "geometry": {"type": "Polygon", "coordinates": [[[16.38252077, 48.19321738], [16.38251759, 48.19327314], [16.38251703, 48.19327312], [16.3823056, 48.19326405], [16.38230573, 48.19324984], [16.38230572, 48.19324787], [16.38230599, 48.19324418], [16.38231541, 48.19324471], [16.38231887, 48.19320766], [16.38252077, 48.19321738]]]}, "properties": {"id": 27244183, "bauperiode": "1946-1976"}}, {"type": "Feature", "geometry": {"type": "Polygon", "coordinates": [[[16.38245553, 48.19595226], [16.38239408, 48.19597864], [16.3823929, 48.19595399], [16.38238488, 48.19571477], [16.38238824, 48.19571472], [16.38246049, 48.19571365], [16.38252676, 48.19571267], [16.38254553, 48.19571239], [16.38254789, 48.19578867], [16.3825571, 48.1957885], [16.38255876, 48.19584944], [16.38255757, 48.19584848], [16.38255593, 48.19584796], [16.38255502, 48.19584789], [16.38255412, 48.19584796], [16.38255248, 48.19584849], [16.38255135, 48.19584944], [16.38255095, 48.19585062], [16.38255136, 48.1958518], [16.38255249, 48.19585275], [16.38255413, 48.19585327], [16.38255503, 48.19585334], [16.38255593, 48.19585327], [16.38255757, 48.19585275], [16.38255879, 48.19585179], [16.38256018, 48.19590466], [16.38255993, 48.19590432], [16.38255966, 48.19590402], [16.38255924, 48.19590364], [16.38255885, 48.1959034], [16.38255842, 48.19590319], [16.3825578, 48.19590296], [16.38255712, 48.19590283], [16.38255659, 48.19590277], [16.38255607, 48.19590276], [16.38255536, 48.19590283], [16.38255469, 48.19590297], [16.38255406, 48.19590319], [16.38255351, 48.19590348], [16.38255303, 48.19590383], [16.38255264, 48.19590422], [16.38255237, 48.19590466], [16.38255222, 48.19590512], [16.38255219, 48.19590559], [16.38255225, 48.19590594], [16.38255237, 48.19590629], [16.38255264, 48.19590673], [16.38255303, 48.19590713], [16.3825533, 48.19590732], [16.38255355, 48.19590751], [16.38255392, 48.1959077], [16.38255437, 48.19590789], [16.38255486, 48.19590803], [16.38255537, 48.19590812], [16.38255607, 48.19590819], [16.3825566, 48.19590818], [16.38255713, 48.19590812], [16.38255763, 48.19590803], [16.38255812, 48.19590788], [16.38255872, 48.19590762], [16.38255924, 48.19590731], [16.38255966, 48.19590693], [16.38255993, 48.19590662], [16.38256012, 48.19590629], [16.38256034, 48.1959058], [16.38256046, 48.1959074], [16.38253205, 48.19591956], [16.38246639, 48.19594768], [16.38245647, 48.19595186], [16.38245682, 48.19595156], [16.38245718, 48.19595127], [16.38245745, 48.19595095], [16.38245774, 48.19595049], [16.3824579, 48.19595001], [16.38245794, 48.19594963], [16.3824579, 48.19594926], [16.38245774, 48.19594878], [16.38245755, 48.19594843], [16.38245735, 48.19594821], [16.38245706, 48.1959479], [16.38245656, 48.19594754], [16.38245597, 48.19594723], [16.38245548, 48.19594705], [16.38245496, 48.19594692], [16.38245424, 48.19594681], [16.38245368, 48.19594679], [16.38245312, 48.19594681], [16.3824524, 48.19594692], [16.38245171, 48.19594711], [16.38245123, 48.1959473], [16.3824508, 48.19594754], [16.3824503, 48.1959479], [16.38244991, 48.19594833], [16.38244962, 48.19594878], [16.38244946, 48.19594927], [16.38244942, 48.19594964], [16.38244946, 48.19595001], [16.38244962, 48.19595049], [16.38244991, 48.19595095], [16.38245018, 48.19595127], [16.38245054, 48.19595156], [16.38245109, 48.1959519], [16.38245172, 48.19595216], [16.3824524, 48.19595235], [16.38245312, 48.19595246], [16.38245368, 48.19595249], [16.38245424, 48.19595246], [16.38245496, 48.19595235], [16.38245553, 48.19595226]]]}, "properties": {"id": 27244995, "bauperiode": "1946-1976"}}, {"type": "Feature", "geometry": {"type": "Polygon", "coordinates": [[[16.36597292, 48.19042952], [16.36593079, 48.19046447], [16.36593005, 48.19046407], [16.3658186, 48.19037643], [16.36584626, 48.19035352], [16.36580442, 48.19033086], [16.36580603, 48.19031782], [16.36576391, 48.19028024], [16.36582899, 48.19024902], [16.3658824, 48.19028309], [16.36588645, 48.1902815], [16.36588491, 48.19028233], [16.36588343, 48.19028319], [16.36588202, 48.19028409], [16.36588071, 48.19028507], [16.36587941, 48.19028616], [16.36587822, 48.1902873], [16.36587716, 48.19028848], [16.3658762, 48.19028972], [16.36587538, 48.19029099], [16.36587468, 48.19029231], [16.36587412, 48.19029364], [16.36587369, 48.190295], [16.36587338, 48.19029637], [16.36587322, 48.19029776], [16.36587321, 48.19029915], [16.36587332, 48.19030054], [16.3659228, 48.19032925], [16.36591388, 48.19033651], [16.36591501, 48.19034392], [16.3659228, 48.1903482], [16.36595181, 48.19032459], [16.36593826, 48.19031715], [16.36595227, 48.19030635], [16.36590293, 48.19027772], [16.36590098, 48.19027783], [16.36589905, 48.19027802], [16.36589712, 48.1902783], [16.36589524, 48.19027865], [16.36589339, 48.19027908], [16.36589157, 48.19027959], [16.3658898, 48.19028014], [16.36589733, 48.19027706], [16.36591871, 48.1902758], [16.36593459, 48.19028281], [16.36596456, 48.1902578], [16.36593697, 48.19021185], [16.36595835, 48.19020537], [16.36594933, 48.19019161], [16.36596977, 48.19018198], [16.36602933, 48.190154], [16.36605085, 48.19014383], [16.36606787, 48.19013623], [16.36606923, 48.19013839], [16.36606714, 48.19013901], [16.36606977, 48.19014273], [16.36605278, 48.19014791], [16.36606735, 48.19016989], [16.36608448, 48.19016494], [16.36613968, 48.19025029], [16.36613779, 48.19025083], [16.36613981, 48.19025397], [16.36614187, 48.19026057], [16.36614264, 48.19026634], [16.36614249, 48.19027211], [16.36614157, 48.19027718], [16.3661414, 48.19027785], [16.36613939, 48.19028348], [16.36613648, 48.19028892], [16.36613272, 48.19029413], [16.36612814, 48.19029903], [16.36612517, 48.19030198], [16.36612628, 48.19030262], [16.36612155, 48.19030631], [16.36608191, 48.19033911], [16.36597292, 48.19042952]]]}, "properties": {"id": 25545558, "bauperiode": "1884-1918"}}, {"type": "Feature", "geometry": {"type": "Polygon", "coordinates": [[[16.36895949, 48.19879238], [16.36884154, 48.19883513], [16.36879295, 48.19878397], [16.36891143, 48.19873915], [16.36892206, 48.1987351], [16.36893916, 48.19876127], [16.36895949, 48.19879238]]]}, "properties": {"id": 24251047, "bauperiode": "1781-1848"}}, {"type": "Feature", "geometry": {"type": "Polygon", "coordinates": [[[16.36908208, 48.19886357], [16.36922707, 48.19903997], [16.36905425, 48.19908859], [16.36898028, 48.19899987], [16.3689597, 48.19897517], [16.368951, 48.19896474], [16.3689426, 48.19895467], [16.36893104, 48.19894081], [16.36892268, 48.19893078], [16.368914, 48.19892036], [16.36891354, 48.19891981], [16.36889522, 48.19889783], [16.36888325, 48.19888348], [16.36887412, 48.19887253], [16.36884154, 48.19883513], [16.36895949, 48.19879238], [16.36899962, 48.19885325], [16.36905987, 48.1988365], [16.36906404, 48.19884163], [16.36908208, 48.19886357]]]}, "properties": {"id": 26787853, "bauperiode": "1781-1848"}}, {"type": "Feature", "geometry": {"type": "MultiPolygon", "coordinates": [[[[16.36921377, 48.19918695], [16.3691497, 48.19920457], [16.36914808, 48.19920196], [16.36914364, 48.19920313], [16.36914149, 48.19920044], [16.36913786, 48.1992017], [16.36904833, 48.19909371], [16.3690525, 48.1990929], [16.36904967, 48.19908976], [16.36905425, 48.19908859], [16.36922707, 48.19903997], [16.36924106, 48.19903619], [16.36930907, 48.19915452], [16.36931055, 48.19915713], [16.36930625, 48.19915839], [16.36930786, 48.19916109], [16.36929809, 48.19916378], [16.36929509, 48.1991646], [16.36924405, 48.19917864], [16.3692422, 48.19917564], [16.36921193, 48.19918396], [16.36921377, 48.19918695]], [[16.36907696, 48.1990927], [16.36915044, 48.19918586], [16.36928514, 48.19914918], [16.36922599, 48.19905211], [16.36907696, 48.1990927]]]]}, "properties": {"id": 24251420, "bauperiode": "1781-1848"}}, {"type": "Feature", "geometry": {"type": "Polygon", "coordinates": [[[16.36924106, 48.19903619], [16.36922707, 48.19903997], [16.36908208, 48.19886357], [16.36906404, 48.19884163], [16.36905987, 48.1988365], [16.36914512, 48.19881289], [16.36931554, 48.1990156], [16.36924106, 48.19903619]]]}, "properties": {"id": 24252640, "bauperiode": "1781-1848"}}, {"type": "Feature", "geometry": {"type": "Polygon", "coordinates": [[[16.36928514, 48.19914918], [16.36915044, 48.19918586], [16.36907696, 48.1990927], [16.36922599, 48.19905211], [16.36928514, 48.19914918]]]}, "properties": {"id": 24251467, "bauperiode": "1781-1848"}}, {"type": "Feature", "geometry": {"type": "Polygon", "coordinates": [[[16.36937413, 48.19866725], [16.36925833, 48.19870236], [16.36922844, 48.19865614], [16.36935164, 48.19863048], [16.36935128, 48.19863077], [16.36935017, 48.19863165], [16.36934855, 48.19863326], [16.36934707, 48.19863488], [16.36934586, 48.19863668], [16.36934492, 48.19863848], [16.36934412, 48.19864037], [16.36934372, 48.19864226], [16.36934358, 48.19864424], [16.36934358, 48.19864613], [16.36934399, 48.19864801], [16.36934466, 48.1986499], [16.36934547, 48.19865179], [16.36934668, 48.19865359], [16.36934803, 48.1986553], [16.36934964, 48.19865692], [16.36935139, 48.19865835], [16.36935341, 48.19865979], [16.3693557, 48.19866105], [16.36935799, 48.19866213], [16.36936054, 48.19866312], [16.3693631, 48.19866393], [16.36936593, 48.19866456], [16.36936875, 48.198665], [16.36937158, 48.19866527], [16.3693744, 48.19866536], [16.36937655, 48.19866536], [16.36937413, 48.19866725]]]}, "properties": {"id": 24251075, "bauperiode": "1781-1848"}}, {"type": "Feature", "geometry": {"type": "Polygon", "coordinates": [[[16.3702354, 48.19890017], [16.37006467, 48.1989471], [16.36998832, 48.19882886], [16.37027789, 48.19875152], [16.370453, 48.1987048], [16.37046914, 48.19870047], [16.3704721, 48.19869966], [16.37054643, 48.19881467], [16.37026031, 48.19889332], [16.3702354, 48.19890017]]]}, "properties": {"id": 24251019, "bauperiode": "1781-1848"}}, {"type": "Feature", "geometry": {"type": "Polygon", "coordinates": [[[16.36980632, 48.19903585], [16.36980457, 48.1990363], [16.36980376, 48.19903513], [16.36979972, 48.19903621], [16.36979043, 48.19902128], [16.36971879, 48.19890412], [16.3696757, 48.19883498], [16.36994509, 48.19875972], [16.36996418, 48.19879024], [16.36998524, 48.19882392], [16.36998832, 48.19882886], [16.37006467, 48.1989471], [16.37007396, 48.19896211], [16.37006979, 48.1989632], [16.3700706, 48.19896445], [16.37006885, 48.19896499], [16.36980632, 48.19903585]]]}, "properties": {"id": 24251001, "bauperiode": "1781-1848"}}, {"type": "Feature", "geometry": {"type": "Polygon", "coordinates": [[[16.36947971, 48.19910729], [16.36930907, 48.19915452], [16.36924106, 48.19903619], [16.36931554, 48.1990156], [16.36971879, 48.19890412], [16.36979043, 48.19902128], [16.36950456, 48.19910041], [16.36947971, 48.19910729]]]}, "properties": {"id": 24250978, "bauperiode": "1781-1848"}}, {"type": "Feature", "geometry": {"type": "Polygon", "coordinates": [[[16.36989077, 48.19903475], [16.36981803, 48.19905473], [16.36981547, 48.19905077], [16.36981419, 48.19904869], [16.36980632, 48.19903585], [16.37006885, 48.19896499], [16.37007632, 48.19897712], [16.37007761, 48.1989792], [16.37007963, 48.19898289], [16.37000684, 48.19900288], [16.3699886, 48.19900789], [16.36996458, 48.19901449], [16.36993307, 48.19902314], [16.36990945, 48.19902962], [16.36989077, 48.19903475]]]}, "properties": {"id": 24250996, "bauperiode": "1781-1848"}}, {"type": "Feature", "geometry": {"type": "MultiPolygon", "coordinates": [[[[16.36905987, 48.1988365], [16.36899962, 48.19885325], [16.36895949, 48.19879238], [16.36893916, 48.19876127], [16.36911145, 48.1987149], [16.36909731, 48.19869143], [16.36922844, 48.19865614], [16.36925833, 48.19870236], [16.36937413, 48.19866725], [16.36937655, 48.19866536], [16.36937736, 48.19866536], [16.36938018, 48.19866509], [16.36938301, 48.19866464], [16.36938583, 48.1986641], [16.36938839, 48.19866329], [16.36939094, 48.19866239], [16.36939337, 48.19866131], [16.36939565, 48.19866005], [16.36939767, 48.1986587], [16.36939955, 48.19865726], [16.36940116, 48.19865564], [16.36940264, 48.19865402], [16.36940372, 48.19865267], [16.36940506, 48.19865141], [16.36940654, 48.19865024], [16.36940815, 48.19864917], [16.3694099, 48.19864827], [16.36941192, 48.19864737], [16.3694138, 48.19864638], [16.36941555, 48.1986453], [16.36941703, 48.19864404], [16.36941824, 48.1986426], [16.36941931, 48.19864116], [16.36942012, 48.19863972], [16.36942066, 48.1986381], [16.36942093, 48.19863657], [16.36942092, 48.19863495], [16.36942079, 48.19863333], [16.36942025, 48.1986318], [16.36941944, 48.19863028], [16.36941836, 48.19862875], [16.36941715, 48.1986274], [16.36941567, 48.19862614], [16.36941406, 48.19862497], [16.36941217, 48.19862398], [16.36941016, 48.19862308], [16.369408, 48.19862237], [16.36940572, 48.19862183], [16.36940343, 48.19862147], [16.36940101, 48.1986212], [16.36939859, 48.1986212], [16.3693963, 48.19862138], [16.36939388, 48.19862165], [16.36939159, 48.19862219], [16.36938944, 48.19862282], [16.3693874, 48.19862336], [16.36938702, 48.19862336], [16.36935955, 48.19857948], [16.3693706, 48.19857637], [16.36939653, 48.19856913], [16.3693412, 48.19848551], [16.3692876, 48.19840449], [16.36926256, 48.19836538], [16.36919087, 48.19825336], [16.36915945, 48.19820934], [16.36916664, 48.19820816], [16.36916013, 48.19819037], [16.36915116, 48.19819184], [16.36914404, 48.19817283], [16.36912862, 48.19812386], [16.36911292, 48.19807399], [16.36922806, 48.19805692], [16.36922617, 48.19805144], [16.3699812, 48.19793943], [16.36999694, 48.19796614], [16.36995978, 48.19797145], [16.36998067, 48.19803565], [16.37003339, 48.198028], [16.37003608, 48.19802773], [16.37003864, 48.19802773], [16.37004133, 48.19802782], [16.37004389, 48.19802818], [16.37004644, 48.19802863], [16.37004886, 48.19802925], [16.37005129, 48.19803006], [16.37005344, 48.19803096], [16.37005559, 48.19803204], [16.37005748, 48.1980333], [16.37005909, 48.19803465], [16.37006071, 48.19803609], [16.37006192, 48.19803761], [16.370063, 48.19803923], [16.3700638, 48.19804085], [16.37006434, 48.19804256], [16.37006461, 48.19804436], [16.37006475, 48.19804607], [16.37006448, 48.19804787], [16.37006394, 48.19804957], [16.37006327, 48.19805128], [16.37006233, 48.1980529], [16.37006112, 48.19805443], [16.37005964, 48.19805596], [16.37005803, 48.19805731], [16.37005763, 48.19805758], [16.37005722, 48.19805785], [16.37005615, 48.19805857], [16.37005413, 48.19805965], [16.37005252, 48.19806037], [16.37005198, 48.19806064], [16.37004969, 48.19806154], [16.37004727, 48.19806217], [16.37004472, 48.19806271], [16.37003813, 48.19806376], [16.36994559, 48.19807857], [16.36993278, 48.1980426], [16.36926362, 48.19813956], [16.36943315, 48.19840445], [16.36951516, 48.19853951], [16.36999773, 48.19840429], [16.37009475, 48.19837873], [16.3702178, 48.19834631], [16.37021501, 48.19834189], [16.37022833, 48.19833837], [16.37026719, 48.19840421], [16.37026774, 48.19840514], [16.37025856, 48.19840898], [16.37031175, 48.1984899], [16.37014646, 48.19853554], [16.36914512, 48.19881289], [16.36905987, 48.1988365]], [[16.36918863, 48.19818241], [16.36919316, 48.19819953], [16.36924123, 48.19818686], [16.36923188, 48.19817101], [16.36918863, 48.19818241]]]]}, "properties": {"id": 24252614, "bauperiode": "1781-1848"}}, {"type": "Feature", "geometry": {"type": "Polygon", "coordinates": [[[16.36973409, 48.19822819], [16.36957673, 48.1982732], [16.36954697, 48.19822662], [16.36956514, 48.19822142], [16.36969758, 48.19818354], [16.36970433, 48.19818161], [16.36973409, 48.19822819]]]}, "properties": {"id": 24250350, "bauperiode": "1781-1848"}}, {"type": "Feature", "geometry": {"type": "Polygon", "coordinates": [[[16.36961942, 48.19833974], [16.36960449, 48.19834406], [16.36957536, 48.19829866], [16.3695618, 48.19827752], [16.36957673, 48.1982732], [16.36973409, 48.19822819], [16.36974969, 48.19822378], [16.36976127, 48.19824188], [16.36978286, 48.19827563], [16.36979224, 48.19829031], [16.36977677, 48.19829472], [16.36961942, 48.19833974]]]}, "properties": {"id": 24250332, "bauperiode": "1781-1848"}}, {"type": "Feature", "geometry": {"type": "Polygon", "coordinates": [[[16.36979568, 48.19834729], [16.36965066, 48.19838874], [16.36961942, 48.19833974], [16.36977677, 48.19829472], [16.36980815, 48.19834373], [16.36979879, 48.1983464], [16.36979568, 48.19834729]]]}, "properties": {"id": 24250320, "bauperiode": "1781-1848"}}, {"type": "Feature", "geometry": {"type": "Polygon", "coordinates": [[[16.3698289, 48.19840434], [16.36969993, 48.19844116], [16.36967636, 48.19840438], [16.36967044, 48.19839503], [16.36980209, 48.19835739], [16.3698052, 48.1983565], [16.36982607, 48.19838915], [16.36982739, 48.19839122], [16.36983469, 48.19840263], [16.3698289, 48.19840434]]]}, "properties": {"id": 24251243, "bauperiode": "1781-1848"}}, {"type": "Feature", "geometry": {"type": "Polygon", "coordinates": [[[16.37007357, 48.19834432], [16.37003448, 48.19835539], [16.36987387, 48.19808818], [16.36994559, 48.19807857], [16.37003813, 48.19806376], [16.37006519, 48.19810871], [16.37007556, 48.19812593], [16.37007765, 48.1981294], [16.37009729, 48.19816201], [16.37010017, 48.19816678], [16.37011941, 48.19819872], [16.37012064, 48.19820076], [16.37015473, 48.19825737], [16.37017225, 48.19828646], [16.37018765, 48.19831202], [16.37007357, 48.19834432]]]}, "properties": {"id": 24252611, "bauperiode": "1781-1848"}}, {"type": "Feature", "geometry": {"type": "Polygon", "coordinates": [[[16.37068382, 48.19847738], [16.37067334, 48.19850058], [16.37062774, 48.19849151], [16.3706401, 48.19846822], [16.3705839, 48.19840767], [16.3705806, 48.19840411], [16.3704939, 48.19831097], [16.37026999, 48.19840421], [16.37026774, 48.19840514], [16.37026719, 48.19840421], [16.37022833, 48.19833837], [16.37021501, 48.19834189], [16.37017861, 48.19828424], [16.37022279, 48.19826618], [16.37038908, 48.19819821], [16.37036221, 48.19816943], [16.37027779, 48.19819278], [16.37027548, 48.19818907], [16.37031254, 48.19817925], [16.37030241, 48.1981622], [16.37034459, 48.19815053], [16.37031118, 48.19811472], [16.37027907, 48.19812291], [16.3702706, 48.19810865], [16.37023117, 48.19811912], [16.37022741, 48.19811254], [16.37029345, 48.1980957], [16.37023181, 48.19802965], [16.37005763, 48.19805758], [16.37005803, 48.19805731], [16.37005964, 48.19805596], [16.37006112, 48.19805443], [16.37006233, 48.1980529], [16.37006327, 48.19805128], [16.37006394, 48.19804957], [16.37006448, 48.19804787], [16.37006475, 48.19804607], [16.37006461, 48.19804436], [16.37006434, 48.19804256], [16.3700638, 48.19804085], [16.370063, 48.19803923], [16.37006192, 48.19803761], [16.37006071, 48.19803609], [16.37005909, 48.19803465], [16.37005748, 48.1980333], [16.37005559, 48.19803204], [16.37005344, 48.19803096], [16.37005129, 48.19803006], [16.37004886, 48.19802925], [16.37004644, 48.19802863], [16.37004389, 48.19802818], [16.37004133, 48.19802782], [16.37003864, 48.19802773], [16.37003608, 48.19802773], [16.37003339, 48.198028], [16.36999694, 48.19796614], [16.3699812, 48.19793943], [16.36997616, 48.19793089], [16.36998177, 48.19792995], [16.3700209, 48.19792343], [16.37005665, 48.19791747], [16.37005565, 48.19791468], [16.37029843, 48.19787585], [16.37038669, 48.1979709], [16.37038075, 48.19797336], [16.37050318, 48.19810484], [16.37050533, 48.19810403], [16.37050654, 48.19810502], [16.37050762, 48.19810484], [16.37051637, 48.19811401], [16.37051529, 48.19811473], [16.37053158, 48.19813217], [16.37053293, 48.19813172], [16.37054168, 48.19814116], [16.37054047, 48.19814179], [16.37055676, 48.19815933], [16.37055797, 48.19815888], [16.37056685, 48.19816823], [16.37056551, 48.19816868], [16.37058179, 48.19818621], [16.37058314, 48.19818585], [16.37059189, 48.1981952], [16.37059095, 48.19819565], [16.37060697, 48.19821318], [16.37060818, 48.19821273], [16.37061706, 48.19822244], [16.37061626, 48.19822289], [16.37061706, 48.19822388], [16.37061478, 48.19822478], [16.3707366, 48.19835577], [16.37074387, 48.19835307], [16.37083392, 48.19844981], [16.37082626, 48.19845296], [16.37071262, 48.19849086], [16.37070413, 48.19847953], [16.37068382, 48.19847738]]]}, "properties": {"id": 24252615, "bauperiode": "1781-1848"}}, {"type": "Feature", "geometry": {"type": "Polygon", "coordinates": [[[16.3702178, 48.19834631], [16.37009475, 48.19837873], [16.37007357, 48.19834432], [16.37018765, 48.19831202], [16.37017225, 48.19828646], [16.37017861, 48.19828424], [16.37021501, 48.19834189], [16.3702178, 48.19834631]]]}, "properties": {"id": 24254250, "bauperiode": "1781-1848"}}, {"type": "Feature", "geometry": {"type": "Polygon", "coordinates": [[[16.37027548, 48.19818907], [16.3702456, 48.198197], [16.37020369, 48.19812641], [16.37023117, 48.19811912], [16.3702706, 48.19810865], [16.37027907, 48.19812291], [16.37030241, 48.1981622], [16.37031254, 48.19817925], [16.37027548, 48.19818907]]]}, "properties": {"id": 24252601, "bauperiode": "1781-1848"}}, {"type": "Feature", "geometry": {"type": "Polygon", "coordinates": [[[16.370453, 48.1987048], [16.37027789, 48.19875152], [16.37014646, 48.19853554], [16.37031175, 48.1984899], [16.370453, 48.1987048]]]}, "properties": {"id": 24251064, "bauperiode": "1781-1848"}}, {"type": "Feature", "geometry": {"type": "Polygon", "coordinates": [[[16.37056336, 48.19881623], [16.37055397, 48.1988188], [16.37055235, 48.1988161], [16.37054805, 48.19881727], [16.37054643, 48.19881467], [16.3704721, 48.19869966], [16.37053209, 48.19868364], [16.37060445, 48.19866428], [16.37071038, 48.1987728], [16.37071187, 48.19877541], [16.3706507, 48.19879222], [16.37064957, 48.19878917], [16.37061851, 48.19879757], [16.37062034, 48.19880057], [16.37056648, 48.19881538], [16.37056336, 48.19881623]]]}, "properties": {"id": 24251050, "bauperiode": "1781-1848"}}, {"type": "Feature", "geometry": {"type": "Polygon", "coordinates": [[[16.37071442, 48.19877136], [16.37071038, 48.1987728], [16.37060445, 48.19866428], [16.37053209, 48.19868364], [16.3705306, 48.19868031], [16.370503, 48.19863185], [16.37050823, 48.19860909], [16.37049006, 48.19860586], [16.37051718, 48.19852491], [16.37053723, 48.19852778], [16.37054394, 48.19850863], [16.37055739, 48.19850335], [16.3706011, 48.19848622], [16.37062774, 48.19849151], [16.37067334, 48.19850058], [16.37068382, 48.19847738], [16.37070413, 48.19847953], [16.37071262, 48.19849086], [16.37082626, 48.19845296], [16.37083016, 48.19845719], [16.37081483, 48.19846367], [16.37078717, 48.19853895], [16.37079, 48.1985394], [16.37078892, 48.19854273], [16.37080614, 48.19854542], [16.37078618, 48.19860036], [16.37077838, 48.19862184], [16.37075915, 48.19867476], [16.37074031, 48.19867152], [16.37073965, 48.19867728], [16.37073642, 48.19867692], [16.37070916, 48.1987522], [16.37071791, 48.19876299], [16.37071051, 48.19876542], [16.37071442, 48.19877136]]]}, "properties": {"id": 24251060, "bauperiode": "1781-1848"}}, {"type": "Feature", "geometry": {"type": "Polygon", "coordinates": [[[16.36922806, 48.19805692], [16.36911292, 48.19807399], [16.36911076, 48.19806712], [16.36909594, 48.19802467], [16.36910643, 48.19802332], [16.36910576, 48.19802152], [16.36929967, 48.1979926], [16.36933385, 48.1979875], [16.36943556, 48.19797233], [16.36960773, 48.19794736], [16.36990926, 48.19790131], [16.36993558, 48.19789729], [16.36994816, 48.19789537], [16.36994843, 48.19789672], [16.36995919, 48.19789501], [16.36997616, 48.19793089], [16.3699812, 48.19793943], [16.36922617, 48.19805144], [16.36922806, 48.19805692]]]}, "properties": {"id": 24250374, "bauperiode": "1781-1848"}}, {"type": "Feature", "geometry": {"type": "MultiPolygon", "coordinates": [[[[16.3717889, 48.2070363], [16.37177125, 48.2070382], [16.37177152, 48.20703676], [16.37173132, 48.20701625], [16.37172943, 48.20701661], [16.37172679, 48.20700471], [16.37172816, 48.20700457], [16.37172464, 48.20698735], [16.371723, 48.20698741], [16.37172059, 48.20697549], [16.37172182, 48.20697534], [16.37171539, 48.20693845], [16.37171379, 48.20693859], [16.3717059, 48.20689882], [16.37170937, 48.20689831], [16.37179482, 48.20688644], [16.37180377, 48.2069259], [16.3719749, 48.20690858], [16.37197247, 48.20689788], [16.3719804, 48.20689707], [16.37196935, 48.20686226], [16.37200123, 48.20685785], [16.37207657, 48.20684704], [16.37208723, 48.2068992], [16.37205293, 48.20690415], [16.37206224, 48.20694957], [16.37213513, 48.20694289], [16.37215701, 48.20699977], [16.3721508, 48.20700035], [16.37211634, 48.20700413], [16.37211653, 48.20700577], [16.37209865, 48.20700716], [16.37209921, 48.20700618], [16.37209901, 48.20700564], [16.37209801, 48.20700557], [16.37209793, 48.2070052], [16.37209719, 48.20700176], [16.37209645, 48.2069983], [16.3720743, 48.2069938], [16.37204914, 48.2069996], [16.37205036, 48.20700601], [16.37205104, 48.20700963], [16.37205109, 48.20700989], [16.37205001, 48.20701003], [16.37205011, 48.2070108], [16.3720502, 48.20701134], [16.37203306, 48.20701359], [16.37203287, 48.2070127], [16.37200678, 48.20701536], [16.37200692, 48.20701617], [16.37198891, 48.20701793], [16.37198873, 48.20701683], [16.37194147, 48.20702124], [16.37194169, 48.20702238], [16.3719239, 48.20702388], [16.37192363, 48.20702293], [16.37189745, 48.20702538], [16.37189767, 48.20702624], [16.37187988, 48.20702805], [16.37187968, 48.20702688], [16.37183208, 48.20703157], [16.37183223, 48.20703256], [16.37181415, 48.20703422], [16.37181395, 48.20703342], [16.37178875, 48.20703554], [16.3717889, 48.2070363]], [[16.37198945, 48.20686336], [16.37199514, 48.2068931], [16.37208364, 48.20688553], [16.37207794, 48.20685579], [16.37198945, 48.20686336]]]]}, "properties": {"id": 24715899, "bauperiode": "1884-1918"}}, {"type": "Feature", "geometry": {"type": "Polygon", "coordinates": [[[16.3719749, 48.20690858], [16.37180377, 48.2069259], [16.37179482, 48.20688644], [16.37190397, 48.20687128], [16.37196935, 48.20686226], [16.3719804, 48.20689707], [16.37197247, 48.20689788], [16.3719749, 48.20690858]]]}, "properties": {"id": 24711818, "bauperiode": "1884-1918"}}, {"type": "Feature", "geometry": {"type": "Polygon", "coordinates": [[[16.38425157, 48.19968263], [16.38424465, 48.19975449], [16.38419143, 48.19975139], [16.38417403, 48.19975038], [16.38417431, 48.19974813], [16.3841771, 48.1997261], [16.38418324, 48.1996787], [16.38425157, 48.19968263]]]}, "properties": {"id": 24518147, "bauperiode": "1884-1918"}}, {"type": "Feature", "geometry": {"type": "Polygon", "coordinates": [[[16.38407497, 48.19955788], [16.38405107, 48.19974315], [16.38396419, 48.19973813], [16.38397068, 48.19968827], [16.383975, 48.1996551], [16.38397692, 48.19964036], [16.3839792, 48.19962284], [16.38398106, 48.19960858], [16.38398565, 48.19957328], [16.38399189, 48.19952533], [16.38399244, 48.19952536], [16.38407853, 48.19953027], [16.38407497, 48.19955788]]]}, "properties": {"id": 24518153, "bauperiode": "1884-1918"}}, {"type": "Feature", "geometry": {"type": "Polygon", "coordinates": [[[16.38411117, 48.19971138], [16.38410663, 48.19974645], [16.38405107, 48.19974315], [16.38407497, 48.19955788], [16.38412838, 48.19956091], [16.38412918, 48.199553], [16.38418609, 48.19955549], [16.384199, 48.19955603], [16.38419272, 48.19960522], [16.38418912, 48.19963364], [16.38415293, 48.19963159], [16.38415346, 48.199627], [16.38413974, 48.1996262], [16.38410799, 48.19962441], [16.38410265, 48.19966632], [16.38413117, 48.1996682], [16.38414973, 48.19965641], [16.38415079, 48.1996476], [16.38418698, 48.19964965], [16.38418324, 48.1996787], [16.3841771, 48.1997261], [16.38414804, 48.1997244], [16.38414938, 48.19971361], [16.38411117, 48.19971138]]]}, "properties": {"id": 24518151, "bauperiode": "1884-1918"}}, {"type": "Feature", "geometry": {"type": "Polygon", "coordinates": [[[16.37127903, 48.19390728], [16.37125014, 48.19396558], [16.37118535, 48.19395123], [16.37120713, 48.1939073], [16.37122128, 48.19387875], [16.3712861, 48.19389311], [16.37127903, 48.19390728]]]}, "properties": {"id": 24144807, "bauperiode": "Vor 1683"}}, {"type": "Feature", "geometry": {"type": "Polygon", "coordinates": [[[16.3706149, 48.19419383], [16.37051473, 48.19437632], [16.370429, 48.19435491], [16.37054749, 48.19414096], [16.37064207, 48.19416458], [16.37063088, 48.19418461], [16.37062982, 48.19418474], [16.37062767, 48.19418528], [16.37062552, 48.19418591], [16.3706235, 48.19418663], [16.37062162, 48.19418762], [16.37061987, 48.19418861], [16.37061839, 48.19418978], [16.37061705, 48.19419104], [16.37061584, 48.19419239], [16.3706149, 48.19419383]]]}, "properties": {"id": 24146009, "bauperiode": "Vor 1683"}}, {"type": "Feature", "geometry": {"type": "Polygon", "coordinates": [[[16.37045275, 48.19452223], [16.37044847, 48.19453104], [16.37043138, 48.19452735], [16.37016932, 48.19447041], [16.37028612, 48.19425959], [16.37039359, 48.19406562], [16.37040294, 48.19404875], [16.37040349, 48.19404775], [16.37057569, 48.19409006], [16.37055755, 48.1941228], [16.37054749, 48.19414096], [16.370429, 48.19435491], [16.37040332, 48.19440128], [16.37038424, 48.19443555], [16.37043308, 48.19444614], [16.37048433, 48.19445728], [16.37047854, 48.19446918], [16.37047708, 48.19447219], [16.37047561, 48.19447521], [16.37047414, 48.19447823], [16.37047267, 48.19448125], [16.3704712, 48.19448427], [16.37046974, 48.19448729], [16.37046827, 48.19449031], [16.3704668, 48.19449332], [16.37046533, 48.19449634], [16.37046387, 48.19449936], [16.3704624, 48.19450238], [16.37046094, 48.19450539], [16.37045379, 48.19452009], [16.37045275, 48.19452223]]]}, "properties": {"id": 24167580, "bauperiode": "Vor 1683"}}, {"type": "Feature", "geometry": {"type": "Polygon", "coordinates": [[[16.37175474, 48.19345936], [16.37169632, 48.19357764], [16.37164183, 48.19356561], [16.37170026, 48.19344733], [16.37175474, 48.19345936]]]}, "properties": {"id": 24144222, "bauperiode": "Vor 1683"}}, {"type": "Feature", "geometry": {"type": "Polygon", "coordinates": [[[16.37146415, 48.19392144], [16.37141993, 48.19401003], [16.371364, 48.19399756], [16.37126225, 48.19397486], [16.3712472, 48.1939715], [16.37125014, 48.19396558], [16.37127903, 48.19390728], [16.3712861, 48.19389311], [16.37128639, 48.19389252], [16.37128747, 48.19389036], [16.3714223, 48.19361983], [16.37144339, 48.19357752], [16.37145929, 48.19354561], [16.37163149, 48.19358429], [16.37163203, 48.19358441], [16.37159041, 48.193668], [16.37158935, 48.19367013], [16.37158166, 48.1936856], [16.37158058, 48.19368776], [16.37147124, 48.19390722], [16.37146415, 48.19392144]]]}, "properties": {"id": 24144693, "bauperiode": "Vor 1683"}}, {"type": "Feature", "geometry": {"type": "Polygon", "coordinates": [[[16.37133637, 48.19210304], [16.37133336, 48.1921141], [16.37118015, 48.19209508], [16.37118511, 48.1920771], [16.3711839, 48.19207683], [16.37120617, 48.19199507], [16.37120039, 48.1919939], [16.37124117, 48.19184406], [16.37124736, 48.19184451], [16.37127057, 48.19175952], [16.37127165, 48.19175961], [16.37127943, 48.19173002], [16.3712834, 48.1917305], [16.37143291, 48.19174868], [16.37142947, 48.19176129], [16.37142886, 48.1917635], [16.37140218, 48.19186128], [16.37141659, 48.19187522], [16.37138023, 48.19200905], [16.37136624, 48.19201562], [16.37135925, 48.19201904], [16.37133637, 48.19210304]]]}, "properties": {"id": 24144241, "bauperiode": "Vor 1683"}}, {"type": "Feature", "geometry": {"type": "Polygon", "coordinates": [[[16.3713513, 48.19228091], [16.37130734, 48.19242465], [16.37124869, 48.19241441], [16.37129888, 48.19225009], [16.37135847, 48.19225745], [16.3713513, 48.19228091]]]}, "properties": {"id": 24144239, "bauperiode": "Vor 1683"}}, {"type": "Feature", "geometry": {"type": "Polygon", "coordinates": [[[16.37168857, 48.19229872], [16.37161647, 48.19247869], [16.37154356, 48.19246594], [16.37154665, 48.1924583], [16.37154301, 48.19245758], [16.37153938, 48.19245677], [16.37153588, 48.19245578], [16.37153239, 48.19245462], [16.37152916, 48.19245327], [16.37152593, 48.19245183], [16.37152297, 48.1924503], [16.37152014, 48.1924485], [16.37151745, 48.19244671], [16.37151489, 48.19244473], [16.37151261, 48.19244275], [16.37151059, 48.19244059], [16.3715087, 48.19243835], [16.37150709, 48.19243601], [16.37150561, 48.19243367], [16.37150439, 48.19243124], [16.37150345, 48.19242872], [16.37150278, 48.19242621], [16.37150237, 48.19242369], [16.37150223, 48.19242108], [16.37150223, 48.19241856], [16.37150263, 48.19241595], [16.37150317, 48.19241344], [16.37150398, 48.19241092], [16.37150505, 48.19240849], [16.37150626, 48.19240606], [16.37153701, 48.19232943], [16.37153862, 48.192327], [16.37154037, 48.19232466], [16.37154252, 48.19232241], [16.3715448, 48.19232016], [16.37154722, 48.19231809], [16.37154991, 48.19231621], [16.37155273, 48.19231432], [16.37155569, 48.19231261], [16.37155892, 48.19231108], [16.37156228, 48.19230964], [16.3715627, 48.19230947], [16.37156578, 48.19230829], [16.37156927, 48.19230721], [16.37157304, 48.19230622], [16.3715768, 48.1923054], [16.37158057, 48.19230468], [16.37158447, 48.19230423], [16.37158837, 48.19230396], [16.37159241, 48.19230378], [16.37159631, 48.19230378], [16.37160034, 48.19230405], [16.37160424, 48.19230441], [16.37160814, 48.19230495], [16.37161432, 48.19228948], [16.37168857, 48.19229872]]]}, "properties": {"id": 24144238, "bauperiode": "Vor 1683"}}, {"type": "Feature", "geometry": {"type": "Polygon", "coordinates": [[[16.37172529, 48.19230329], [16.37165037, 48.19248462], [16.37161647, 48.19247869], [16.37168857, 48.19229872], [16.37172529, 48.19230329]]]}, "properties": {"id": 24144237, "bauperiode": "Vor 1683"}}, {"type": "Feature", "geometry": {"type": "Polygon", "coordinates": [[[16.37164183, 48.19356561], [16.37163256, 48.1935845], [16.37163203, 48.19358441], [16.37163149, 48.19358429], [16.37145929, 48.19354561], [16.37089052, 48.1934179], [16.37094704, 48.19327048], [16.37095686, 48.19327273], [16.37096089, 48.19326391], [16.37129384, 48.19333684], [16.37140227, 48.19336064], [16.3717098, 48.19342799], [16.37170026, 48.19344733], [16.37164183, 48.19356561]]]}, "properties": {"id": 24144221, "bauperiode": "Vor 1683"}}, {"type": "Feature", "geometry": {"type": "Polygon", "coordinates": [[[16.3716113, 48.19124184], [16.3715823, 48.19129924], [16.37148847, 48.19127804], [16.37148531, 48.19127733], [16.37151593, 48.19121787], [16.37161238, 48.19123969], [16.3716113, 48.19124184]]]}, "properties": {"id": 24144266, "bauperiode": "Vor 1683"}}, {"type": "Feature", "geometry": {"type": "MultiPolygon", "coordinates": [[[[16.3704159, 48.19470551], [16.37035369, 48.19480617], [16.37022776, 48.19477169], [16.37020593, 48.19476571], [16.37007843, 48.1947308], [16.3700834, 48.19472396], [16.37008852, 48.19472531], [16.37010639, 48.19469508], [16.37006007, 48.1946818], [16.37004531, 48.19467756], [16.37005166, 48.19466698], [16.3700571, 48.19465792], [16.37010052, 48.19458559], [16.37012317, 48.19454752], [16.3701381, 48.19452258], [16.37016932, 48.19447041], [16.37043138, 48.19452735], [16.37036676, 48.19463529], [16.37025953, 48.19460565], [16.3702379, 48.19464046], [16.37022431, 48.19463668], [16.3702055, 48.19466807], [16.37025649, 48.19468218], [16.37027584, 48.19465097], [16.37042423, 48.19469202], [16.3704159, 48.19470551]], [[16.37027692, 48.19453415], [16.3702968, 48.19453878], [16.37030154, 48.19452967], [16.37028166, 48.19452504], [16.37027692, 48.19453415]]]]}, "properties": {"id": 24145523, "bauperiode": "1884-1918"}}, {"type": "Feature", "geometry": {"type": "Polygon", "coordinates": [[[16.35059509, 48.19889771], [16.35055939, 48.19894572], [16.35053114, 48.19893628], [16.35040898, 48.19889555], [16.35042486, 48.19886937], [16.35045187, 48.19883134], [16.3505468, 48.19886148], [16.35053524, 48.19887775], [16.35059509, 48.19889771]]]}, "properties": {"id": 23531969, "bauperiode": "1884-1918"}}, {"type": "Feature", "geometry": {"type": "MultiPolygon", "coordinates": [[[[16.35007438, 48.19877819], [16.35006692, 48.1987904], [16.34992263, 48.19874433], [16.34992198, 48.19874412], [16.34992399, 48.19874138], [16.34992749, 48.19874174], [16.34992814, 48.19874069], [16.34992884, 48.19873958], [16.34992921, 48.19873897], [16.34992944, 48.1987386], [16.34993845, 48.19872395], [16.35000655, 48.19861321], [16.35012898, 48.19865565], [16.35014606, 48.19866158], [16.35011016, 48.19871995], [16.35012954, 48.19872525], [16.35013855, 48.19872768], [16.3501407, 48.19872885], [16.35014272, 48.19873011], [16.3501446, 48.19873155], [16.35014622, 48.19873299], [16.3501477, 48.19873461], [16.35014891, 48.19873631], [16.35014985, 48.19873802], [16.35015052, 48.19873982], [16.35015093, 48.19874162], [16.3501512, 48.19874351], [16.3501512, 48.19874531], [16.3501508, 48.1987472], [16.35015066, 48.19874774], [16.35014973, 48.19875013], [16.35014959, 48.19875051], [16.35014945, 48.19875079], [16.35014838, 48.1987525], [16.35014717, 48.19875412], [16.35014555, 48.19875574], [16.35014394, 48.19875718], [16.35014192, 48.19875853], [16.3501399, 48.1987597], [16.35013762, 48.19876078], [16.3501352, 48.19876177], [16.35013264, 48.19876249], [16.35013008, 48.19876312], [16.35012739, 48.19876357], [16.35012457, 48.19876393], [16.35012188, 48.19876402], [16.35011905, 48.19876393], [16.35011636, 48.19876375], [16.35008798, 48.19875593], [16.35007438, 48.19877819]], [[16.3500347, 48.19873435], [16.35006928, 48.19874595], [16.35008985, 48.19871842], [16.35005528, 48.19870683], [16.3500347, 48.19873435]]]]}, "properties": {"id": 23530549, "bauperiode": "1884-1918"}}, {"type": "Feature", "geometry": {"type": "Polygon", "coordinates": [[[16.35041668, 48.19887031], [16.35041461, 48.19887033], [16.35041254, 48.19887027], [16.35041047, 48.19887013], [16.35040842, 48.1988699], [16.35040639, 48.19886959], [16.3504044, 48.1988692], [16.35040245, 48.19886873], [16.35040054, 48.19886818], [16.35039868, 48.19886755], [16.35039696, 48.19886687], [16.3503953, 48.19886614], [16.3503937, 48.19886534], [16.35039218, 48.19886447], [16.35039074, 48.19886356], [16.35038938, 48.19886259], [16.35038811, 48.19886156], [16.35038692, 48.19886048], [16.35038583, 48.19885937], [16.35038485, 48.19885821], [16.35038396, 48.19885701], [16.35038318, 48.19885579], [16.35038252, 48.19885453], [16.35038196, 48.19885325], [16.35037904, 48.19885739], [16.35030689, 48.19883466], [16.35028808, 48.19886101], [16.35014892, 48.19881658], [16.35009454, 48.19879922], [16.35009582, 48.19879713], [16.35010204, 48.19878702], [16.35011636, 48.19876375], [16.35011905, 48.19876393], [16.35012188, 48.19876402], [16.35012457, 48.19876393], [16.35012739, 48.19876357], [16.35013008, 48.19876312], [16.35013264, 48.19876249], [16.3501352, 48.19876177], [16.35013762, 48.19876078], [16.3501399, 48.1987597], [16.35014192, 48.19875853], [16.35014394, 48.19875718], [16.35014555, 48.19875574], [16.35014717, 48.19875412], [16.35014838, 48.1987525], [16.35014945, 48.19875079], [16.35014959, 48.19875051], [16.3502264, 48.198773], [16.35027581, 48.19870935], [16.35028762, 48.19871351], [16.35035754, 48.1987382], [16.350383, 48.19874719], [16.35040639, 48.19875545], [16.35040499, 48.19875749], [16.35038468, 48.19878711], [16.35040641, 48.19879395], [16.35041479, 48.19878239], [16.35045426, 48.19879444], [16.35043242, 48.19882517], [16.35045187, 48.19883134], [16.35042486, 48.19886937], [16.35042286, 48.19886973], [16.35042081, 48.19887001], [16.35041875, 48.1988702], [16.35041668, 48.19887031]]]}, "properties": {"id": 23530553, "bauperiode": "1884-1918"}}, {"type": "Feature", "geometry": {"type": "Polygon", "coordinates": [[[16.35057673, 48.19881933], [16.3505468, 48.19886148], [16.35045187, 48.19883134], [16.35043242, 48.19882517], [16.35045426, 48.19879444], [16.3504676, 48.19879851], [16.3504771, 48.19878279], [16.35047836, 48.1987807], [16.35057818, 48.19881729], [16.35057673, 48.19881933]]]}, "properties": {"id": 23531798, "bauperiode": "1884-1918"}}, {"type": "Feature", "geometry": {"type": "Polygon", "coordinates": [[[16.34133671, 48.20165847], [16.34127022, 48.20166076], [16.34127064, 48.20165131], [16.34127102, 48.20164071], [16.34133817, 48.20163674], [16.34133676, 48.2015472], [16.34138545, 48.20154726], [16.34138549, 48.20153185], [16.34142119, 48.20153189], [16.3414211, 48.20156433], [16.34139566, 48.2015648], [16.34139553, 48.20161012], [16.34139544, 48.20163973], [16.34133667, 48.20164241], [16.34133671, 48.20165847]]]}, "properties": {"id": 23512438, "bauperiode": "1884-1918"}}, {"type": "Feature", "geometry": {"type": "Polygon", "coordinates": [[[16.3415475, 48.20169707], [16.3415475, 48.20170283], [16.34126834, 48.20170284], [16.34127022, 48.20166076], [16.34133671, 48.20165847], [16.34133667, 48.20164241], [16.34139544, 48.20163973], [16.34139553, 48.20161012], [16.34142221, 48.20160965], [16.34142276, 48.20163906], [16.34147389, 48.20163865], [16.34147399, 48.20163904], [16.34147419, 48.20165886], [16.34154805, 48.20165825], [16.3415479, 48.20167243], [16.3415475, 48.20169707]]]}, "properties": {"id": 23512286, "bauperiode": "1884-1918"}}, {"type": "Feature", "geometry": {"type": "MultiPolygon", "coordinates": [[[[16.34155311, 48.20125605], [16.34155271, 48.20129174], [16.34154237, 48.20129167], [16.34151293, 48.20129151], [16.34138065, 48.20129077], [16.34128661, 48.20129023], [16.3412889, 48.20123978], [16.34128893, 48.20123852], [16.34129015, 48.20121186], [16.34129507, 48.20110227], [16.3414265, 48.20110227], [16.34142656, 48.20110452], [16.34142704, 48.20112466], [16.3414191, 48.20112763], [16.34141413, 48.20112943], [16.34138816, 48.20112871], [16.34138763, 48.20116252], [16.34142099, 48.20116243], [16.34150347, 48.20116226], [16.34150964, 48.20116225], [16.34155094, 48.20116216], [16.34155431, 48.20116216], [16.34155311, 48.20125605]], [[16.34150468, 48.20120354], [16.34150485, 48.20121843], [16.34153676, 48.20121822], [16.34153659, 48.20120334], [16.34150468, 48.20120354]], [[16.34150656, 48.20122438], [16.34150692, 48.2012355], [16.34153582, 48.20123506], [16.34153545, 48.20122395], [16.34150656, 48.20122438]]]]}, "properties": {"id": 23516410, "bauperiode": "1884-1918"}}, {"type": "Feature", "geometry": {"type": "Polygon", "coordinates": [[[16.34137797, 48.2014093], [16.34128138, 48.20141038], [16.341285, 48.20132827], [16.34128661, 48.20129023], [16.34138065, 48.20129077], [16.34137797, 48.2014093]]]}, "properties": {"id": 23509127, "bauperiode": "1884-1918"}}, {"type": "Feature", "geometry": {"type": "Polygon", "coordinates": [[[16.34154964, 48.20153223], [16.34146772, 48.20153411], [16.34146701, 48.20150796], [16.34141433, 48.20150776], [16.34141357, 48.20149358], [16.34138679, 48.20149421], [16.34138748, 48.20150728], [16.34127683, 48.20151018], [16.3412795, 48.20145004], [16.34128138, 48.20141038], [16.34137797, 48.2014093], [16.3415149, 48.20140777], [16.34154389, 48.20140745], [16.34155124, 48.20140737], [16.34155111, 48.2014181], [16.3415572, 48.2015321], [16.34154964, 48.20153223]]]}, "properties": {"id": 23509078, "bauperiode": "1884-1918"}}, {"type": "Feature", "geometry": {"type": "Polygon", "coordinates": [[[16.34143316, 48.20176417], [16.34126554, 48.20176543], [16.34126834, 48.20170284], [16.3415475, 48.20170283], [16.34154762, 48.20176289], [16.3415476, 48.20176341], [16.34153675, 48.20176334], [16.34150607, 48.20176356], [16.34149814, 48.20176363], [16.34143316, 48.20176417]]]}, "properties": {"id": 23508997, "bauperiode": "1884-1918"}}, {"type": "Feature", "geometry": {"type": "Polygon", "coordinates": [[[16.34147389, 48.20163865], [16.34142276, 48.20163906], [16.34142221, 48.20160965], [16.34143788, 48.20160937], [16.34144142, 48.20160909], [16.34144489, 48.20160856], [16.34144827, 48.20160779], [16.3414515, 48.20160678], [16.34145456, 48.20160556], [16.34145741, 48.20160413], [16.34146002, 48.20160251], [16.34146236, 48.20160071], [16.3414644, 48.20159876], [16.34146613, 48.20159667], [16.34146752, 48.20159448], [16.34146856, 48.2015922], [16.34146923, 48.20158986], [16.34146954, 48.20158748], [16.34146946, 48.2015851], [16.34146904, 48.20158283], [16.34146829, 48.2015806], [16.34146719, 48.20157844], [16.34146578, 48.20157636], [16.34146406, 48.20157438], [16.34146206, 48.20157253], [16.34145978, 48.20157082], [16.34145726, 48.20156928], [16.34145452, 48.20156791], [16.34145158, 48.20156674], [16.34144849, 48.20156576], [16.34144526, 48.20156501], [16.34144194, 48.20156447], [16.34143855, 48.20156416], [16.34143513, 48.20156408], [16.3414211, 48.20156433], [16.34142119, 48.20153189], [16.34138549, 48.20153185], [16.34138545, 48.20154726], [16.34133676, 48.2015472], [16.34133655, 48.20153386], [16.34127588, 48.20153431], [16.34127614, 48.20152567], [16.34127683, 48.20151018], [16.34138748, 48.20150728], [16.34138802, 48.20151742], [16.3414148, 48.20151679], [16.34141433, 48.20150776], [16.34146701, 48.20150796], [16.34146772, 48.20153411], [16.34147211, 48.20160739], [16.34147389, 48.20163865]]]}, "properties": {"id": 23512285, "bauperiode": "1884-1918"}}, {"type": "Feature", "geometry": {"type": "Polygon", "coordinates": [[[16.37279514, 48.20758354], [16.37278377, 48.20758731], [16.37272135, 48.20750406], [16.37275924, 48.20749142], [16.37276535, 48.20748938], [16.37274458, 48.20743948], [16.37273447, 48.20741511], [16.37274268, 48.20741358], [16.3727358, 48.20739668], [16.37272327, 48.20736646], [16.37270889, 48.20736911], [16.37268246, 48.20730523], [16.37263165, 48.20718294], [16.37258152, 48.20706218], [16.37259844, 48.20706024], [16.37264282, 48.20705515], [16.37264496, 48.20705491], [16.37268763, 48.20705002], [16.37270238, 48.20704833], [16.37270742, 48.20706046], [16.37272159, 48.20709455], [16.37272425, 48.20710095], [16.3727385, 48.20713523], [16.3727405, 48.20714006], [16.37274122, 48.20714191], [16.37275435, 48.2071758], [16.37275691, 48.20718182], [16.37283467, 48.20736913], [16.3728371, 48.20737497], [16.37283669, 48.20737506], [16.37283727, 48.20737537], [16.37285194, 48.20741074], [16.37285172, 48.20741114], [16.37285206, 48.20741103], [16.37285435, 48.20741642], [16.37286922, 48.20745229], [16.37286891, 48.20745293], [16.37286944, 48.20745284], [16.37287187, 48.20745869], [16.37287147, 48.20745878], [16.372872, 48.20745901], [16.37288683, 48.20749465], [16.37288912, 48.20750032], [16.37290361, 48.20753526], [16.37290341, 48.20753584], [16.37290381, 48.20753575], [16.37290799, 48.20754582], [16.37289884, 48.20754888], [16.37285014, 48.20756515], [16.37284314, 48.20756749], [16.37282145, 48.20757474], [16.37279514, 48.20758354]]]}, "properties": {"id": 24714363, "bauperiode": "1884-1918"}}, {"type": "Feature", "geometry": {"type": "Polygon", "coordinates": [[[16.37331574, 48.20740873], [16.37330848, 48.20741123], [16.37329711, 48.2073965], [16.37322816, 48.20730614], [16.37326381, 48.20729587], [16.37324832, 48.20727178], [16.373265, 48.207267], [16.37324601, 48.2072376], [16.37319691, 48.20725174], [16.37319382, 48.20725264], [16.37318573, 48.20724005], [16.37324358, 48.20722339], [16.37323617, 48.20721197], [16.37327006, 48.20720225], [16.37327747, 48.20721367], [16.37329267, 48.20720926], [16.37327516, 48.20718219], [16.37322607, 48.20719633], [16.37322216, 48.20719004], [16.37325363, 48.20717959], [16.37323688, 48.20715714], [16.37323532, 48.20715505], [16.37325644, 48.20714812], [16.37332073, 48.20712669], [16.37336017, 48.20711358], [16.37336324, 48.20711256], [16.37339516, 48.20716192], [16.37334095, 48.20717849], [16.37338958, 48.20725635], [16.37344553, 48.20724024], [16.37351119, 48.20734347], [16.37351143, 48.20734396], [16.37350416, 48.20734635], [16.37350371, 48.20734582], [16.37346138, 48.20735981], [16.37346162, 48.20736028], [16.37345549, 48.20736227], [16.37341302, 48.20737637], [16.37340712, 48.20737846], [16.37340662, 48.20737776], [16.37336446, 48.20739195], [16.37336431, 48.20739262], [16.3733586, 48.20739477], [16.37335799, 48.20739383], [16.37333585, 48.20740133], [16.37331615, 48.20740801], [16.37331574, 48.20740873]]]}, "properties": {"id": 24714357, "bauperiode": "1884-1918"}}, {"type": "Feature", "geometry": {"type": "Polygon", "coordinates": [[[16.37821262, 48.20950988], [16.3781299, 48.20955222], [16.37804708, 48.20947742], [16.37800435, 48.20949454], [16.37791554, 48.20953013], [16.37783706, 48.20944887], [16.37783813, 48.20944845], [16.37784483, 48.20944577], [16.3778438, 48.20944439], [16.37792557, 48.20941157], [16.37795847, 48.20939836], [16.37805139, 48.20936105], [16.37806435, 48.20935585], [16.37828209, 48.20926842], [16.37828371, 48.20926887], [16.37842617, 48.20939994], [16.37839497, 48.20941659], [16.37829036, 48.20947011], [16.37822866, 48.20941342], [16.37826054, 48.20939793], [16.37824142, 48.20938031], [16.37821842, 48.20938959], [16.3782067, 48.2093788], [16.37818128, 48.20939113], [16.37826715, 48.20948199], [16.37821262, 48.20950988]]]}, "properties": {"id": 24790973, "bauperiode": "1683-1740"}}, {"type": "Feature", "geometry": {"type": "Polygon", "coordinates": [[[16.37799883, 48.20961372], [16.37799598, 48.20961493], [16.37792508, 48.20954007], [16.37791554, 48.20953013], [16.37800435, 48.20949454], [16.37808335, 48.20957796], [16.37799883, 48.20961372]]]}, "properties": {"id": 24803945, "bauperiode": "1683-1740"}}, {"type": "Feature", "geometry": {"type": "Polygon", "coordinates": [[[16.37650624, 48.20953924], [16.37648154, 48.20955029], [16.37636532, 48.20943247], [16.37647726, 48.20938305], [16.3765051, 48.20937077], [16.37651313, 48.20936722], [16.37660949, 48.20945739], [16.37655247, 48.20948252], [16.37657746, 48.20950785], [16.37656965, 48.2095113], [16.37653167, 48.20952803], [16.37650624, 48.20953924]]]}, "properties": {"id": 24796407, "bauperiode": "1741-1780"}}, {"type": "Feature", "geometry": {"type": "Polygon", "coordinates": [[[16.37660116, 48.20958031], [16.37653815, 48.2096074], [16.3765066, 48.20957557], [16.37653148, 48.20956444], [16.37650624, 48.20953924], [16.37653167, 48.20952803], [16.37654694, 48.2095435], [16.37652585, 48.20955279], [16.3765453, 48.20957252], [16.37656638, 48.20956323], [16.37656752, 48.20956438], [16.37660549, 48.20954765], [16.37656965, 48.2095113], [16.37657746, 48.20950785], [16.37655247, 48.20948252], [16.37660949, 48.20945739], [16.37662842, 48.2094751], [16.37658504, 48.20949581], [16.37661813, 48.20952874], [16.37663167, 48.20954229], [16.37668636, 48.20951878], [16.37672537, 48.20955931], [16.37662322, 48.20960323], [16.37660116, 48.20958031]]]}, "properties": {"id": 24796408, "bauperiode": "1741-1780"}}, {"type": "Feature", "geometry": {"type": "Polygon", "coordinates": [[[16.37501361, 48.21143318], [16.37501317, 48.21143342], [16.37497587, 48.21140078], [16.37499873, 48.21138766], [16.37498188, 48.21134531], [16.37497811, 48.21134414], [16.37497448, 48.21134271], [16.37497098, 48.21134091], [16.37496745, 48.21133909], [16.37495482, 48.21132527], [16.37492092, 48.21133904], [16.37484377, 48.2112682], [16.37502522, 48.21119439], [16.37506667, 48.21120328], [16.37510856, 48.21129868], [16.37511456, 48.21131234], [16.37512787, 48.21134265], [16.37513785, 48.21137907], [16.37510202, 48.2113835], [16.37501518, 48.2114323], [16.37501361, 48.21143318]]]}, "properties": {"id": 24790523, "bauperiode": "1884-1918"}}, {"type": "Feature", "geometry": {"type": "MultiPolygon", "coordinates": [[[[16.36626888, 48.21184164], [16.36626066, 48.21184672], [16.36624965, 48.21183791], [16.36626251, 48.21183099], [16.36625115, 48.21182134], [16.36626222, 48.21181583], [16.36625103, 48.21180645], [16.36623564, 48.2117936], [16.36622435, 48.21178425], [16.36621415, 48.21179018], [16.36620315, 48.21178052], [16.36618969, 48.2117875], [16.36617896, 48.21177859], [16.36618589, 48.21177423], [16.3661917, 48.21177077], [16.36619007, 48.21176946], [16.36618686, 48.21177133], [16.3661649, 48.21175227], [16.36616788, 48.2117508], [16.36616657, 48.2117497], [16.36616026, 48.21175312], [16.36615482, 48.21174843], [16.36614968, 48.211744], [16.36615615, 48.21174069], [16.36615489, 48.21173961], [16.36615102, 48.21174153], [16.36612866, 48.21172316], [16.36613228, 48.21172116], [16.36613113, 48.21172012], [16.36612465, 48.21172378], [16.36611357, 48.21171435], [16.36612026, 48.21171106], [16.36611896, 48.21171], [16.36611533, 48.21171191], [16.36609389, 48.21169332], [16.36609681, 48.21169158], [16.36609565, 48.21169048], [16.3660889, 48.2116942], [16.36607803, 48.21168461], [16.36608481, 48.21168132], [16.3660838, 48.21168034], [16.36607998, 48.21168231], [16.3660584, 48.21166338], [16.36606137, 48.2116619], [16.36606011, 48.21166079], [16.36605375, 48.21166453], [16.36604248, 48.21165508], [16.36604947, 48.21165158], [16.36604822, 48.21165069], [16.36602596, 48.21163205], [16.36602485, 48.21163133], [16.36601821, 48.21163443], [16.36600874, 48.21163916], [16.36599736, 48.21162956], [16.36599934, 48.21162854], [16.36600001, 48.21162817], [16.36601218, 48.21162157], [16.36600124, 48.2116121], [16.36599805, 48.21161374], [16.36599685, 48.21161269], [16.36596121, 48.21158284], [16.3659604, 48.21158215], [16.36596348, 48.21158047], [16.36595218, 48.21157116], [16.36593918, 48.21157744], [16.36593823, 48.2115779], [16.36593631, 48.21157866], [16.36592447, 48.21156907], [16.36593402, 48.21156403], [16.36593232, 48.21156225], [16.36594355, 48.21155714], [16.36594292, 48.21155627], [16.36604663, 48.21150547], [16.36607839, 48.21148982], [16.36607998, 48.21148903], [16.36610365, 48.21147737], [16.36610791, 48.21147527], [16.36611145, 48.21147353], [16.36611498, 48.21147179], [16.36611874, 48.21146994], [16.36631684, 48.21137237], [16.36631765, 48.211373], [16.36632895, 48.21136751], [16.36635089, 48.21137866], [16.36635048, 48.21137893], [16.36661832, 48.21151494], [16.3666871, 48.21154987], [16.36670453, 48.21155873], [16.36684094, 48.211628], [16.36676522, 48.21168549], [16.36673079, 48.21171167], [16.36671749, 48.21170385], [16.36674548, 48.21167768], [16.36667743, 48.21164518], [16.36665439, 48.21166672], [16.36665501, 48.21166708], [16.36657458, 48.21171375], [16.36657128, 48.21171077], [16.36653163, 48.21167485], [16.36645173, 48.21171759], [16.36637953, 48.2117563], [16.36635959, 48.21176699], [16.36639073, 48.211793], [16.36627449, 48.21184605], [16.36627385, 48.21184536], [16.366273, 48.21184581], [16.36626992, 48.21184269], [16.36626888, 48.21184164]], [[16.36653563, 48.21167273], [16.36655815, 48.21169202], [16.36660665, 48.21166466], [16.36659679, 48.21164915], [16.36657574, 48.21163131], [16.36658179, 48.21162807], [16.36654504, 48.21159786], [16.36648613, 48.21163034], [16.36653563, 48.21167273]], [[16.3664335, 48.21159816], [16.36632734, 48.2115132], [16.36622354, 48.21156966], [16.36632481, 48.21165458], [16.3664335, 48.21159816]]]]}, "properties": {"id": 25407545, "bauperiode": "1884-1918"}}, {"type": "Feature", "geometry": {"type": "Polygon", "coordinates": [[[16.36660665, 48.21166466], [16.36655815, 48.21169202], [16.36653563, 48.21167273], [16.36648613, 48.21163034], [16.36654504, 48.21159786], [16.36658179, 48.21162807], [16.36657574, 48.21163131], [16.36659679, 48.21164915], [16.36660665, 48.21166466]]]}, "properties": {"id": 25407015, "bauperiode": "1884-1918"}}, {"type": "Feature", "geometry": {"type": "Polygon", "coordinates": [[[16.3664335, 48.21159816], [16.36632481, 48.21165458], [16.36622354, 48.21156966], [16.36632734, 48.2115132], [16.3664335, 48.21159816]]]}, "properties": {"id": 25407013, "bauperiode": "1884-1918"}}, {"type": "Feature", "geometry": {"type": "Polygon", "coordinates": [[[16.36533594, 48.21429006], [16.36533134, 48.21429036], [16.36532673, 48.21429029], [16.36532215, 48.21428987], [16.36531768, 48.21428909], [16.36531338, 48.21428798], [16.3653093, 48.21428654], [16.36530549, 48.21428479], [16.36522769, 48.21424582], [16.3650798, 48.21417183], [16.36508371, 48.21417349], [16.3650878, 48.21417494], [16.36509208, 48.21417616], [16.36509647, 48.21417714], [16.36510098, 48.21417789], [16.36510555, 48.21417838], [16.36511018, 48.21417862], [16.36511443, 48.21417862], [16.36511867, 48.21417841], [16.36512287, 48.21417799], [16.36512702, 48.21417737], [16.36513107, 48.21417653], [16.36513503, 48.21417549], [16.36513885, 48.21417427], [16.36514254, 48.21417286], [16.36520291, 48.21415444], [16.36525426, 48.21418006], [16.36525466, 48.21418133], [16.36525546, 48.21418237], [16.3652566, 48.21418325], [16.36525803, 48.21418393], [16.36532694, 48.21421898], [16.36532865, 48.21421965], [16.36533053, 48.21422003], [16.3653334, 48.21422006], [16.36533628, 48.21421939], [16.36533789, 48.21421863], [16.36533919, 48.21421763], [16.36537536, 48.21418506], [16.36539609, 48.21419603], [16.36540057, 48.21419765], [16.36540434, 48.2141981], [16.36540688, 48.21419801], [16.36541057, 48.21419729], [16.3654128, 48.21419646], [16.36541641, 48.21419405], [16.3654308, 48.21418116], [16.36543241, 48.21417972], [16.36544592, 48.21416764], [16.36544744, 48.21416629], [16.36546101, 48.21415414], [16.36546267, 48.21415265], [16.36547693, 48.21413989], [16.36547841, 48.21413851], [16.36547988, 48.21413616], [16.36548029, 48.21413306], [16.36548025, 48.21413279], [16.36547935, 48.21413032], [16.36547819, 48.2141288], [16.36547477, 48.21412631], [16.3654535, 48.21411553], [16.36548901, 48.21408359], [16.3654913, 48.21408168], [16.3654917, 48.21408035], [16.3654917, 48.21408006], [16.36549046, 48.21407775], [16.3654886, 48.21407667], [16.3655385, 48.21403268], [16.36554052, 48.2140307], [16.36536852, 48.21394501], [16.36536793, 48.21394399], [16.36536593, 48.21394122], [16.3653636, 48.21393856], [16.36536093, 48.21393606], [16.36535797, 48.2139337], [16.36535473, 48.21393152], [16.36535123, 48.21392953], [16.36557619, 48.21404195], [16.36557992, 48.21404387], [16.36558329, 48.21404608], [16.36558624, 48.21404853], [16.36558873, 48.2140512], [16.36559073, 48.21405405], [16.3655922, 48.21405704], [16.36559314, 48.21406012], [16.36559352, 48.21406321], [16.36559336, 48.21406629], [16.36559267, 48.21406935], [16.36559144, 48.21407232], [16.36558971, 48.21407519], [16.36558748, 48.2140779], [16.3655848, 48.21408042], [16.36542911, 48.2142172], [16.36536251, 48.21427894], [16.36535967, 48.21428136], [16.36535645, 48.21428355], [16.36535286, 48.21428547], [16.36534895, 48.21428711], [16.3653448, 48.21428842], [16.36534044, 48.21428941], [16.36533594, 48.21429006]]]}, "properties": {"id": 23783286, "bauperiode": "1946-1976"}}, {"type": "Feature", "geometry": {"type": "Polygon", "coordinates": [[[16.36529011, 48.2140474], [16.36522865, 48.21410425], [16.36516889, 48.21407531], [16.36523035, 48.21401855], [16.36529011, 48.2140474]]]}, "properties": {"id": 23782132, "bauperiode": "1946-1976"}}, {"type": "Feature", "geometry": {"type": "MultiPolygon", "coordinates": [[[[16.36475057, 48.21400657], [16.36475359, 48.21400855], [16.36452998, 48.21389689], [16.36452639, 48.21389498], [16.36452314, 48.21389279], [16.36452031, 48.21389036], [16.36451792, 48.21388774], [16.36451601, 48.21388494], [16.36451459, 48.21388201], [16.3645137, 48.213879], [16.36451334, 48.21387592], [16.36451352, 48.21387283], [16.36451425, 48.21386978], [16.36451551, 48.2138668], [16.36451727, 48.21386395], [16.36451953, 48.21386125], [16.36452225, 48.21385875], [16.36455592, 48.2138287], [16.36470486, 48.21369544], [16.36474416, 48.21366025], [16.36474678, 48.21365792], [16.36474977, 48.21365581], [16.36475309, 48.21365393], [16.36475671, 48.21365231], [16.36476057, 48.21365097], [16.36476463, 48.21364992], [16.36476885, 48.21364919], [16.36477315, 48.21364876], [16.36477751, 48.21364866], [16.36478187, 48.2136489], [16.36478616, 48.21364945], [16.36479033, 48.21365032], [16.36479433, 48.21365149], [16.3647981, 48.21365296], [16.36480161, 48.2136547], [16.36502597, 48.21376686], [16.36502212, 48.21376525], [16.3650181, 48.21376386], [16.3650139, 48.2137627], [16.36500958, 48.21376178], [16.36500515, 48.21376112], [16.36500098, 48.21376072], [16.36499927, 48.21376066], [16.36482702, 48.21367421], [16.364825, 48.21367601], [16.36477618, 48.21372045], [16.36477404, 48.2137198], [16.36477172, 48.21371973], [16.36476948, 48.21372024], [16.3647677, 48.21372126], [16.36473058, 48.21375445], [16.36470905, 48.21374403], [16.36470438, 48.21374239], [16.36469963, 48.21374205], [16.36469529, 48.21374274], [16.36469297, 48.21374359], [16.36468927, 48.2137461], [16.3646747, 48.21375903], [16.36467315, 48.21376041], [16.3646595, 48.21377253], [16.36465784, 48.213774], [16.3646442, 48.21378612], [16.36464258, 48.21378756], [16.36462807, 48.21380043], [16.36462573, 48.21380362], [16.36462525, 48.21380664], [16.36462633, 48.21380973], [16.36462758, 48.21381131], [16.36463131, 48.21381383], [16.36465231, 48.21382399], [16.36461492, 48.21385745], [16.36461439, 48.2138585], [16.36461425, 48.21385997], [16.36461497, 48.21386173], [16.36461586, 48.21386267], [16.36468868, 48.21389916], [16.36469192, 48.21390033], [16.36469395, 48.21390042], [16.36474601, 48.2139264], [16.36473697, 48.21397015], [16.36473594, 48.21397287], [16.36473523, 48.21397563], [16.36473482, 48.21397842], [16.36473473, 48.21398122], [16.36473496, 48.21398402], [16.3647355, 48.2139868], [16.36473636, 48.21398954], [16.36473752, 48.21399224], [16.36473899, 48.21399488], [16.36474077, 48.21399744], [16.36474281, 48.2139999], [16.36474514, 48.21400226], [16.36474774, 48.21400448], [16.36475057, 48.21400657]], [[16.36465876, 48.21395901], [16.36468825, 48.213974], [16.36470603, 48.21395838], [16.36467654, 48.21394339], [16.36465876, 48.21395901]]]]}, "properties": {"id": 23783244, "bauperiode": "1946-1976"}}, {"type": "Feature", "geometry": {"type": "MultiPolygon", "coordinates": [[[[16.36533628, 48.21421939], [16.3653334, 48.21422006], [16.36533053, 48.21422003], [16.36532865, 48.21421965], [16.36532694, 48.21421898], [16.36525803, 48.21418393], [16.3652566, 48.21418325], [16.36525546, 48.21418237], [16.36525466, 48.21418133], [16.36525426, 48.21418006], [16.36525431, 48.21417902], [16.36525477, 48.21417788], [16.36525561, 48.21417687], [16.36525681, 48.21417601], [16.36529299, 48.21414393], [16.36527136, 48.21413355], [16.3652549, 48.21412565], [16.36518533, 48.21414566], [16.36476451, 48.21393564], [16.36476473, 48.21393477], [16.36476839, 48.21391963], [16.36477651, 48.21388601], [16.36475642, 48.21387598], [16.36473553, 48.21386555], [16.36469931, 48.21389808], [16.36469673, 48.21389984], [16.3646944, 48.21390039], [16.36469395, 48.21390042], [16.36469192, 48.21390033], [16.36468868, 48.21389916], [16.36461586, 48.21386267], [16.36461497, 48.21386173], [16.36461425, 48.21385997], [16.36461439, 48.2138585], [16.36461492, 48.21385745], [16.36465231, 48.21382399], [16.36473058, 48.21375445], [16.3647677, 48.21372126], [16.36476948, 48.21372024], [16.36477172, 48.21371973], [16.36477404, 48.2137198], [16.36477618, 48.21372045], [16.36477882, 48.21372176], [16.3647819, 48.21372329], [16.3647849, 48.21372478], [16.36478785, 48.21372624], [16.36479093, 48.21372777], [16.36479393, 48.21372926], [16.36479696, 48.21373077], [16.36479996, 48.21373226], [16.36480306, 48.21373379], [16.36480599, 48.21373525], [16.36480907, 48.21373678], [16.36481209, 48.21373828], [16.3648151, 48.21373977], [16.36481812, 48.21374127], [16.36482122, 48.21374281], [16.36482415, 48.21374427], [16.36482723, 48.2137458], [16.36483023, 48.21374729], [16.36483326, 48.21374879], [16.36483626, 48.21375028], [16.36483936, 48.21375182], [16.36484236, 48.21375331], [16.36484538, 48.21375481], [16.36484913, 48.21375667], [16.36485069, 48.21375812], [16.36485115, 48.21375901], [16.36485132, 48.21375985], [16.36485091, 48.21376162], [16.36484954, 48.21376315], [16.36481324, 48.21379576], [16.36483317, 48.21380571], [16.36485002, 48.21381414], [16.36489877, 48.21380017], [16.36491969, 48.21379417], [16.36492228, 48.21379343], [16.36492263, 48.21379333], [16.36534196, 48.21400289], [16.36534185, 48.21400343], [16.3653415, 48.21400523], [16.36533856, 48.21402036], [16.36533183, 48.21405494], [16.36535008, 48.21406404], [16.36537122, 48.21407458], [16.36540717, 48.21404269], [16.36540837, 48.21404116], [16.36541159, 48.21403974], [16.36541228, 48.21403964], [16.36541418, 48.21403962], [16.36541661, 48.21404029], [16.36541767, 48.21404071], [16.36541943, 48.2140416], [16.36542249, 48.21404316], [16.36542547, 48.21404467], [16.36542845, 48.21404618], [16.36543152, 48.21404773], [16.3654345, 48.21404925], [16.36543748, 48.21405076], [16.36544055, 48.21405231], [16.36544353, 48.21405382], [16.36544651, 48.21405533], [16.36544958, 48.21405689], [16.36545249, 48.21405836], [16.36545547, 48.21405987], [16.36545845, 48.21406139], [16.36546152, 48.21406294], [16.3654645, 48.21406445], [16.36546748, 48.21406596], [16.36547055, 48.21406752], [16.36547353, 48.21406903], [16.36547651, 48.21407054], [16.36547957, 48.21407209], [16.36548255, 48.2140736], [16.36548554, 48.21407511], [16.3654886, 48.21407667], [16.36549046, 48.21407775], [16.3654917, 48.21408006], [16.3654917, 48.21408035], [16.3654913, 48.21408168], [16.36548901, 48.21408359], [16.3654535, 48.21411553], [16.36537536, 48.21418506], [16.36533919, 48.21421763], [16.36533789, 48.21421863], [16.36533628, 48.21421939]], [[16.36516889, 48.21407531], [16.36522865, 48.21410425], [16.36529011, 48.2140474], [16.36523035, 48.21401855], [16.36516889, 48.21407531]], [[16.36481489, 48.21389526], [16.36487223, 48.21392394], [16.3649337, 48.21386906], [16.36487636, 48.21384039], [16.36481489, 48.21389526]], [[16.36499256, 48.21398416], [16.36504465, 48.21401095], [16.36507693, 48.21398288], [16.36502484, 48.2139561], [16.36499256, 48.21398416]]]]}, "properties": {"id": 23783888, "bauperiode": "1946-1976"}}, {"type": "Feature", "geometry": {"type": "Polygon", "coordinates": [[[16.36511867, 48.21417841], [16.36511443, 48.21417862], [16.36511018, 48.21417862], [16.36510555, 48.21417838], [16.36510098, 48.21417789], [16.36509647, 48.21417714], [16.36509208, 48.21417616], [16.3650878, 48.21417494], [16.36508371, 48.21417349], [16.3650798, 48.21417183], [16.36489902, 48.21408143], [16.36475691, 48.21401028], [16.36475359, 48.21400855], [16.36475057, 48.21400657], [16.36474774, 48.21400448], [16.36474514, 48.21400226], [16.36474281, 48.2139999], [16.36474077, 48.21399744], [16.36473899, 48.21399488], [16.36473752, 48.21399224], [16.36473636, 48.21398954], [16.3647355, 48.2139868], [16.36473496, 48.21398402], [16.36473473, 48.21398122], [16.36473482, 48.21397842], [16.36473523, 48.21397563], [16.36473594, 48.21397287], [16.36473697, 48.21397015], [16.36474601, 48.2139264], [16.36476451, 48.21393564], [16.36476431, 48.21393648], [16.36476066, 48.21395161], [16.36475627, 48.21396974], [16.36475607, 48.21397414], [16.36475669, 48.21397852], [16.3647581, 48.21398282], [16.36476004, 48.21398656], [16.3647603, 48.21398696], [16.36476325, 48.2139909], [16.3647669, 48.21399456], [16.36477119, 48.2139979], [16.36477607, 48.21400085], [16.36483565, 48.21403058], [16.36485234, 48.2140389], [16.36489362, 48.2140595], [16.36491073, 48.21406803], [16.36495198, 48.21408861], [16.36496914, 48.21409717], [16.36508672, 48.21415582], [16.36509226, 48.21415824], [16.36509824, 48.21416014], [16.36510453, 48.2141615], [16.36511106, 48.21416229], [16.36511766, 48.21416249], [16.36512425, 48.2141621], [16.36513071, 48.21416112], [16.36513691, 48.21415958], [16.36518533, 48.21414566], [16.36520291, 48.21415444], [16.36514254, 48.21417286], [16.36513885, 48.21417427], [16.36513503, 48.21417549], [16.36513107, 48.21417653], [16.36512702, 48.21417737], [16.36512287, 48.21417799], [16.36511867, 48.21417841]]]}, "properties": {"id": 23783293, "bauperiode": "1946-1976"}}, {"type": "Feature", "geometry": {"type": "Polygon", "coordinates": [[[16.36512425, 48.2141621], [16.36511766, 48.21416249], [16.36511106, 48.21416229], [16.36510453, 48.2141615], [16.36509824, 48.21416014], [16.36509226, 48.21415824], [16.36508672, 48.21415582], [16.36496914, 48.21409717], [16.36495198, 48.21408861], [16.36491073, 48.21406803], [16.36489362, 48.2140595], [16.36485234, 48.2140389], [16.36483565, 48.21403058], [16.36477607, 48.21400085], [16.36477119, 48.2139979], [16.3647669, 48.21399456], [16.36476325, 48.2139909], [16.3647603, 48.21398696], [16.36476004, 48.21398656], [16.3647581, 48.21398282], [16.36475669, 48.21397852], [16.36475607, 48.21397414], [16.36475627, 48.21396974], [16.36476066, 48.21395161], [16.36476431, 48.21393648], [16.36476451, 48.21393564], [16.36518533, 48.21414566], [16.36513691, 48.21415958], [16.36513071, 48.21416112], [16.36512425, 48.2141621]]]}, "properties": {"id": 23782131, "bauperiode": "1946-1976"}}, {"type": "Feature", "geometry": {"type": "Polygon", "coordinates": [[[16.3649337, 48.21386906], [16.36487223, 48.21392394], [16.36481489, 48.21389526], [16.36487636, 48.21384039], [16.3649337, 48.21386906]]]}, "properties": {"id": 23782138, "bauperiode": "1946-1976"}}, {"type": "Feature", "geometry": {"type": "Polygon", "coordinates": [[[16.36534479, 48.21398834], [16.36534196, 48.21400289], [16.36492263, 48.21379333], [16.36494351, 48.21378734], [16.36494568, 48.21378672], [16.36496809, 48.21378029], [16.36497425, 48.21377872], [16.36498069, 48.21377772], [16.36498858, 48.21377729], [16.36499406, 48.2137775], [16.36499516, 48.21377759], [16.36500164, 48.21377849], [16.36500785, 48.21377995], [16.36501374, 48.21378196], [16.36501735, 48.21378369], [16.36502017, 48.21378505], [16.36511089, 48.21383035], [16.36532799, 48.21393884], [16.36533051, 48.2139402], [16.3653332, 48.21394167], [16.36533779, 48.21394494], [16.36534167, 48.2139486], [16.36534475, 48.21395257], [16.36534522, 48.21395332], [16.365347, 48.2139568], [16.36534836, 48.21396119], [16.3653488, 48.21396566], [16.36534833, 48.21397013], [16.36534806, 48.21397154], [16.36534512, 48.21398659], [16.36534479, 48.21398834]]]}, "properties": {"id": 23782951, "bauperiode": "1946-1976"}}, {"type": "Feature", "geometry": {"type": "Polygon", "coordinates": [[[16.36503574, 48.2142352], [16.36502769, 48.21424244], [16.36495299, 48.21420514], [16.3650193, 48.21414567], [16.36509373, 48.21418298], [16.3650843, 48.21419147], [16.36506511, 48.21420875], [16.36505486, 48.21421798], [16.36503574, 48.2142352]]]}, "properties": {"id": 23783889, "bauperiode": "1946-1976"}}, {"type": "Feature", "geometry": {"type": "Polygon", "coordinates": [[[16.36536793, 48.21394399], [16.36536852, 48.21394501], [16.36533808, 48.21392985], [16.36532799, 48.21393884], [16.36511089, 48.21383035], [16.36502017, 48.21378505], [16.36502958, 48.21377587], [16.36499927, 48.21376066], [16.36500098, 48.21376072], [16.36500515, 48.21376112], [16.36500958, 48.21376178], [16.3650139, 48.2137627], [16.3650181, 48.21376386], [16.36502212, 48.21376525], [16.36502597, 48.21376686], [16.36502751, 48.21376768], [16.36523749, 48.21387261], [16.36535123, 48.21392953], [16.36535473, 48.21393152], [16.36535797, 48.2139337], [16.36536093, 48.21393606], [16.3653636, 48.21393856], [16.36536593, 48.21394122], [16.36536793, 48.21394399]]]}, "properties": {"id": 23783292, "bauperiode": "1946-1976"}}, {"type": "Feature", "geometry": {"type": "MultiPolygon", "coordinates": [[[[16.35258376, 48.19994521], [16.35253155, 48.20006238], [16.35252937, 48.20006199], [16.35247424, 48.2000432], [16.35244533, 48.20003334], [16.35241032, 48.20002141], [16.35237265, 48.20000856], [16.35236825, 48.20000701], [16.35239495, 48.1999471], [16.35238136, 48.1999444], [16.35239431, 48.19991535], [16.35239899, 48.19991629], [16.35242265, 48.19986332], [16.35237435, 48.1998537], [16.35238645, 48.19982672], [16.35240555, 48.19983058], [16.3524436, 48.19983818], [16.3524718, 48.19977505], [16.35247629, 48.19977652], [16.35263331, 48.19982806], [16.35263505, 48.19982848], [16.35261537, 48.19986834], [16.35260683, 48.19988913], [16.35258424, 48.19994414], [16.35258376, 48.19994521]], [[16.35250126, 48.19989028], [16.35246072, 48.19988166], [16.35246394, 48.19987472], [16.35243984, 48.19986947], [16.35242617, 48.19989907], [16.35244612, 48.19990335], [16.3524423, 48.19991138], [16.35248674, 48.19992083], [16.35250126, 48.19989028]], [[16.35251546, 48.19991634], [16.35253967, 48.19992092], [16.35255185, 48.19989214], [16.35252764, 48.19988756], [16.35251546, 48.19991634]]]]}, "properties": {"id": 23534812, "bauperiode": "1884-1918"}}, {"type": "Feature", "geometry": {"type": "Polygon", "coordinates": [[[16.35239258, 48.199778], [16.35237044, 48.19980819], [16.35231326, 48.19978842], [16.35227074, 48.19977376], [16.35231277, 48.19972288], [16.35231324, 48.19972304], [16.35231375, 48.19972321], [16.35239127, 48.19974866], [16.3524097, 48.19975468], [16.35239258, 48.199778]]]}, "properties": {"id": 23530152, "bauperiode": "1884-1918"}}, {"type": "Feature", "geometry": {"type": "Polygon", "coordinates": [[[16.35230322, 48.19995479], [16.35228406, 48.19997809], [16.35214044, 48.19993161], [16.3521867, 48.19987558], [16.35231061, 48.19992134], [16.3523133, 48.19991765], [16.35232822, 48.19989723], [16.35233536, 48.19990362], [16.35235069, 48.19990667], [16.35233927, 48.19993231], [16.35235837, 48.19993608], [16.3523495, 48.19995605], [16.35237086, 48.1999603], [16.35236758, 48.19996761], [16.35231331, 48.19995677], [16.35230322, 48.19995479]]]}, "properties": {"id": 23532035, "bauperiode": "1884-1918"}}, {"type": "Feature", "geometry": {"type": "Polygon", "coordinates": [[[16.35171469, 48.19933623], [16.35165229, 48.19941187], [16.35152696, 48.19936612], [16.35147732, 48.19934744], [16.3514165, 48.1993246], [16.35143939, 48.19929688], [16.35147849, 48.19924948], [16.35152313, 48.1992653], [16.35154831, 48.19923451], [16.3515782, 48.19924578], [16.35157189, 48.19925327], [16.35161685, 48.19927018], [16.35161886, 48.19927005], [16.35162086, 48.19926988], [16.35162285, 48.19926965], [16.35162482, 48.19926937], [16.35162678, 48.19926904], [16.35162872, 48.19926866], [16.35163063, 48.19926824], [16.35163265, 48.19926773], [16.35163464, 48.19926716], [16.35163659, 48.19926654], [16.3516385, 48.19926587], [16.35164037, 48.19926515], [16.35164219, 48.19926438], [16.35164397, 48.19926356], [16.3516495, 48.19927257], [16.35165653, 48.19927521], [16.35163168, 48.19930514], [16.35171469, 48.19933623]]]}, "properties": {"id": 23534711, "bauperiode": "1884-1918"}}, {"type": "Feature", "geometry": {"type": "MultiPolygon", "coordinates": [[[[16.35186297, 48.19915729], [16.35177904, 48.19925825], [16.35173292, 48.19924091], [16.35167814, 48.19922031], [16.35167249, 48.19922703], [16.35167246, 48.19922562], [16.35167234, 48.19922421], [16.35167214, 48.1992228], [16.35167186, 48.1992214], [16.35167149, 48.19922001], [16.35167104, 48.19921863], [16.35167052, 48.1992173], [16.35166992, 48.19921597], [16.35166924, 48.19921467], [16.35166849, 48.19921338], [16.35166767, 48.19921212], [16.35166677, 48.19921087], [16.35162181, 48.19919396], [16.35161854, 48.19919784], [16.35154414, 48.19916997], [16.35155087, 48.19916178], [16.3515744, 48.19913327], [16.35162895, 48.1990705], [16.35165328, 48.19907947], [16.35165481, 48.19907763], [16.35165834, 48.19907901], [16.35165706, 48.19908054], [16.35170358, 48.19909746], [16.35170419, 48.19909768], [16.35171091, 48.19909957], [16.35178115, 48.19912565], [16.35179388, 48.19913058], [16.35183155, 48.19914514], [16.35184885, 48.19915183], [16.35186297, 48.19915729]], [[16.35173506, 48.19918045], [16.35170744, 48.19916974], [16.35169009, 48.19918974], [16.35171772, 48.19920045], [16.35173506, 48.19918045]], [[16.3515698, 48.19914597], [16.35159904, 48.19915627], [16.35161488, 48.19913695], [16.35158543, 48.1991268], [16.3515698, 48.19914597]]]]}, "properties": {"id": 23534692, "bauperiode": "1884-1918"}}, {"type": "Feature", "geometry": {"type": "Polygon", "coordinates": [[[16.35146782, 48.19963521], [16.35146397, 48.19963988], [16.35139025, 48.19961264], [16.3513733, 48.19960643], [16.35136254, 48.19961947], [16.35135756, 48.1996255], [16.35133539, 48.19963037], [16.35133093, 48.19963135], [16.35130079, 48.19962083], [16.35129973, 48.19961795], [16.35129379, 48.19960195], [16.35129863, 48.1995961], [16.35130953, 48.19958288], [16.35129177, 48.19957632], [16.351228, 48.19955285], [16.35123217, 48.19954773], [16.35125408, 48.19952128], [16.35132697, 48.19943287], [16.35134969, 48.19940535], [16.35139824, 48.19934662], [16.35141465, 48.19932683], [16.3514165, 48.1993246], [16.35147732, 48.19934744], [16.35137326, 48.19947342], [16.35142293, 48.1994921], [16.35154735, 48.19953887], [16.35146782, 48.19963521]]]}, "properties": {"id": 23527958, "bauperiode": "1884-1918"}}, {"type": "Feature", "geometry": {"type": "Polygon", "coordinates": [[[16.35146184, 48.19944497], [16.35142293, 48.1994921], [16.35137326, 48.19947342], [16.35147732, 48.19934744], [16.35152696, 48.19936612], [16.35149078, 48.19940992], [16.35149698, 48.19941221], [16.3514971, 48.19941365], [16.35149713, 48.19941509], [16.35149707, 48.19941652], [16.35149693, 48.19941796], [16.3514967, 48.19941939], [16.35149639, 48.19942082], [16.351496, 48.19942223], [16.35149553, 48.19942364], [16.35149497, 48.19942503], [16.35149433, 48.19942641], [16.35149362, 48.19942776], [16.35149282, 48.1994291], [16.35149195, 48.19943042], [16.35149099, 48.19943171], [16.35148997, 48.19943297], [16.35148891, 48.19943416], [16.35148779, 48.19943533], [16.35148661, 48.19943646], [16.35148536, 48.19943756], [16.35148405, 48.19943863], [16.35148268, 48.19943967], [16.35148126, 48.19944067], [16.35147978, 48.19944164], [16.35147824, 48.19944256], [16.35147666, 48.19944345], [16.35147502, 48.1994443], [16.35147334, 48.1994451], [16.35147162, 48.19944587], [16.35146985, 48.19944658], [16.35146805, 48.19944726], [16.35146184, 48.19944497]]]}, "properties": {"id": 23530361, "bauperiode": "1884-1918"}}, {"type": "Feature", "geometry": {"type": "Polygon", "coordinates": [[[16.35432103, 48.21316832], [16.35431848, 48.21317282], [16.35423155, 48.21316375], [16.35426107, 48.21303586], [16.35435318, 48.21304709], [16.35435921, 48.21305905], [16.35435719, 48.21306975], [16.3543763, 48.21307326], [16.35437025, 48.21308855], [16.35435964, 48.21313387], [16.35435413, 48.21314907], [16.3543365, 48.21314728], [16.35433367, 48.2131596], [16.35432103, 48.21316832]]]}, "properties": {"id": 25525197, "bauperiode": "1884-1918"}}, {"type": "Feature", "geometry": {"type": "Polygon", "coordinates": [[[16.35448494, 48.21321695], [16.35448158, 48.21323098], [16.3544256, 48.21322489], [16.35443451, 48.21318645], [16.35437161, 48.21318033], [16.35436121, 48.21316991], [16.35436251, 48.21316389], [16.35435238, 48.21316211], [16.35435413, 48.21314907], [16.35435964, 48.21313387], [16.35442329, 48.21313953], [16.35442786, 48.21313872], [16.35443217, 48.21313728], [16.3544362, 48.21313512], [16.35443943, 48.21313233], [16.35445477, 48.21314339], [16.35450106, 48.21314635], [16.35449773, 48.21316093], [16.35448494, 48.21321695]]]}, "properties": {"id": 25529090, "bauperiode": "1884-1918"}}, {"type": "Feature", "geometry": {"type": "Polygon", "coordinates": [[[16.35423155, 48.21316375], [16.35422214, 48.21320288], [16.35419185, 48.21319961], [16.35413468, 48.21319344], [16.35415952, 48.21309197], [16.35416342, 48.21307604], [16.35418829, 48.21297445], [16.35418977, 48.21297463], [16.35423445, 48.21298217], [16.35427198, 48.2129885], [16.35426107, 48.21303586], [16.35423155, 48.21316375]]]}, "properties": {"id": 25525195, "bauperiode": "1884-1918"}}, {"type": "Feature", "geometry": {"type": "Polygon", "coordinates": [[[16.37351347, 48.20734283], [16.37351119, 48.20734347], [16.37344553, 48.20724024], [16.37343853, 48.20722954], [16.37344154, 48.20722853], [16.37350377, 48.20720775], [16.37356833, 48.20718624], [16.37348349, 48.20707259], [16.37356392, 48.20704585], [16.3735654, 48.20704783], [16.37361429, 48.20711347], [16.3736104, 48.20712174], [16.37359251, 48.20712786], [16.37359682, 48.20713353], [16.37357086, 48.20714244], [16.37360143, 48.20718245], [16.37360815, 48.20718011], [16.3736161, 48.20719045], [16.37371187, 48.20715849], [16.37372883, 48.20717422], [16.37380405, 48.2072449], [16.37380345, 48.20724507], [16.37380474, 48.20724702], [16.3737937, 48.20725069], [16.37377197, 48.20725793], [16.37376592, 48.20725994], [16.37376486, 48.20726029], [16.37376421, 48.2072595], [16.37359052, 48.20731722], [16.37355746, 48.20732821], [16.37351347, 48.20734283]]]}, "properties": {"id": 24712165, "bauperiode": "1884-1918"}}, {"type": "Feature", "geometry": {"type": "Polygon", "coordinates": [[[16.37356833, 48.20718624], [16.37350377, 48.20720775], [16.37341879, 48.2070941], [16.37348349, 48.20707259], [16.37356833, 48.20718624]]]}, "properties": {"id": 24712194, "bauperiode": "1884-1918"}}, {"type": "Feature", "geometry": {"type": "Polygon", "coordinates": [[[16.3755213, 48.21169424], [16.37535445, 48.21169853], [16.37534184, 48.21156948], [16.37551803, 48.21151674], [16.37553804, 48.21151074], [16.37559501, 48.21149369], [16.37559472, 48.2114932], [16.37565521, 48.21147502], [16.37565521, 48.21147468], [16.37571486, 48.2114566], [16.37573787, 48.21146165], [16.375746, 48.21147089], [16.37576513, 48.21149317], [16.37577158, 48.21149983], [16.37577181, 48.21150018], [16.37577209, 48.21150062], [16.37583834, 48.21157641], [16.37576517, 48.21160432], [16.37568648, 48.2116351], [16.37567628, 48.21163908], [16.37566454, 48.21162558], [16.375671, 48.21162306], [16.37563599, 48.21158296], [16.37561877, 48.21158809], [16.37562537, 48.21159789], [16.37561893, 48.21161903], [16.37561211, 48.21162108], [16.37558032, 48.21163064], [16.37555205, 48.21161986], [16.37554545, 48.21161006], [16.37552662, 48.21161573], [16.37552852, 48.2116562], [16.37553029, 48.21169401], [16.3755213, 48.21169424]]]}, "properties": {"id": 24796497, "bauperiode": "1884-1918"}}, {"type": "Feature", "geometry": {"type": "MultiPolygon", "coordinates": [[[[16.36747854, 48.21396238], [16.36742519, 48.21401346], [16.36741195, 48.21400742], [16.36738284, 48.21399412], [16.36737325, 48.21398981], [16.36733759, 48.21397314], [16.36732572, 48.21396781], [16.36730984, 48.21396069], [16.36728161, 48.21394751], [16.36726971, 48.21394225], [16.36721986, 48.21391925], [16.36720892, 48.21391418], [16.36718038, 48.21390109], [16.3671697, 48.21389615], [16.36716852, 48.21389553], [16.36716743, 48.21389488], [16.36716644, 48.2138942], [16.36716551, 48.21389348], [16.36716465, 48.21389271], [16.36716384, 48.2138919], [16.36716309, 48.21389105], [16.36716237, 48.21389014], [16.36716189, 48.21388942], [16.36716147, 48.2138887], [16.36716115, 48.21388797], [16.3671609, 48.21388725], [16.36716074, 48.21388651], [16.36716065, 48.21388578], [16.36716063, 48.21388506], [16.36716069, 48.21388434], [16.36716083, 48.21388341], [16.36716105, 48.21388246], [16.36716134, 48.21388153], [16.36716172, 48.2138806], [16.36716218, 48.21387967], [16.36716273, 48.21387876], [16.36716337, 48.21387784], [16.36716417, 48.21387693], [16.36719894, 48.21384337], [16.36723687, 48.21380677], [16.3672361, 48.21380647], [16.36724123, 48.21380144], [16.36727358, 48.21376973], [16.36728798, 48.21375562], [16.36732166, 48.21372262], [16.36735821, 48.21368726], [16.36739862, 48.21364726], [16.36740131, 48.21364813], [16.36746893, 48.21367937], [16.36743922, 48.21370833], [16.36748485, 48.21372693], [16.36749075, 48.21372065], [16.36753182, 48.21373942], [16.36755796, 48.21375183], [16.36757988, 48.21373039], [16.36758833, 48.21373428], [16.36761508, 48.21374656], [16.3676057, 48.21375775], [16.3676197, 48.21376413], [16.36760854, 48.21377501], [16.36765215, 48.21379506], [16.36762754, 48.2138189], [16.36759621, 48.21384903], [16.36753048, 48.21381886], [16.36747561, 48.21379367], [16.36744237, 48.21379431], [16.36744466, 48.21379592], [16.36744668, 48.21379772], [16.36744843, 48.21379961], [16.36745005, 48.21380159], [16.36745139, 48.21380357], [16.36745247, 48.21380572], [16.36745341, 48.21380788], [16.36745395, 48.21381004], [16.36745436, 48.21381229], [16.36745449, 48.21381454], [16.36745423, 48.21381669], [16.36745382, 48.21381894], [16.36745315, 48.2138211], [16.36745221, 48.21382326], [16.36745114, 48.21382533], [16.36744966, 48.2138274], [16.36744804, 48.21382929], [16.36744616, 48.21383118], [16.36744414, 48.21383289], [16.36744186, 48.2138345], [16.36743944, 48.21383603], [16.36743675, 48.21383747], [16.36743406, 48.21383864], [16.3674311, 48.21383981], [16.36742814, 48.21384071], [16.36742489, 48.21384155], [16.36742367, 48.21383582], [16.36740635, 48.21383748], [16.36740767, 48.21384368], [16.36740042, 48.21385079], [16.36739989, 48.21385151], [16.36739962, 48.21385232], [16.36739948, 48.21385313], [16.36739975, 48.21385394], [16.36740016, 48.21385466], [16.36740083, 48.21385538], [16.36740164, 48.21385592], [16.36742748, 48.21386778], [16.36744565, 48.21387605], [16.36742425, 48.21389692], [16.36739589, 48.21392454], [16.36743279, 48.21394143], [16.36747854, 48.21396238]], [[16.36738184, 48.21382265], [16.36740579, 48.21383308], [16.36742504, 48.21383127], [16.36744184, 48.21381157], [16.3674237, 48.21380373], [16.36745089, 48.21377626], [16.36740097, 48.21375419], [16.36737229, 48.21378315], [16.36736701, 48.21378057], [16.36734079, 48.21380521], [16.36736326, 48.2138169], [16.36737698, 48.21380314], [16.36739357, 48.21381079], [16.36738184, 48.21382265]]]]}, "properties": {"id": 25548449, "bauperiode": "1884-1918"}}, {"type": "Feature", "geometry": {"type": "Polygon", "coordinates": [[[16.36759621, 48.21384903], [16.36752856, 48.21391407], [16.36746067, 48.21388294], [16.36753048, 48.21381886], [16.36759621, 48.21384903]]]}, "properties": {"id": 25548622, "bauperiode": "1884-1918"}}, {"type": "Feature", "geometry": {"type": "Polygon", "coordinates": [[[16.37825392, 48.20017359], [16.37819907, 48.20021875], [16.3781123, 48.20017178], [16.37810145, 48.20016619], [16.37808914, 48.20015941], [16.37807089, 48.20014938], [16.37805933, 48.20014302], [16.37803842, 48.20013152], [16.37798831, 48.2001043], [16.37795715, 48.20008738], [16.37790747, 48.20006038], [16.37788715, 48.20004944], [16.3778747, 48.20004253], [16.3778572, 48.20003282], [16.37784487, 48.20002598], [16.37775855, 48.19997937], [16.37764203, 48.19991609], [16.37763031, 48.1999096], [16.37761275, 48.19989988], [16.37760005, 48.19989285], [16.37762233, 48.19989214], [16.37764228, 48.19989151], [16.37767427, 48.19986524], [16.37767387, 48.19985894], [16.37767871, 48.19986155], [16.37821428, 48.20015207], [16.3782291, 48.2001601], [16.37823225, 48.20016181], [16.37825124, 48.20017213], [16.37825392, 48.20017359]]]}, "properties": {"id": 27059923, "bauperiode": "1919-1945"}}, {"type": "Feature", "geometry": {"type": "Polygon", "coordinates": [[[16.3776756, 48.19984356], [16.37767293, 48.19984529], [16.3776398, 48.19981921], [16.37761741, 48.19981985], [16.37759218, 48.19982057], [16.3776058, 48.19981179], [16.37762239, 48.19980111], [16.37763574, 48.1997925], [16.37763655, 48.19979277], [16.37781577, 48.1996766], [16.37781645, 48.19967696], [16.37787325, 48.19971543], [16.3776756, 48.19984356]]]}, "properties": {"id": 27059908, "bauperiode": "1919-1945"}}, {"type": "Feature", "geometry": {"type": "MultiPolygon", "coordinates": [[[[16.37762233, 48.19989214], [16.37760005, 48.19989285], [16.37756237, 48.19987294], [16.37756032, 48.19984181], [16.37759258, 48.19982093], [16.37759218, 48.19982057], [16.37761741, 48.19981985], [16.3776398, 48.19981921], [16.37767293, 48.19984529], [16.37766189, 48.19985247], [16.37767387, 48.19985894], [16.37767427, 48.19986524], [16.37764228, 48.19989151], [16.37762233, 48.19989214]], [[16.37760997, 48.1998667], [16.37761428, 48.19986742], [16.37761872, 48.19986724], [16.37762289, 48.19986625], [16.37762652, 48.19986454], [16.37762934, 48.19986229], [16.37763136, 48.19985968], [16.37763243, 48.1998568], [16.37763216, 48.19985383], [16.37763068, 48.19985104], [16.37762812, 48.19984871], [16.37762476, 48.19984673], [16.37762072, 48.19984547], [16.37761655, 48.19984475], [16.37761211, 48.19984494], [16.37760794, 48.19984593], [16.37760444, 48.19984764], [16.37760149, 48.19984989], [16.37759947, 48.1998525], [16.37759853, 48.19985528], [16.37759867, 48.19985825], [16.37760015, 48.19986104], [16.37760271, 48.19986347], [16.37760607, 48.19986535], [16.37760997, 48.1998667]]]]}, "properties": {"id": 27058598, "bauperiode": "1919-1945"}}, {"type": "Feature", "geometry": {"type": "Polygon", "coordinates": [[[16.37405393, 48.19887994], [16.37405341, 48.19888227], [16.37405019, 48.19888191], [16.37404346, 48.19888164], [16.37386347, 48.19885956], [16.37386332, 48.19885904], [16.37386265, 48.19885661], [16.373827, 48.19872834], [16.37382636, 48.19872604], [16.37382626, 48.19872564], [16.3738989, 48.19869632], [16.37391647, 48.19868924], [16.37398451, 48.19866178], [16.37398895, 48.19866052], [16.37399218, 48.19866178], [16.37399554, 48.19866348], [16.37399837, 48.19866555], [16.37402826, 48.19870151], [16.37402974, 48.19870358], [16.37402961, 48.19870646], [16.37402786, 48.19870889], [16.37402625, 48.19871006], [16.37401589, 48.19871438], [16.37393964, 48.19874579], [16.37392446, 48.19877026], [16.37393134, 48.19879616], [16.37395759, 48.19881512], [16.37404369, 48.19882472], [16.37405916, 48.19882642], [16.37406077, 48.19882642], [16.37406279, 48.19882723], [16.37406427, 48.19882939], [16.37406454, 48.19883163], [16.37406411, 48.19883361], [16.37405467, 48.19887655], [16.37405393, 48.19887994]]]}, "properties": {"id": 24620629, "bauperiode": "1884-1918"}}, {"type": "Feature", "geometry": {"type": "Polygon", "coordinates": [[[16.37405872, 48.1987775], [16.37404369, 48.19882472], [16.37395759, 48.19881512], [16.37393134, 48.19879616], [16.37392446, 48.19877026], [16.37393964, 48.19874579], [16.37401589, 48.19871438], [16.37405642, 48.19876059], [16.3740579, 48.19876347], [16.37405952, 48.19876715], [16.37405979, 48.19877075], [16.37405952, 48.1987748], [16.37405872, 48.1987775]]]}, "properties": {"id": 24621968, "bauperiode": "1884-1918"}}, {"type": "Feature", "geometry": {"type": "MultiPolygon", "coordinates": [[[[16.37471875, 48.19888447], [16.37445848, 48.19891874], [16.37445808, 48.19891757], [16.3744574, 48.1989164], [16.37445646, 48.19891532], [16.37445538, 48.19891433], [16.37445417, 48.19891343], [16.37445269, 48.19891271], [16.37445108, 48.19891209], [16.37444946, 48.19891155], [16.37444771, 48.19891119], [16.37444583, 48.19891101], [16.37444408, 48.19891101], [16.3744422, 48.19891119], [16.37444085, 48.19890651], [16.3743853, 48.19891382], [16.37438288, 48.19891418], [16.37438046, 48.19891445], [16.3743779, 48.19891454], [16.37437534, 48.19891445], [16.37437292, 48.19891427], [16.3743705, 48.19891382], [16.37436808, 48.19891328], [16.37436579, 48.19891256], [16.37436364, 48.19891167], [16.37436162, 48.19891068], [16.37435987, 48.1989096], [16.37435812, 48.19890834], [16.37435664, 48.19890699], [16.37435543, 48.19890555], [16.37435435, 48.19890402], [16.37435341, 48.19890241], [16.37435287, 48.19890079], [16.37433911, 48.19885394], [16.37432795, 48.19885547], [16.37431028, 48.1987954], [16.37427866, 48.19878129], [16.37426745, 48.19878275], [16.37426548, 48.198783], [16.37426292, 48.19877419], [16.37424633, 48.19871826], [16.37424377, 48.19870945], [16.37425695, 48.19870773], [16.37427819, 48.19868659], [16.37426052, 48.19862661], [16.37427168, 48.19862508], [16.37425779, 48.19857823], [16.37425752, 48.19857661], [16.37425739, 48.1985749], [16.37425752, 48.19857329], [16.37425779, 48.19857158], [16.37425846, 48.19856996], [16.37425927, 48.19856843], [16.37426034, 48.1985669], [16.37426168, 48.19856546], [16.37426316, 48.19856411], [16.37426491, 48.19856285], [16.37426679, 48.19856177], [16.37426881, 48.19856078], [16.37427096, 48.19855988], [16.37427554, 48.19855862], [16.37427796, 48.19855826], [16.37428051, 48.19855799], [16.37433606, 48.19855069], [16.37433458, 48.19854601], [16.37433646, 48.19854574], [16.37433808, 48.1985452], [16.37433969, 48.19854457], [16.37434117, 48.19854385], [16.37434238, 48.19854295], [16.37434345, 48.19854196], [16.3743444, 48.19854088], [16.37434507, 48.1985398], [16.37434547, 48.19853854], [16.37434574, 48.19853737], [16.37434574, 48.19853611], [16.37434547, 48.19853494], [16.37460589, 48.19850061], [16.37460919, 48.19850018], [16.37463613, 48.19849663], [16.37463856, 48.1985049], [16.37464475, 48.19850409], [16.37464586, 48.19850786], [16.37466902, 48.19858655], [16.37466284, 48.19858736], [16.37466473, 48.19859365], [16.37464199, 48.19859663], [16.37469918, 48.19879059], [16.37471908, 48.19878798], [16.37472043, 48.19879275], [16.37472326, 48.19879238], [16.37474709, 48.19887341], [16.37474915, 48.19888042], [16.37472211, 48.19888403], [16.37471875, 48.19888447]], [[16.37444118, 48.19881181], [16.37444577, 48.19882755], [16.37446177, 48.19882539], [16.37449015, 48.19882169], [16.37451625, 48.19881826], [16.37457799, 48.19881015], [16.37452013, 48.19861385], [16.37452672, 48.19861295], [16.37452308, 48.19860063], [16.37450062, 48.1986036], [16.37450278, 48.19861053], [16.37438643, 48.19862585], [16.37438899, 48.19863467], [16.37440207, 48.198679], [16.37442738, 48.19869626], [16.37444356, 48.19875138], [16.37442999, 48.19877378], [16.37443255, 48.19878277], [16.37444118, 48.19881181]]]]}, "properties": {"id": 24620612, "bauperiode": "1884-1918"}}, {"type": "Feature", "geometry": {"type": "Polygon", "coordinates": [[[16.37457799, 48.19881015], [16.37451625, 48.19881826], [16.37450978, 48.19879632], [16.37448436, 48.19880209], [16.37445678, 48.1988083], [16.37444118, 48.19881181], [16.37443255, 48.19878277], [16.37449765, 48.19876809], [16.3744909, 48.19874507], [16.37448983, 48.19874579], [16.37448701, 48.19874723], [16.37448391, 48.19874849], [16.37448082, 48.19874966], [16.37447759, 48.19875065], [16.37447423, 48.19875146], [16.37447073, 48.19875209], [16.37446723, 48.19875263], [16.37446374, 48.1987529], [16.37446011, 48.19875308], [16.37445647, 48.19875299], [16.37445298, 48.19875282], [16.37444948, 48.19875237], [16.37444598, 48.19875183], [16.37444356, 48.19875138], [16.37442738, 48.19869626], [16.37442993, 48.19869482], [16.37443289, 48.19869347], [16.37443598, 48.1986923], [16.37443921, 48.19869122], [16.37444257, 48.19869032], [16.37444593, 48.19868951], [16.37444943, 48.19868896], [16.37445293, 48.1986886], [16.37445643, 48.19868833], [16.37446006, 48.19868833], [16.37446369, 48.19868842], [16.37446719, 48.19868878], [16.37447069, 48.19868923], [16.37447418, 48.19868986], [16.37447472, 48.19869004], [16.37445584, 48.19862583], [16.37438899, 48.19863467], [16.37438643, 48.19862585], [16.37450278, 48.19861053], [16.37450426, 48.19861592], [16.37452013, 48.19861385], [16.37457799, 48.19881015]]]}, "properties": {"id": 24620646, "bauperiode": "1884-1918"}}, {"type": "Feature", "geometry": {"type": "Polygon", "coordinates": [[[16.36426619, 48.19522494], [16.364255, 48.19522637], [16.36422953, 48.19513518], [16.36426059, 48.19513131], [16.36425251, 48.19510253], [16.36422379, 48.19510611], [16.36420846, 48.19502829], [16.36428313, 48.19502095], [16.36429324, 48.19505728], [16.36428786, 48.19505791], [16.36429285, 48.19507581], [16.3643067, 48.1950741], [16.36432217, 48.19508255], [16.3643242, 48.19508974], [16.36438405, 48.19508226], [16.36438607, 48.19508937], [16.36441512, 48.19508576], [16.36445077, 48.19509052], [16.3644313, 48.19515582], [16.36444438, 48.19520267], [16.36439807, 48.19520844], [16.36436923, 48.19521205], [16.36436102, 48.19521307], [16.36433228, 48.19521666], [16.36428568, 48.19522247], [16.36426619, 48.19522494]]]}, "properties": {"id": 24149642, "bauperiode": "1884-1918"}}, {"type": "Feature", "geometry": {"type": "MultiPolygon", "coordinates": [[[[16.37451335, 48.20735832], [16.37447731, 48.20737911], [16.37444984, 48.20735574], [16.37445589, 48.20735259], [16.37433487, 48.20726342], [16.37429382, 48.20723321], [16.37419469, 48.20716034], [16.37418989, 48.20715617], [16.37425157, 48.20712087], [16.37425127, 48.20711982], [16.37428622, 48.20709994], [16.37430835, 48.20708735], [16.37434386, 48.20706714], [16.37434476, 48.20706763], [16.3744053, 48.20703281], [16.37440629, 48.20703326], [16.37466238, 48.20723496], [16.3746621, 48.20723513], [16.37463114, 48.20725298], [16.37460677, 48.20726704], [16.37460414, 48.20726856], [16.37457992, 48.20728253], [16.37456835, 48.2072892], [16.37454798, 48.20730096], [16.37448529, 48.20733712], [16.37451335, 48.20735832]], [[16.37440455, 48.20724496], [16.37441518, 48.2072454], [16.37448081, 48.20720815], [16.37449252, 48.2072175], [16.37451027, 48.20720742], [16.3744882, 48.20718998], [16.37445925, 48.20716724], [16.37437601, 48.20721448], [16.37437467, 48.20722149], [16.37440455, 48.20724496]]]]}, "properties": {"id": 24712156, "bauperiode": "1781-1848"}}, {"type": "Feature", "geometry": {"type": "Polygon", "coordinates": [[[16.37259172, 48.2076559], [16.37258268, 48.20765894], [16.37258052, 48.20765702], [16.37256901, 48.20764063], [16.37253062, 48.20758119], [16.37252429, 48.20757148], [16.37251257, 48.20755332], [16.37255185, 48.20754198], [16.37254067, 48.20752462], [16.37253785, 48.20752534], [16.37253502, 48.20752588], [16.37253206, 48.20752624], [16.3725291, 48.20752651], [16.37252614, 48.2075266], [16.37252318, 48.20752652], [16.37252022, 48.20752625], [16.37251726, 48.2075258], [16.37251444, 48.20752526], [16.37251161, 48.20752454], [16.37250892, 48.20752364], [16.37250636, 48.20752265], [16.37250394, 48.20752149], [16.37250165, 48.20752023], [16.3724995, 48.20751879], [16.37249748, 48.20751726], [16.37249708, 48.2075169], [16.37249559, 48.20751546], [16.37247782, 48.20748786], [16.37247674, 48.20748543], [16.37247606, 48.20748291], [16.37247552, 48.2074804], [16.37247525, 48.20747788], [16.37247525, 48.20747527], [16.37247552, 48.20747275], [16.37247605, 48.20747023], [16.37246501, 48.20745315], [16.37247981, 48.20744757], [16.37247442, 48.20744128], [16.37244001, 48.20745439], [16.37242233, 48.20741233], [16.3724647, 48.20739676], [16.37247896, 48.20739154], [16.37248042, 48.20737068], [16.37249697, 48.20736591], [16.37251082, 48.20736185], [16.37251351, 48.20734881], [16.37257259, 48.20732438], [16.37258019, 48.20733086], [16.37261496, 48.20736056], [16.37264109, 48.20739671], [16.37265146, 48.20741082], [16.3726485, 48.20741182], [16.37259953, 48.20742829], [16.37264626, 48.2074905], [16.37266659, 48.20749751], [16.37270344, 48.20748518], [16.3727064, 48.20748419], [16.37272135, 48.20750406], [16.37278377, 48.20758731], [16.37278595, 48.20759065], [16.37266394, 48.20763114], [16.37266174, 48.20762887], [16.37262147, 48.20764316], [16.37261133, 48.20764647], [16.37259002, 48.20765356], [16.37259172, 48.2076559]]]}, "properties": {"id": 24715906, "bauperiode": "1884-1918"}}, {"type": "Feature", "geometry": {"type": "Polygon", "coordinates": [[[16.39007286, 48.19789804], [16.39006198, 48.19793922], [16.39003748, 48.19793785], [16.38990761, 48.19793058], [16.38991297, 48.1979098], [16.38980481, 48.19789712], [16.38980144, 48.19789672], [16.38980651, 48.19785616], [16.38981478, 48.19778934], [16.38981814, 48.19778973], [16.38994071, 48.19780412], [16.3899458, 48.19778442], [16.38990207, 48.19777931], [16.38989655, 48.1977741], [16.38990365, 48.19774721], [16.39001061, 48.19775974], [16.39001797, 48.19773169], [16.38998286, 48.19772757], [16.38998662, 48.19771327], [16.38991464, 48.19770485], [16.38992174, 48.19767813], [16.38992954, 48.19767444], [16.38997326, 48.19767964], [16.38997782, 48.19766228], [16.38985525, 48.19764798], [16.3898519, 48.19764759], [16.38987719, 48.19757591], [16.38988891, 48.19754271], [16.38989978, 48.19751195], [16.38990113, 48.19750808], [16.38990911, 48.19748533], [16.38990985, 48.19748542], [16.38991324, 48.19748582], [16.38999514, 48.19749542], [16.38999963, 48.19747829], [16.38997359, 48.19747522], [16.389991, 48.19740866], [16.39001051, 48.19741099], [16.39001466, 48.19739507], [16.38995667, 48.1973883], [16.38995332, 48.19738791], [16.38997398, 48.19734167], [16.39004958, 48.19734155], [16.39006237, 48.19735152], [16.39005029, 48.19737869], [16.39014326, 48.19738958], [16.39014662, 48.19738997], [16.39014582, 48.1973996], [16.3901421, 48.19744375], [16.39013945, 48.19747541], [16.39013666, 48.19751022], [16.39017471, 48.19751167], [16.390173, 48.19751842], [16.39017198, 48.19751835], [16.3901712, 48.19752162], [16.39016547, 48.19754349], [16.39016458, 48.19754687], [16.39016552, 48.19754696], [16.39016401, 48.1975527], [16.39015065, 48.1976033], [16.39012524, 48.1976996], [16.39012486, 48.19770105], [16.39012388, 48.19770083], [16.39012223, 48.1977075], [16.39011294, 48.19774297], [16.39011123, 48.19774951], [16.39011209, 48.19774963], [16.39011174, 48.19775096], [16.39008644, 48.19784669], [16.39007286, 48.19789804]]]}, "properties": {"id": 24332058, "bauperiode": "1884-1918"}}, {"type": "Feature", "geometry": {"type": "Polygon", "coordinates": [[[16.39001797, 48.19773169], [16.39001061, 48.19775974], [16.38990365, 48.19774721], [16.38987513, 48.19774389], [16.38988625, 48.19770153], [16.38991464, 48.19770485], [16.38998662, 48.19771327], [16.38998286, 48.19772757], [16.39001797, 48.19773169]]]}, "properties": {"id": 24332022, "bauperiode": "1884-1918"}}, {"type": "Feature", "geometry": {"type": "Polygon", "coordinates": [[[16.38914666, 48.19805865], [16.38914634, 48.19805983], [16.38914314, 48.19805967], [16.38907218, 48.19805599], [16.38900829, 48.19805268], [16.38898382, 48.19805138], [16.38882536, 48.19804293], [16.3887511, 48.19803897], [16.38875118, 48.19803817], [16.38874725, 48.198038], [16.38876125, 48.19792508], [16.38876461, 48.19792527], [16.38882501, 48.19792865], [16.38883671, 48.19792055], [16.38884586, 48.19792109], [16.38893061, 48.19792582], [16.38892954, 48.19793445], [16.38899613, 48.1979382], [16.3889972, 48.19792947], [16.3890911, 48.19793473], [16.38910079, 48.19794399], [16.38910415, 48.19794417], [16.38916442, 48.19794753], [16.38915022, 48.19805875], [16.38914666, 48.19805865]]]}, "properties": {"id": 24327420, "bauperiode": "1884-1918"}}, {"type": "Feature", "geometry": {"type": "Polygon", "coordinates": [[[16.38149746, 48.19718498], [16.38148375, 48.19719137], [16.38142725, 48.19718923], [16.38143337, 48.19711728], [16.38148987, 48.19711942], [16.38150265, 48.19712472], [16.38149826, 48.19717509], [16.38149746, 48.19718498]]]}, "properties": {"id": 23837295, "bauperiode": "1884-1918"}}, {"type": "Feature", "geometry": {"type": "MultiPolygon", "coordinates": [[[[16.38164627, 48.19727348], [16.38135909, 48.19728407], [16.38135874, 48.19728003], [16.3812924, 48.19728246], [16.38129372, 48.19726281], [16.38129567, 48.19724067], [16.38129599, 48.19723704], [16.38128985, 48.1972373], [16.38129541, 48.19717454], [16.381294, 48.19717449], [16.38129462, 48.1971687], [16.3812964, 48.19716865], [16.38129649, 48.1971674], [16.3812979, 48.19714864], [16.38129799, 48.19714749], [16.38129625, 48.19714761], [16.38129671, 48.19714185], [16.38129765, 48.19714174], [16.38131017, 48.19699618], [16.38140892, 48.19699995], [16.38140573, 48.19703762], [16.38146976, 48.19704011], [16.38148523, 48.19704073], [16.38148563, 48.19703579], [16.38152168, 48.19703721], [16.38152221, 48.19703109], [16.38152799, 48.19702893], [16.38157534, 48.19703071], [16.38158073, 48.19703332], [16.38158019, 48.19703944], [16.38169453, 48.19704384], [16.38169803, 48.19704397], [16.38169831, 48.19704964], [16.38170228, 48.19712689], [16.38170351, 48.19714937], [16.38170572, 48.19719146], [16.38170965, 48.19726587], [16.38170692, 48.19726597], [16.38170701, 48.19726712], [16.38164581, 48.19726925], [16.38164627, 48.19727348]], [[16.38142725, 48.19718923], [16.38148375, 48.19719137], [16.38149746, 48.19718498], [16.38149826, 48.19717509], [16.38163411, 48.19717009], [16.38164002, 48.19715911], [16.38163895, 48.19715749], [16.38163827, 48.19715587], [16.38163773, 48.19715417], [16.38163746, 48.19715246], [16.38163746, 48.19715075], [16.38163773, 48.19714904], [16.38163826, 48.19714733], [16.38163907, 48.19714562], [16.38164001, 48.19714409], [16.38164122, 48.19714256], [16.3816427, 48.19714112], [16.38164431, 48.19713977], [16.38164619, 48.19713851], [16.3816472, 48.19713797], [16.38164821, 48.19713743], [16.38165036, 48.19713653], [16.38165265, 48.19713572], [16.38165533, 48.1971306], [16.38165718, 48.19709399], [16.38149388, 48.1970892], [16.38148987, 48.19711942], [16.38143337, 48.19711728], [16.38142725, 48.19718923]]]]}, "properties": {"id": 23841412, "bauperiode": "1884-1918"}}, {"type": "Feature", "geometry": {"type": "Polygon", "coordinates": [[[16.38164821, 48.19713743], [16.3816472, 48.19713797], [16.38163448, 48.19712859], [16.38150265, 48.19712472], [16.38148987, 48.19711942], [16.38149388, 48.1970892], [16.38165718, 48.19709399], [16.38165533, 48.1971306], [16.38165265, 48.19713572], [16.38165036, 48.19713653], [16.38164821, 48.19713743]]]}, "properties": {"id": 23841404, "bauperiode": "1884-1918"}}, {"type": "Feature", "geometry": {"type": "Polygon", "coordinates": [[[16.38157766, 48.20984319], [16.38141217, 48.20984703], [16.38141149, 48.20984136], [16.3814006, 48.20984173], [16.38137419, 48.20974091], [16.38136107, 48.20969079], [16.38136066, 48.20969083], [16.38135796, 48.20968048], [16.38135267, 48.20966028], [16.3813502, 48.20965017], [16.3813426, 48.20962026], [16.38130947, 48.20949372], [16.38131081, 48.20949363], [16.38130865, 48.20948563], [16.38140012, 48.2094754], [16.38144562, 48.20963891], [16.38145744, 48.20968135], [16.38148301, 48.20977325], [16.3818581, 48.20976601], [16.38197734, 48.20976371], [16.38195743, 48.20968668], [16.38188067, 48.20938954], [16.38188632, 48.20938891], [16.38198089, 48.20937709], [16.38198224, 48.20938293], [16.38199005, 48.20938194], [16.38201961, 48.20949281], [16.3820114, 48.20949408], [16.38202855, 48.20955657], [16.38204173, 48.20955486], [16.38204648, 48.20957243], [16.38205516, 48.20960449], [16.38205996, 48.20962221], [16.3820465, 48.20962392], [16.38206257, 48.20968687], [16.38207064, 48.20968597], [16.38209954, 48.20979684], [16.38209146, 48.20979828], [16.38209308, 48.20980494], [16.38206404, 48.20982914], [16.38205368, 48.20982942], [16.38205476, 48.20983463], [16.38188631, 48.20983794], [16.38188617, 48.20983164], [16.38157739, 48.20983779], [16.38157766, 48.20984319]]]}, "properties": {"id": 24792215, "bauperiode": "1884-1918"}}, {"type": "Feature", "geometry": {"type": "Polygon", "coordinates": [[[16.38151948, 48.2096298], [16.38144562, 48.20963891], [16.38140012, 48.2094754], [16.38144655, 48.2094702], [16.38147346, 48.20946668], [16.38150144, 48.20946289], [16.38150307, 48.20946267], [16.38151912, 48.20952314], [16.38153532, 48.20958429], [16.38151877, 48.20958627], [16.38152282, 48.20960147], [16.38151219, 48.20960273], [16.38151948, 48.2096298]]]}, "properties": {"id": 24792248, "bauperiode": "1884-1918"}}, {"type": "Feature", "geometry": {"type": "Polygon", "coordinates": [[[16.38154874, 48.20969859], [16.38153811, 48.20969985], [16.38153069, 48.20967224], [16.38145744, 48.20968135], [16.38144562, 48.20963891], [16.38151948, 48.2096298], [16.38151219, 48.20960273], [16.38152282, 48.20960147], [16.38157368, 48.20959542], [16.38157597, 48.20960406], [16.38158346, 48.20960309], [16.3816044, 48.20968184], [16.38159706, 48.20968282], [16.3815996, 48.20969254], [16.38155907, 48.20969736], [16.38154874, 48.20969859]]]}, "properties": {"id": 24792241, "bauperiode": "1884-1918"}}, {"type": "Feature", "geometry": {"type": "Polygon", "coordinates": [[[16.38165613, 48.20956994], [16.38153532, 48.20958429], [16.38151912, 48.20952314], [16.38164155, 48.20950852], [16.38162647, 48.20944929], [16.3816259, 48.20944707], [16.38161886, 48.20941941], [16.38166195, 48.20941436], [16.38166286, 48.20941516], [16.38166555, 48.20941624], [16.38166878, 48.2094166], [16.38167201, 48.20941642], [16.38167497, 48.20941561], [16.38167766, 48.20941435], [16.38167954, 48.20941264], [16.38168048, 48.20941057], [16.38168465, 48.20941174], [16.38168707, 48.20941246], [16.38174559, 48.20940551], [16.38178959, 48.20940028], [16.38182919, 48.20954936], [16.38165613, 48.20956994]]]}, "properties": {"id": 24792252, "bauperiode": "1884-1918"}}, {"type": "Feature", "geometry": {"type": "MultiPolygon", "coordinates": [[[[16.3818581, 48.20976601], [16.38148301, 48.20977325], [16.38145744, 48.20968135], [16.38153069, 48.20967224], [16.38153811, 48.20969985], [16.38154874, 48.20969859], [16.38155239, 48.20971234], [16.38156294, 48.20971109], [16.38164199, 48.2097017], [16.38164982, 48.20973083], [16.38167309, 48.20972812], [16.38166527, 48.20969893], [16.38168975, 48.20969601], [16.38186276, 48.20967553], [16.38182919, 48.20954936], [16.38178959, 48.20940028], [16.38188067, 48.20938954], [16.38195743, 48.20968668], [16.38185516, 48.20969897], [16.3818581, 48.20976601]], [[16.38179362, 48.20970209], [16.38180185, 48.20972681], [16.38184678, 48.20972014], [16.38183856, 48.20969541], [16.38179362, 48.20970209]]]]}, "properties": {"id": 24792231, "bauperiode": "1884-1918"}}, {"type": "Feature", "geometry": {"type": "Polygon", "coordinates": [[[16.38186276, 48.20967553], [16.38168975, 48.20969601], [16.38168321, 48.20967149], [16.38166226, 48.20959291], [16.38165613, 48.20956994], [16.38182919, 48.20954936], [16.38186276, 48.20967553]]]}, "properties": {"id": 24792243, "bauperiode": "1884-1918"}}, {"type": "Feature", "geometry": {"type": "Polygon", "coordinates": [[[16.38197734, 48.20976371], [16.3818581, 48.20976601], [16.38185516, 48.20969897], [16.38195743, 48.20968668], [16.38197734, 48.20976371]]]}, "properties": {"id": 24800410, "bauperiode": "1884-1918"}}, {"type": "Feature", "geometry": {"type": "Polygon", "coordinates": [[[16.35953051, 48.19770848], [16.35946315, 48.19778188], [16.35943664, 48.197771], [16.35942723, 48.19778126], [16.35929836, 48.19772845], [16.35929538, 48.19772723], [16.35933537, 48.19763477], [16.35933731, 48.19763028], [16.35934025, 48.19763147], [16.35953051, 48.19770848]]]}, "properties": {"id": 24255223, "bauperiode": "1884-1918"}}, {"type": "Feature", "geometry": {"type": "MultiPolygon", "coordinates": [[[[16.3595769, 48.19787443], [16.35957652, 48.19787484], [16.35943196, 48.19781597], [16.35946315, 48.19778188], [16.35953051, 48.19770848], [16.35957868, 48.1976557], [16.35957958, 48.19765478], [16.35958079, 48.1976537], [16.35958268, 48.19765163], [16.35958429, 48.19764947], [16.35958577, 48.19764722], [16.35958698, 48.19764489], [16.35958778, 48.19764255], [16.35958845, 48.19764012], [16.35958886, 48.19763769], [16.35958899, 48.19763526], [16.35958885, 48.19763283], [16.35958845, 48.19763041], [16.35958778, 48.19762807], [16.35958697, 48.19762564], [16.35958576, 48.19762339], [16.35958428, 48.19762114], [16.35958266, 48.19761899], [16.35958078, 48.19761692], [16.35957862, 48.19761494], [16.35957634, 48.19761305], [16.35957378, 48.19761125], [16.35957109, 48.19760964], [16.35956813, 48.1976082], [16.35956517, 48.19760685], [16.35956194, 48.19760559], [16.35955871, 48.1976046], [16.35955521, 48.1976037], [16.35955171, 48.19760298], [16.35954822, 48.19760254], [16.35954458, 48.19760218], [16.35954095, 48.197602], [16.35953732, 48.197602], [16.35953439, 48.19760215], [16.35953382, 48.19760218], [16.35936714, 48.19756983], [16.35936391, 48.19756921], [16.35940988, 48.19746308], [16.35976189, 48.1975313], [16.35975669, 48.19753711], [16.35975265, 48.19754341], [16.35974983, 48.19754997], [16.35974836, 48.19755672], [16.35974796, 48.19756346], [16.3597489, 48.1975703], [16.35975119, 48.19757695], [16.35975469, 48.19758334], [16.35975927, 48.19758918], [16.35976505, 48.19759458], [16.35977165, 48.19759952], [16.35977918, 48.19760384], [16.35978739, 48.19760752], [16.35979627, 48.19761049], [16.35980555, 48.19761273], [16.35981533, 48.19761419], [16.35970811, 48.1977312], [16.35969559, 48.19774486], [16.35957754, 48.19787454], [16.3595769, 48.19787443]], [[16.35962705, 48.19762716], [16.35964777, 48.1976277], [16.35966256, 48.19761816], [16.35964735, 48.19759154], [16.35962637, 48.19759002], [16.35961198, 48.19760045], [16.35962705, 48.19762716]], [[16.35953788, 48.19777335], [16.35955316, 48.19777963], [16.35957558, 48.1977552], [16.35956029, 48.19774893], [16.35954148, 48.19774121], [16.35951907, 48.19776564], [16.35953788, 48.19777335]]]]}, "properties": {"id": 24255746, "bauperiode": "1884-1918"}}, {"type": "Feature", "geometry": {"type": "Polygon", "coordinates": [[[16.359869, 48.1975576], [16.35984105, 48.19758713], [16.35984804, 48.19757702], [16.35984912, 48.19757504], [16.35984992, 48.19757298], [16.35985046, 48.19757091], [16.35985073, 48.19756884], [16.35985073, 48.19756677], [16.35985046, 48.1975647], [16.35984992, 48.19756263], [16.35984911, 48.19756057], [16.35984817, 48.19755859], [16.35984696, 48.19755661], [16.35984548, 48.19755481], [16.35984373, 48.19755301], [16.35984184, 48.19755139], [16.35983969, 48.19754978], [16.3598374, 48.19754834], [16.35983498, 48.19754708], [16.35983242, 48.19754591], [16.3598296, 48.19754492], [16.35982677, 48.19754402], [16.35982381, 48.1975433], [16.35976189, 48.1975313], [16.35940988, 48.19746308], [16.35941444, 48.19745256], [16.35941982, 48.19745327], [16.35974168, 48.19751524], [16.35985739, 48.19753752], [16.359869, 48.1975576]]]}, "properties": {"id": 24256257, "bauperiode": "1884-1918"}}, {"type": "Feature", "geometry": {"type": "Polygon", "coordinates": [[[16.35954461, 48.19766846], [16.35954098, 48.19766864], [16.35953735, 48.19766864], [16.35953372, 48.19766846], [16.35953009, 48.1976681], [16.35952659, 48.19766756], [16.35952309, 48.19766684], [16.35951959, 48.19766594], [16.35951636, 48.19766495], [16.35951314, 48.19766379], [16.35951018, 48.19766244], [16.35950722, 48.19766091], [16.35950452, 48.19765929], [16.35950197, 48.19765758], [16.35949968, 48.1976557], [16.35949753, 48.19765372], [16.35949564, 48.19765165], [16.35949403, 48.19764949], [16.35949255, 48.19764724], [16.35949134, 48.1976449], [16.35949053, 48.19764257], [16.35948985, 48.19764014], [16.35948945, 48.19763771], [16.35948931, 48.19763528], [16.35948945, 48.19763285], [16.35948985, 48.19763043], [16.35949052, 48.19762809], [16.35949133, 48.19762566], [16.35949254, 48.19762341], [16.35949402, 48.19762116], [16.35949563, 48.197619], [16.35949751, 48.19761693], [16.35949966, 48.19761496], [16.35950195, 48.19761307], [16.3595045, 48.19761127], [16.35950719, 48.19760965], [16.35951015, 48.19760821], [16.35951311, 48.19760686], [16.35951634, 48.1976056], [16.35951957, 48.19760461], [16.35952306, 48.19760371], [16.35952656, 48.19760299], [16.35953006, 48.19760254], [16.35953382, 48.19760218], [16.35953439, 48.19760215], [16.35953732, 48.197602], [16.35954095, 48.197602], [16.35954458, 48.19760218], [16.35954822, 48.19760254], [16.35955171, 48.19760298], [16.35955521, 48.1976037], [16.35955871, 48.1976046], [16.35956194, 48.19760559], [16.35956517, 48.19760685], [16.35956813, 48.1976082], [16.35957109, 48.19760964], [16.35957378, 48.19761125], [16.35957634, 48.19761305], [16.35957862, 48.19761494], [16.35958078, 48.19761692], [16.35958266, 48.19761899], [16.35958428, 48.19762114], [16.35958576, 48.19762339], [16.35958697, 48.19762564], [16.35958778, 48.19762807], [16.35958845, 48.19763041], [16.35958885, 48.19763283], [16.35958899, 48.19763526], [16.35958886, 48.19763769], [16.35958845, 48.19764012], [16.35958778, 48.19764255], [16.35958698, 48.19764489], [16.35958577, 48.19764722], [16.35958429, 48.19764947], [16.35958268, 48.19765163], [16.35958079, 48.1976537], [16.35957958, 48.19765478], [16.35957868, 48.1976557], [16.35957636, 48.19765757], [16.3595738, 48.19765928], [16.35957111, 48.1976609], [16.35956815, 48.19766243], [16.35956519, 48.19766378], [16.35956197, 48.19766495], [16.35955874, 48.19766594], [16.35955524, 48.19766684], [16.35955174, 48.19766756], [16.35954825, 48.1976681], [16.35954461, 48.19766846]]]}, "properties": {"id": 24255225, "bauperiode": "1884-1918"}}, {"type": "Feature", "geometry": {"type": "Polygon", "coordinates": [[[16.3598233, 48.19760549], [16.35981533, 48.19761419], [16.35980555, 48.19761273], [16.35979627, 48.19761049], [16.35978739, 48.19760752], [16.35977918, 48.19760384], [16.35977165, 48.19759952], [16.35976505, 48.19759458], [16.35975927, 48.19758918], [16.35975469, 48.19758334], [16.35975119, 48.19757695], [16.3597489, 48.1975703], [16.35974796, 48.19756346], [16.35974836, 48.19755672], [16.35974983, 48.19754997], [16.35975265, 48.19754341], [16.35975669, 48.19753711], [16.35976189, 48.1975313], [16.35982381, 48.1975433], [16.35982677, 48.19754402], [16.3598296, 48.19754492], [16.35983242, 48.19754591], [16.35983498, 48.19754708], [16.3598374, 48.19754834], [16.35983969, 48.19754978], [16.35984184, 48.19755139], [16.35984373, 48.19755301], [16.35984548, 48.19755481], [16.35984696, 48.19755661], [16.35984817, 48.19755859], [16.35984911, 48.19756057], [16.35984992, 48.19756263], [16.35985046, 48.1975647], [16.35985073, 48.19756677], [16.35985073, 48.19756884], [16.35985046, 48.19757091], [16.35984992, 48.19757298], [16.35984912, 48.19757504], [16.35984804, 48.19757702], [16.35984105, 48.19758713], [16.35983379, 48.19759481], [16.3598233, 48.19760549]]]}, "properties": {"id": 24255743, "bauperiode": "1884-1918"}}, {"type": "Feature", "geometry": {"type": "Polygon", "coordinates": [[[16.34108541, 48.20165306], [16.34108472, 48.20165339], [16.34108419, 48.20164709], [16.34107235, 48.20163864], [16.34106979, 48.20159403], [16.34105149, 48.20158333], [16.34101503, 48.20158416], [16.34101167, 48.20158423], [16.34100681, 48.20144493], [16.3410906, 48.2014465], [16.34109336, 48.20152619], [16.34110287, 48.20152604], [16.34110291, 48.20152047], [16.34116802, 48.20152068], [16.34116798, 48.20152532], [16.34127614, 48.20152567], [16.34127588, 48.20153431], [16.34127373, 48.20158116], [16.34127036, 48.2015812], [16.34115884, 48.20158243], [16.34115978, 48.20159709], [16.34112454, 48.20159763], [16.34112575, 48.20164268], [16.34116127, 48.2016425], [16.34116114, 48.20165248], [16.34108541, 48.20165306]]]}, "properties": {"id": 23512437, "bauperiode": "1884-1918"}}, {"type": "Feature", "geometry": {"type": "Polygon", "coordinates": [[[16.34127683, 48.20151018], [16.34127614, 48.20152567], [16.34116798, 48.20152532], [16.34118964, 48.20151273], [16.34119354, 48.20144843], [16.3412795, 48.20145004], [16.34127683, 48.20151018]]]}, "properties": {"id": 23509080, "bauperiode": "1884-1918"}}, {"type": "Feature", "geometry": {"type": "MultiPolygon", "coordinates": [[[[16.34101779, 48.20176856], [16.34101689, 48.20176857], [16.34101396, 48.2016542], [16.34101733, 48.20165416], [16.34108472, 48.20165339], [16.34108541, 48.20165306], [16.34116114, 48.20165248], [16.34127064, 48.20165131], [16.34127022, 48.20166076], [16.34126834, 48.20170284], [16.34126554, 48.20176543], [16.34126312, 48.20176543], [16.34121025, 48.20176643], [16.34120958, 48.20176643], [16.34120944, 48.20176724], [16.34115617, 48.20176788], [16.34113263, 48.20176816], [16.34111904, 48.20176832], [16.34111904, 48.20176769], [16.34101779, 48.20176856]], [[16.34109777, 48.20165707], [16.34109804, 48.20167182], [16.34112643, 48.20167164], [16.34112629, 48.20165689], [16.34109777, 48.20165707]]]]}, "properties": {"id": 23508994, "bauperiode": "1884-1918"}}, {"type": "Feature", "geometry": {"type": "Polygon", "coordinates": [[[16.34452743, 48.20221373], [16.34452708, 48.20227364], [16.34447091, 48.20227349], [16.34447099, 48.20226135], [16.34442906, 48.20226124], [16.3444293, 48.20222123], [16.34447166, 48.20222135], [16.34447171, 48.20221358], [16.34452743, 48.20221373]]]}, "properties": {"id": 25662662, "bauperiode": "1884-1918"}}, {"type": "Feature", "geometry": {"type": "Polygon", "coordinates": [[[16.34463663, 48.20237884], [16.34455349, 48.20237945], [16.34455536, 48.2023105], [16.34463743, 48.20230977], [16.34463663, 48.20237884]]]}, "properties": {"id": 25662646, "bauperiode": "1884-1918"}}, {"type": "Feature", "geometry": {"type": "Polygon", "coordinates": [[[16.34444695, 48.2023803], [16.34435291, 48.20238111], [16.34435264, 48.20234586], [16.34435303, 48.20231222], [16.344403, 48.20231178], [16.34440359, 48.20233227], [16.34444579, 48.20233171], [16.34444695, 48.2023803]]]}, "properties": {"id": 25662644, "bauperiode": "1884-1918"}}, {"type": "Feature", "geometry": {"type": "MultiPolygon", "coordinates": [[[[16.344403, 48.20231178], [16.34435303, 48.20231222], [16.34435396, 48.20222949], [16.34437952, 48.20222921], [16.34439311, 48.20222013], [16.34439337, 48.20220178], [16.34435436, 48.20220215], [16.34435463, 48.20217795], [16.34435514, 48.20201976], [16.3443585, 48.20201972], [16.34439321, 48.20201933], [16.34439402, 48.20205645], [16.3444368, 48.202056], [16.34443642, 48.20219719], [16.344464, 48.20219692], [16.34446373, 48.20218676], [16.34452669, 48.20218613], [16.34452683, 48.20219629], [16.34455562, 48.20219602], [16.34455721, 48.20205482], [16.34458855, 48.20205446], [16.34458787, 48.20201966], [16.34463724, 48.20201915], [16.34464061, 48.20201911], [16.34463955, 48.20213072], [16.34463955, 48.20213351], [16.34463862, 48.20219934], [16.34463822, 48.20222668], [16.34463743, 48.20230977], [16.34455536, 48.2023105], [16.34453201, 48.20231069], [16.344403, 48.20231178]], [[16.3445337, 48.20228064], [16.3446256, 48.20228196], [16.34462633, 48.20225897], [16.34453444, 48.20225765], [16.3445337, 48.20228064]], [[16.34452708, 48.20227364], [16.34452743, 48.20221373], [16.34447171, 48.20221358], [16.34447166, 48.20222135], [16.3444293, 48.20222123], [16.34442906, 48.20226124], [16.34447099, 48.20226135], [16.34447091, 48.20227349], [16.34452708, 48.20227364]]]]}, "properties": {"id": 25676126, "bauperiode": "1884-1918"}}, {"type": "Feature", "geometry": {"type": "Polygon", "coordinates": [[[16.34464101, 48.20199132], [16.3445872, 48.20199187], [16.3445874, 48.20198777], [16.3443974, 48.20198903], [16.34439738, 48.20198415], [16.34435863, 48.20198456], [16.34435527, 48.2019846], [16.3443549, 48.20189444], [16.34447443, 48.20189329], [16.34452274, 48.20189283], [16.34464207, 48.20189168], [16.34464101, 48.20199132]]]}, "properties": {"id": 25662722, "bauperiode": "1884-1918"}}, {"type": "Feature", "geometry": {"type": "Polygon", "coordinates": [[[16.3444368, 48.202056], [16.34439402, 48.20205645], [16.34439321, 48.20201933], [16.34439754, 48.20201928], [16.3443974, 48.20198903], [16.3445874, 48.20198777], [16.3445872, 48.20199187], [16.34458772, 48.20201345], [16.34454832, 48.20201381], [16.34454912, 48.20204955], [16.3445272, 48.20203531], [16.34446599, 48.20203594], [16.3444368, 48.202056]]]}, "properties": {"id": 25662699, "bauperiode": "1884-1918"}}, {"type": "Feature", "geometry": {"type": "Polygon", "coordinates": [[[16.38336243, 48.20033506], [16.38336121, 48.20034094], [16.38294958, 48.20030132], [16.38294868, 48.20030115], [16.38295038, 48.20029133], [16.38295448, 48.20026884], [16.382956, 48.20026068], [16.38296428, 48.20021628], [16.38296347, 48.2002163], [16.3829638, 48.20021411], [16.38295833, 48.20021363], [16.38295826, 48.20021281], [16.38295943, 48.20021278], [16.38296726, 48.2002082], [16.38296758, 48.20020654], [16.38297058, 48.20019118], [16.38297083, 48.20018985], [16.38296612, 48.20018329], [16.38296386, 48.20018305], [16.38296396, 48.20018241], [16.38296957, 48.20018275], [16.38296992, 48.20018051], [16.38297047, 48.20018049], [16.382978, 48.20013542], [16.38298469, 48.20009533], [16.3830862, 48.20010283], [16.38308352, 48.20011883], [16.3831107, 48.20012089], [16.38311337, 48.20010479], [16.38314136, 48.20010685], [16.38315064, 48.20010757], [16.38313512, 48.2002011], [16.38314844, 48.20020208], [16.38314723, 48.20020883], [16.38314202, 48.20024049], [16.38311753, 48.2002387], [16.38311558, 48.20025027], [16.38334187, 48.20027127], [16.3833373, 48.20029326], [16.38336709, 48.20029603], [16.38337046, 48.20029634], [16.38336289, 48.20033283], [16.38336243, 48.20033506]]]}, "properties": {"id": 24536314, "bauperiode": "1919-1945"}}, {"type": "Feature", "geometry": {"type": "Polygon", "coordinates": [[[16.36786991, 48.21028637], [16.36785734, 48.21029466], [16.36780161, 48.21025252], [16.36783456, 48.21023083], [16.36781828, 48.21021904], [16.36781911, 48.21021649], [16.36781947, 48.2102139], [16.36781937, 48.21021131], [16.36781878, 48.21020873], [16.36781774, 48.21020622], [16.36781625, 48.21020382], [16.36781432, 48.21020156], [16.36781199, 48.21019947], [16.36780932, 48.21019758], [16.3678063, 48.21019593], [16.36780302, 48.21019454], [16.3677995, 48.21019341], [16.3677958, 48.2101926], [16.367792, 48.21019208], [16.36778811, 48.21019188], [16.36778404, 48.21019201], [16.36778002, 48.21019248], [16.36777613, 48.21019329], [16.36777243, 48.21019444], [16.36776898, 48.21019588], [16.36776583, 48.21019761], [16.36776303, 48.21019958], [16.36776064, 48.21020179], [16.36775869, 48.21020418], [16.3677572, 48.21020672], [16.36775622, 48.21020935], [16.36775573, 48.21021206], [16.36775578, 48.21021479], [16.36775633, 48.21021748], [16.36775741, 48.21022011], [16.36775517, 48.21022086], [16.36772766, 48.21020093], [16.36772341, 48.21019784], [16.36772233, 48.21019712], [16.36773065, 48.21019181], [16.3677442, 48.21018313], [16.36779845, 48.21014845], [16.36792818, 48.21024796], [16.36791594, 48.21025603], [16.36786991, 48.21028637]]]}, "properties": {"id": 25406966, "bauperiode": "1884-1918"}}, {"type": "Feature", "geometry": {"type": "Polygon", "coordinates": [[[16.37361411, 48.21128218], [16.37358275, 48.21129884], [16.37357913, 48.21129577], [16.37357871, 48.21129477], [16.37357865, 48.21129371], [16.373579, 48.21129263], [16.37357963, 48.21129174], [16.37358061, 48.21129092], [16.37358276, 48.21128966], [16.37352433, 48.21124075], [16.37352567, 48.21123994], [16.37352392, 48.21123797], [16.37363004, 48.21117075], [16.37368685, 48.21121876], [16.37370503, 48.21123413], [16.37368639, 48.21124398], [16.3736386, 48.21126923], [16.37361411, 48.21128218]]]}, "properties": {"id": 27031543, "bauperiode": "1946-1976"}}, {"type": "Feature", "geometry": {"type": "Polygon", "coordinates": [[[16.37372049, 48.21140634], [16.37371848, 48.2114076], [16.37371511, 48.21140734], [16.37371107, 48.21140734], [16.37358275, 48.21129884], [16.37361411, 48.21128218], [16.37366365, 48.21132417], [16.37368786, 48.2113113], [16.37370186, 48.21132325], [16.37370751, 48.21132028], [16.37371815, 48.21132936], [16.37372312, 48.21132675], [16.37374584, 48.21134599], [16.37378008, 48.21137485], [16.37376138, 48.21138475], [16.37372049, 48.21140634]]]}, "properties": {"id": 27031541, "bauperiode": "1946-1976"}}, {"type": "Feature", "geometry": {"type": "Polygon", "coordinates": [[[16.37383244, 48.21122779], [16.37372987, 48.21128106], [16.37368639, 48.21124398], [16.37370503, 48.21123413], [16.37368685, 48.21121876], [16.37376984, 48.21117484], [16.37383244, 48.21122779]]]}, "properties": {"id": 27032402, "bauperiode": "1946-1976"}}, {"type": "Feature", "geometry": {"type": "MultiPolygon", "coordinates": [[[[16.36787979, 48.21297439], [16.36770079, 48.21305329], [16.36770457, 48.21305076], [16.36770901, 48.21304672], [16.36771264, 48.21304231], [16.3677152, 48.21303763], [16.36771681, 48.21303268], [16.36771734, 48.21302765], [16.3677168, 48.2130227], [16.36771518, 48.21301776], [16.36771262, 48.21301308], [16.36770899, 48.21300868], [16.36770454, 48.21300463], [16.36769916, 48.21300112], [16.3676931, 48.21299807], [16.36768651, 48.21299564], [16.36767951, 48.21299393], [16.36767211, 48.21299286], [16.36766471, 48.2129925], [16.36765717, 48.21299286], [16.36764977, 48.21299394], [16.36764278, 48.21299565], [16.36763619, 48.21299808], [16.36763013, 48.21300114], [16.36762489, 48.21300465], [16.36762031, 48.2130087], [16.36761682, 48.21301311], [16.36761413, 48.21301778], [16.36761252, 48.21302273], [16.36761198, 48.21302768], [16.36761253, 48.21303271], [16.36761414, 48.21303766], [16.36761684, 48.21304233], [16.3676187, 48.21304462], [16.36753051, 48.21295819], [16.36751832, 48.21294581], [16.367445, 48.21287134], [16.36744671, 48.21287062], [16.36742195, 48.21284568], [16.36742012, 48.2128465], [16.36737694, 48.21280281], [16.36738539, 48.21279868], [16.36753241, 48.21273263], [16.36755073, 48.21275079], [16.3675973, 48.21279719], [16.36761145, 48.2128113], [16.3677913, 48.21273175], [16.36776289, 48.21270397], [16.36772075, 48.21266279], [16.36781473, 48.2126315], [16.36784538, 48.21262129], [16.36784599, 48.21262187], [16.36794299, 48.21271497], [16.36800588, 48.21268716], [16.3680663, 48.21274864], [16.36809272, 48.2127755], [16.36807051, 48.212785], [16.36809152, 48.21280712], [16.36811429, 48.21279746], [16.36816463, 48.21284883], [16.36816301, 48.21284955], [16.36799959, 48.21292159], [16.36800242, 48.2129235], [16.36788269, 48.21297559], [16.36787979, 48.21297439]], [[16.36765213, 48.21286703], [16.36763029, 48.21284548], [16.36761669, 48.21285163], [16.36763853, 48.21287318], [16.36765213, 48.21286703]], [[16.36768294, 48.21298347], [16.3677174, 48.21296871], [16.36769957, 48.21294959], [16.36766511, 48.21296435], [16.36768294, 48.21298347]], [[16.36779978, 48.212899], [16.36780444, 48.21289932], [16.36780913, 48.21289931], [16.36781379, 48.21289898], [16.36781838, 48.21289833], [16.36782284, 48.21289738], [16.36782714, 48.21289612], [16.36783122, 48.21289457], [16.36784736, 48.2128877], [16.36779828, 48.21283619], [16.36778213, 48.21284306], [16.36777816, 48.21284496], [16.36777452, 48.21284712], [16.36777124, 48.21284954], [16.36776837, 48.21285217], [16.36776593, 48.212855], [16.36776396, 48.21285798], [16.36776247, 48.21286108], [16.36776149, 48.21286427], [16.36776102, 48.21286752], [16.36776108, 48.21287077], [16.36776165, 48.21287401], [16.36776273, 48.21287719], [16.36776432, 48.21288027], [16.36776639, 48.21288322], [16.36776891, 48.21288601], [16.36777175, 48.2128885], [16.36777495, 48.21289079], [16.36777849, 48.21289285], [16.36778232, 48.21289465], [16.36778641, 48.21289619], [16.36779071, 48.21289743], [16.36779518, 48.21289837], [16.36779978, 48.212899]], [[16.36768187, 48.21289665], [16.36771933, 48.21293596], [16.36778862, 48.21290646], [16.36778628, 48.21290592], [16.36778397, 48.21290532], [16.36778169, 48.21290465], [16.36777947, 48.21290392], [16.36777729, 48.21290312], [16.36777516, 48.21290227], [16.36777309, 48.21290136], [16.36777108, 48.21290039], [16.36776913, 48.21289936], [16.36776725, 48.21289828], [16.36776543, 48.21289715], [16.36776369, 48.21289597], [16.36776202, 48.21289474], [16.36776044, 48.21289346], [16.36775893, 48.21289215], [16.3677575, 48.21289078], [16.36775615, 48.21288937], [16.3677549, 48.21288792], [16.36775374, 48.21288644], [16.36775267, 48.21288493], [16.3677517, 48.21288339], [16.36775083, 48.21288183], [16.36775005, 48.21288024], [16.36774938, 48.21287863], [16.36774881, 48.212877], [16.36774835, 48.21287536], [16.36774799, 48.2128737], [16.36774773, 48.21287204], [16.36774758, 48.21287037], [16.36774753, 48.2128687], [16.36768187, 48.21289665]], [[16.36790583, 48.21279431], [16.36794516, 48.21283558], [16.36802031, 48.21280287], [16.3679828, 48.21277109], [16.36797634, 48.21277361], [16.3679688, 48.21276597], [16.36790583, 48.21279431]]]]}, "properties": {"id": 25548387, "bauperiode": "1884-1918"}}, {"type": "Feature", "geometry": {"type": "Polygon", "coordinates": [[[16.36776289, 48.21270397], [16.36759474, 48.21277452], [16.36756458, 48.21274449], [16.36755073, 48.21275079], [16.36753241, 48.21273263], [16.36759846, 48.21270249], [16.36765537, 48.2126808], [16.36772075, 48.21266279], [16.36776289, 48.21270397]]]}, "properties": {"id": 25547846, "bauperiode": "1884-1918"}}, {"type": "Feature", "geometry": {"type": "Polygon", "coordinates": [[[16.3677913, 48.21273175], [16.36761145, 48.2128113], [16.3675973, 48.21279719], [16.36761117, 48.21279089], [16.36759474, 48.21277452], [16.36776289, 48.21270397], [16.3677913, 48.21273175]]]}, "properties": {"id": 25547956, "bauperiode": "1884-1918"}}, {"type": "Feature", "geometry": {"type": "Polygon", "coordinates": [[[16.35814007, 48.21197094], [16.35805573, 48.21198155], [16.35804984, 48.21196091], [16.3580306, 48.21189543], [16.35803387, 48.21189503], [16.35816425, 48.21187869], [16.35820055, 48.21187417], [16.35822424, 48.21196035], [16.35814007, 48.21197094]]]}, "properties": {"id": 25534353, "bauperiode": "1860-1883"}}, {"type": "Feature", "geometry": {"type": "Polygon", "coordinates": [[[16.35793741, 48.21190706], [16.35784456, 48.21191874], [16.35783823, 48.21189706], [16.35782664, 48.21185929], [16.35801554, 48.21183372], [16.35802605, 48.21186699], [16.35803387, 48.21189503], [16.3580306, 48.21189543], [16.35801786, 48.21189703], [16.35797709, 48.21190207], [16.35793741, 48.21190706]]]}, "properties": {"id": 25533497, "bauperiode": "1860-1883"}}, {"type": "Feature", "geometry": {"type": "Polygon", "coordinates": [[[16.35847071, 48.21192933], [16.35841644, 48.21193616], [16.3584104, 48.21191573], [16.35840323, 48.21189146], [16.35835247, 48.21171976], [16.3583547, 48.21171944], [16.35835255, 48.21171233], [16.35834932, 48.2117126], [16.35834864, 48.21170995], [16.35834447, 48.21171036], [16.35834393, 48.21170883], [16.35833559, 48.21170982], [16.35833526, 48.21170807], [16.35830989, 48.21171153], [16.35820913, 48.2117248], [16.35788041, 48.21176809], [16.35786235, 48.21176005], [16.35784965, 48.2117724], [16.35773531, 48.21178722], [16.357723, 48.21178899], [16.35771398, 48.21175778], [16.35772608, 48.21175616], [16.35772568, 48.21175481], [16.3577277, 48.21175445], [16.35772729, 48.21175238], [16.35773133, 48.21175157], [16.35773066, 48.21174888], [16.35773389, 48.21174833], [16.35773362, 48.21174708], [16.35773563, 48.21174681], [16.35773254, 48.2117388], [16.35777936, 48.21173241], [16.35778232, 48.21174068], [16.35778434, 48.21174032], [16.35778474, 48.21174176], [16.35778784, 48.21174158], [16.35778851, 48.21174428], [16.35779282, 48.21174392], [16.35779309, 48.21174563], [16.35780156, 48.21174437], [16.35780197, 48.21174616], [16.35782632, 48.21174283], [16.35782605, 48.21174121], [16.35782955, 48.21174049], [16.35782712, 48.21173186], [16.35789144, 48.2117233], [16.35789386, 48.21173266], [16.3578975, 48.21173212], [16.35789777, 48.21173356], [16.35790732, 48.21173247], [16.35790678, 48.21173059], [16.35791014, 48.21173005], [16.35790718, 48.21172123], [16.35797203, 48.21171286], [16.35797446, 48.21172185], [16.35797809, 48.21172158], [16.35797836, 48.21172311], [16.35798791, 48.21172185], [16.35798764, 48.21172005], [16.3579906, 48.21171951], [16.35798777, 48.21171088], [16.35805182, 48.21170232], [16.35805478, 48.21171131], [16.35805882, 48.21171077], [16.35805909, 48.21171257], [16.35806837, 48.21171131], [16.3580681, 48.21170933], [16.35807119, 48.21170888], [16.3580689, 48.21170016], [16.35813322, 48.21169178], [16.35813551, 48.21170059], [16.35813941, 48.21170014], [16.35813968, 48.21170194], [16.35814869, 48.21170068], [16.35814856, 48.2116987], [16.35815165, 48.21169825], [16.3581499, 48.2116898], [16.35821408, 48.21168088], [16.3582161, 48.21168988], [16.35821946, 48.21168961], [16.35822014, 48.21169123], [16.35822929, 48.21169005], [16.35822929, 48.21168808], [16.35823252, 48.21168763], [16.35823103, 48.21167863], [16.35829467, 48.21167026], [16.35829669, 48.21167907], [16.35830006, 48.21167889], [16.35830073, 48.2116806], [16.35832589, 48.21167736], [16.35832562, 48.21167574], [16.35833356, 48.21167448], [16.35833342, 48.21167304], [16.358338, 48.21167232], [16.35833732, 48.21166953], [16.35834028, 48.21166917], [16.35833975, 48.21166755], [16.35834149, 48.2116671], [16.35833907, 48.2116591], [16.35838616, 48.21165288], [16.35838845, 48.21166089], [16.35839007, 48.21166089], [16.35839074, 48.21166232], [16.35839343, 48.21166214], [16.35839464, 48.21166466], [16.35839868, 48.21166439], [16.35839949, 48.21166637], [16.35840191, 48.21166601], [16.35840231, 48.21166718], [16.35841523, 48.21166565], [16.35842453, 48.21169667], [16.35841175, 48.21169829], [16.35841175, 48.21169946], [16.35840946, 48.21169973], [16.35840973, 48.2117018], [16.35840529, 48.21170243], [16.35840583, 48.21170522], [16.358403, 48.21170567], [16.35840529, 48.21171304], [16.35840906, 48.21171259], [16.35841081, 48.21171673], [16.35840826, 48.21171718], [16.35841041, 48.21172365], [16.35841297, 48.21172302], [16.35841391, 48.21172536], [16.35842669, 48.21172383], [16.35843801, 48.21176322], [16.3584255, 48.21176493], [16.35842617, 48.21176709], [16.35842321, 48.21176763], [16.35842496, 48.21177401], [16.35842819, 48.21177383], [16.35842887, 48.2117759], [16.35844165, 48.21177446], [16.35845324, 48.2118134], [16.35844032, 48.21181529], [16.35844086, 48.21181745], [16.35843804, 48.2118179], [16.35844019, 48.21182455], [16.35844248, 48.21182419], [16.35844329, 48.21182635], [16.35845661, 48.21182491], [16.35846806, 48.2118634], [16.35845514, 48.21186556], [16.35845568, 48.21186763], [16.35845272, 48.21186817], [16.35845474, 48.21187455], [16.35845757, 48.21187446], [16.35845811, 48.21187662], [16.35847156, 48.21187509], [16.35848315, 48.21191421], [16.3584697, 48.21191574], [16.35847064, 48.21191808], [16.35846755, 48.21191871], [16.35847071, 48.21192933]]]}, "properties": {"id": 25533498, "bauperiode": "1860-1883"}}, {"type": "Feature", "geometry": {"type": "Polygon", "coordinates": [[[16.35791358, 48.21199945], [16.35779186, 48.21201479], [16.35778889, 48.21200472], [16.35778378, 48.21200553], [16.35778156, 48.21199788], [16.35777486, 48.21197485], [16.35777259, 48.21196704], [16.35777717, 48.21196623], [16.35772974, 48.21180463], [16.35772759, 48.21180481], [16.357723, 48.21178899], [16.35773531, 48.21178722], [16.35784965, 48.2117724], [16.35786235, 48.21176005], [16.35788041, 48.21176809], [16.35820913, 48.2117248], [16.35830989, 48.21171153], [16.35833526, 48.21170807], [16.35833559, 48.21170982], [16.35834393, 48.21170883], [16.35834447, 48.21171036], [16.35834864, 48.21170995], [16.35834932, 48.2117126], [16.35835255, 48.21171233], [16.3583547, 48.21171944], [16.35835247, 48.21171976], [16.35840323, 48.21189146], [16.3584104, 48.21191573], [16.35841644, 48.21193616], [16.35828162, 48.21195312], [16.35826544, 48.21189698], [16.35825668, 48.21186677], [16.35833861, 48.21185569], [16.35832002, 48.21179256], [16.35814565, 48.21181615], [16.35815562, 48.21184952], [16.35802605, 48.21186699], [16.35801554, 48.21183372], [16.35782664, 48.21185929], [16.35783823, 48.21189706], [16.35784456, 48.21191874], [16.35793741, 48.21190706], [16.35796299, 48.21199323], [16.35794661, 48.21199529], [16.35791358, 48.21199945]]]}, "properties": {"id": 25533500, "bauperiode": "1860-1883"}}, {"type": "Feature", "geometry": {"type": "Polygon", "coordinates": [[[16.35820055, 48.21187417], [16.35816425, 48.21187869], [16.35815562, 48.21184952], [16.35814565, 48.21181615], [16.35832002, 48.21179256], [16.35833861, 48.21185569], [16.35825668, 48.21186677], [16.35821941, 48.21187181], [16.35820055, 48.21187417]]]}, "properties": {"id": 25532877, "bauperiode": "1860-1883"}}, {"type": "Feature", "geometry": {"type": "Polygon", "coordinates": [[[16.36883406, 48.18672221], [16.36869572, 48.18687212], [16.36866285, 48.1868588], [16.36869324, 48.1868278], [16.36868728, 48.18682493], [16.3687664, 48.18673697], [16.36871973, 48.18671995], [16.36869927, 48.18674333], [16.36865758, 48.1867283], [16.36869014, 48.18669142], [16.36867065, 48.18668404], [16.36867467, 48.18667959], [16.36869196, 48.18666039], [16.36883224, 48.18671758], [16.36882993, 48.18672039], [16.36883406, 48.18672221]]]}, "properties": {"id": 23245312, "bauperiode": "1884-1918"}}, {"type": "Feature", "geometry": {"type": "Polygon", "coordinates": [[[16.36866285, 48.1868588], [16.36865585, 48.18686596], [16.36860609, 48.18684549], [16.36868024, 48.18676478], [16.36862298, 48.18674134], [16.36862014, 48.18674018], [16.36864124, 48.18671661], [16.36867065, 48.18668404], [16.36869014, 48.18669142], [16.36865758, 48.1867283], [16.36869927, 48.18674333], [16.36871973, 48.18671995], [16.3687664, 48.18673697], [16.36868728, 48.18682493], [16.36869324, 48.1868278], [16.36866285, 48.1868588]]]}, "properties": {"id": 23245314, "bauperiode": "1884-1918"}}, {"type": "Feature", "geometry": {"type": "Polygon", "coordinates": [[[16.36886866, 48.18673744], [16.36872766, 48.18689549], [16.36865585, 48.18686596], [16.36866285, 48.1868588], [16.36869572, 48.18687212], [16.36883406, 48.18672221], [16.36886866, 48.18673744]]]}, "properties": {"id": 23245308, "bauperiode": "1884-1918"}}, {"type": "Feature", "geometry": {"type": "Polygon", "coordinates": [[[16.38903038, 48.1986752], [16.38902732, 48.19878437], [16.38886369, 48.19878236], [16.38885764, 48.19878227], [16.38885983, 48.19869702], [16.3889201, 48.19869771], [16.38892152, 48.19864303], [16.38883382, 48.19864199], [16.38883507, 48.19859515], [16.38899541, 48.19859839], [16.38899536, 48.19859965], [16.38899257, 48.19867437], [16.38902594, 48.19867503], [16.38902934, 48.19867521], [16.3890297, 48.1986751], [16.38903038, 48.1986752]]]}, "properties": {"id": 24332114, "bauperiode": "1919-1945"}}, {"type": "Feature", "geometry": {"type": "Polygon", "coordinates": [[[16.38899709, 48.1985375], [16.38899704, 48.19853979], [16.38883664, 48.19853655], [16.38883783, 48.1984918], [16.38892554, 48.19849275], [16.38892696, 48.19843888], [16.3888667, 48.19843819], [16.38886814, 48.19839718], [16.3888697, 48.1983514], [16.38903913, 48.19835329], [16.3890361, 48.19846292], [16.38903533, 48.19846294], [16.38903191, 48.19846293], [16.38899869, 48.19846296], [16.38899709, 48.1985375]]]}, "properties": {"id": 24332110, "bauperiode": "1919-1945"}}, {"type": "Feature", "geometry": {"type": "Polygon", "coordinates": [[[16.38672972, 48.19883404], [16.38661538, 48.19883652], [16.38660989, 48.19872402], [16.3868691, 48.19871831], [16.3868726, 48.19871824], [16.38689518, 48.19883037], [16.38689181, 48.19883045], [16.38680814, 48.1988323], [16.386808, 48.19882717], [16.3868069, 48.19879678], [16.38677448, 48.19879733], [16.3867742, 48.19879166], [16.38674811, 48.19879231], [16.38674879, 48.19880346], [16.38675498, 48.19880333], [16.38675595, 48.19882978], [16.38672958, 48.19883036], [16.38672972, 48.19883404]]]}, "properties": {"id": 24518506, "bauperiode": "1884-1918"}}, {"type": "Feature", "geometry": {"type": "MultiPolygon", "coordinates": [[[[16.38662412, 48.19900005], [16.38662354, 48.19900006], [16.38661801, 48.19888893], [16.38661799, 48.19888855], [16.38673233, 48.19888602], [16.38672972, 48.19883404], [16.38672958, 48.19883036], [16.38675595, 48.19882978], [16.38677997, 48.19882925], [16.38678016, 48.19883294], [16.38678071, 48.1988449], [16.38678291, 48.19888861], [16.38680349, 48.19888815], [16.38680335, 48.19888446], [16.38689778, 48.19888235], [16.38690336, 48.19899468], [16.38677423, 48.19899754], [16.38675326, 48.19899789], [16.38662412, 48.19900005]], [[16.38674581, 48.19891821], [16.38674636, 48.19892945], [16.38677165, 48.1989289], [16.3867711, 48.19891766], [16.38674581, 48.19891821]]]]}, "properties": {"id": 24518490, "bauperiode": "1884-1918"}}, {"type": "Feature", "geometry": {"type": "MultiPolygon", "coordinates": [[[[16.38645087, 48.19884019], [16.38633532, 48.19884272], [16.3863353, 48.19884234], [16.3863301, 48.1987352], [16.38632983, 48.19873017], [16.38660989, 48.19872402], [16.38661538, 48.19883652], [16.38661202, 48.1988366], [16.38652258, 48.19883861], [16.38650131, 48.19883909], [16.38650117, 48.1988354], [16.38645073, 48.1988365], [16.38645087, 48.19884019]], [[16.38647611, 48.19879746], [16.38647666, 48.19880942], [16.38650384, 48.19880878], [16.38650315, 48.19879682], [16.38647611, 48.19879746]]]]}, "properties": {"id": 24518504, "bauperiode": "1884-1918"}}, {"type": "Feature", "geometry": {"type": "MultiPolygon", "coordinates": [[[[16.38640236, 48.19900441], [16.38634347, 48.19900576], [16.38633792, 48.19889465], [16.38639496, 48.19889345], [16.38645347, 48.19889217], [16.38645087, 48.19884019], [16.38645073, 48.1988365], [16.38650117, 48.1988354], [16.38650131, 48.19883909], [16.38650405, 48.19889476], [16.38652464, 48.1988943], [16.38652436, 48.19889061], [16.3865279, 48.19889053], [16.38661463, 48.19888862], [16.38661799, 48.19888855], [16.38661801, 48.19888893], [16.38662354, 48.19900006], [16.38662278, 48.19900007], [16.38657157, 48.19900096], [16.38650277, 48.19900215], [16.38649481, 48.19900229], [16.38649369, 48.19900231], [16.38647175, 48.19900282], [16.38640236, 48.19900441]], [[16.38646764, 48.1989338], [16.38649104, 48.19893397], [16.38649117, 48.19892426], [16.38646776, 48.19892409], [16.38646764, 48.1989338]]]]}, "properties": {"id": 24518487, "bauperiode": "1884-1918"}}, {"type": "Feature", "geometry": {"type": "Polygon", "coordinates": [[[16.35851964, 48.19808046], [16.35850216, 48.19809863], [16.3584681, 48.19808463], [16.35849506, 48.1980559], [16.35856347, 48.19798295], [16.35859978, 48.19799789], [16.35858297, 48.19801525], [16.35859992, 48.19802253], [16.35856833, 48.19805518], [16.35853659, 48.19808783], [16.35851964, 48.19808046]]]}, "properties": {"id": 24255120, "bauperiode": "1884-1918"}}, {"type": "Feature", "geometry": {"type": "MultiPolygon", "coordinates": [[[[16.35910108, 48.19839871], [16.3589723, 48.19854015], [16.35885021, 48.19849254], [16.35882329, 48.19848204], [16.35882509, 48.19848008], [16.35887358, 48.19842735], [16.3588242, 48.19840704], [16.35874347, 48.19837387], [16.35871349, 48.19840706], [16.35869263, 48.19843001], [16.3586792, 48.19842469], [16.35863493, 48.19840707], [16.35863208, 48.19840593], [16.35858098, 48.19838559], [16.35855098, 48.19837363], [16.35854546, 48.19837507], [16.35854797, 48.19837221], [16.35859521, 48.19831814], [16.35840807, 48.19824578], [16.35836141, 48.19829822], [16.35829321, 48.19827112], [16.35836319, 48.19819649], [16.35838771, 48.19817036], [16.35841642, 48.19818162], [16.35843658, 48.19818953], [16.35844803, 48.19817649], [16.35846095, 48.19816176], [16.35841329, 48.19814307], [16.3584681, 48.19808463], [16.35850216, 48.19809863], [16.35903872, 48.19832048], [16.35911758, 48.19835364], [16.35912055, 48.19835489], [16.35912161, 48.19835534], [16.3591267, 48.19836839], [16.35910038, 48.19839828], [16.35910108, 48.19839871]], [[16.35866639, 48.19829878], [16.35873591, 48.19832578], [16.3587538, 48.19830479], [16.3586842, 48.19827671], [16.35866639, 48.19829878]], [[16.35889187, 48.19842069], [16.35891568, 48.19843049], [16.35893733, 48.19840701], [16.35894943, 48.19839379], [16.35892562, 48.19838399], [16.35890451, 48.19840702], [16.35889187, 48.19842069]]]]}, "properties": {"id": 24255257, "bauperiode": "1884-1918"}}, {"type": "Feature", "geometry": {"type": "Polygon", "coordinates": [[[16.35859521, 48.19831814], [16.35854797, 48.19837221], [16.35849945, 48.19835314], [16.35845761, 48.19833642], [16.35836141, 48.19829822], [16.35840807, 48.19824578], [16.35859521, 48.19831814]]]}, "properties": {"id": 24256353, "bauperiode": "1884-1918"}}, {"type": "Feature", "geometry": {"type": "Polygon", "coordinates": [[[16.35873959, 48.19779983], [16.35870987, 48.19783023], [16.35868118, 48.19781812], [16.35864803, 48.19780414], [16.35863631, 48.19779919], [16.35861913, 48.19779195], [16.35849595, 48.19773998], [16.35850563, 48.19772973], [16.35858133, 48.19765021], [16.35858187, 48.19764976], [16.3586595, 48.19767907], [16.35870655, 48.19762069], [16.35877772, 48.19764208], [16.35876737, 48.19765989], [16.35877249, 48.19766331], [16.35877666, 48.19766717], [16.35877989, 48.19767149], [16.35878204, 48.1976758], [16.35878326, 48.19768021], [16.35878339, 48.19768471], [16.35878205, 48.19768902], [16.3587799, 48.19769226], [16.35877506, 48.19769658], [16.35876685, 48.19770108], [16.35875946, 48.19770324], [16.35875434, 48.19770405], [16.35874896, 48.19770414], [16.35874251, 48.19770342], [16.35873632, 48.19770198], [16.3587296, 48.19771296], [16.35879576, 48.19773798], [16.35879875, 48.19773911], [16.35873959, 48.19779983]]]}, "properties": {"id": 24255131, "bauperiode": "1884-1918"}}, {"type": "Feature", "geometry": {"type": "Polygon", "coordinates": [[[16.35887875, 48.19764674], [16.3588614, 48.19766724], [16.35885827, 48.1976663], [16.35877772, 48.19764208], [16.35870655, 48.19762069], [16.35863148, 48.19759822], [16.35863108, 48.19759804], [16.35866496, 48.19755784], [16.35871524, 48.19749874], [16.35884399, 48.19753882], [16.35883983, 48.19754697], [16.35888348, 48.19755668], [16.35887025, 48.19758549], [16.35891774, 48.19759861], [16.35891585, 48.1976032], [16.35887875, 48.19764674]]]}, "properties": {"id": 24255141, "bauperiode": "1884-1918"}}, {"type": "Feature", "geometry": {"type": "Polygon", "coordinates": [[[16.35893507, 48.19755958], [16.35893171, 48.19756624], [16.35888348, 48.19755668], [16.35883983, 48.19754697], [16.35884399, 48.19753882], [16.35886402, 48.1974926], [16.35886056, 48.19746884], [16.35875025, 48.19744818], [16.35875194, 48.19744504], [16.35877909, 48.19739468], [16.35881162, 48.19733712], [16.35881202, 48.19733618], [16.3589808, 48.19736879], [16.35900343, 48.19737316], [16.35902723, 48.19737789], [16.35902582, 48.19738051], [16.35898346, 48.19746361], [16.35895002, 48.1974568], [16.35896301, 48.19742676], [16.35881911, 48.19739896], [16.35881242, 48.19741444], [16.35878054, 48.19740827], [16.35877064, 48.19743119], [16.35888099, 48.19745251], [16.35887278, 48.19747151], [16.3589382, 48.19748415], [16.35893758, 48.19748559], [16.35896894, 48.19749212], [16.35893507, 48.19755958]]]}, "properties": {"id": 24255708, "bauperiode": "1884-1918"}}, {"type": "Feature", "geometry": {"type": "Polygon", "coordinates": [[[16.35895002, 48.1974568], [16.3589382, 48.19748415], [16.35887278, 48.19747151], [16.35888099, 48.19745251], [16.35877064, 48.19743119], [16.35878054, 48.19740827], [16.35881242, 48.19741444], [16.35881911, 48.19739896], [16.35896301, 48.19742676], [16.35895002, 48.1974568]]]}, "properties": {"id": 24255742, "bauperiode": "1884-1918"}}, {"type": "Feature", "geometry": {"type": "Polygon", "coordinates": [[[16.36982651, 48.20726375], [16.36978118, 48.20727815], [16.36974132, 48.20722186], [16.36971145, 48.20723131], [16.36968735, 48.20719715], [16.36967013, 48.20720264], [16.36964172, 48.20716245], [16.36974005, 48.20713148], [16.36970086, 48.20707475], [16.36977188, 48.20704433], [16.36982864, 48.20702004], [16.36984276, 48.207014], [16.36992316, 48.20712765], [16.36993474, 48.2071441], [16.36998378, 48.20721335], [16.36998402, 48.2072137], [16.36998416, 48.20721397], [16.3698791, 48.20724718], [16.36986216, 48.20725258], [16.36983522, 48.20721455], [16.36979971, 48.2072258], [16.36982651, 48.20726375]]]}, "properties": {"id": 25450437, "bauperiode": "1884-1918"}}, {"type": "Feature", "geometry": {"type": "MultiPolygon", "coordinates": [[[[16.36977188, 48.20704433], [16.36970086, 48.20707475], [16.36969945, 48.2070727], [16.3696416, 48.20698897], [16.36955296, 48.20701633], [16.3695162, 48.20697677], [16.36952226, 48.20697488], [16.36951189, 48.20695987], [16.36964168, 48.20690578], [16.36972333, 48.20687059], [16.36982864, 48.20702004], [16.36977188, 48.20704433]], [[16.36967714, 48.20701198], [16.36968306, 48.20701198], [16.36968898, 48.20701117], [16.36969436, 48.20700955], [16.3696992, 48.20700721], [16.36970296, 48.20700424], [16.36970552, 48.20700064], [16.36970673, 48.20699686], [16.36970672, 48.20699291], [16.36970551, 48.20698895], [16.36970309, 48.20698535], [16.36969959, 48.20698212], [16.36969515, 48.2069796], [16.36968976, 48.20697789], [16.36968411, 48.20697708], [16.36967819, 48.20697709], [16.36967227, 48.2069779], [16.36966689, 48.20697952], [16.36966205, 48.20698186], [16.36965828, 48.20698483], [16.36965573, 48.20698842], [16.36965452, 48.2069922], [16.36965452, 48.20699616], [16.36965574, 48.20700012], [16.36965816, 48.20700371], [16.36966166, 48.20700695], [16.3696661, 48.20700947], [16.36967149, 48.20701117], [16.36967714, 48.20701198]]]]}, "properties": {"id": 25450470, "bauperiode": "1884-1918"}}, {"type": "Feature", "geometry": {"type": "Polygon", "coordinates": [[[16.36645162, 48.2131053], [16.36639005, 48.21316552], [16.36634116, 48.21314322], [16.36636658, 48.2131183], [16.36635622, 48.21311786], [16.36634586, 48.21311696], [16.36633576, 48.21311543], [16.36632513, 48.21311328], [16.3663149, 48.21311049], [16.36630494, 48.21310717], [16.3662966, 48.21311068], [16.36625863, 48.21307031], [16.3662659, 48.21306725], [16.36626572, 48.21306592], [16.36626559, 48.21306459], [16.36626547, 48.21306326], [16.3662654, 48.21306192], [16.36626534, 48.21306058], [16.36626533, 48.21305925], [16.36626533, 48.21305792], [16.36626538, 48.21305658], [16.36626545, 48.21305525], [16.36626555, 48.21305392], [16.36626569, 48.21305259], [16.36626585, 48.21305126], [16.36626605, 48.21304993], [16.36626628, 48.21304859], [16.36626653, 48.21304726], [16.36626683, 48.21304592], [16.36626715, 48.21304459], [16.3662675, 48.21304326], [16.36626789, 48.21304194], [16.36626831, 48.21304063], [16.36626875, 48.21303931], [16.36626922, 48.213038], [16.36626973, 48.2130367], [16.36627027, 48.2130354], [16.36627083, 48.21303411], [16.36627365, 48.21302856], [16.36634028, 48.21299831], [16.36634312, 48.21300126], [16.36634719, 48.21299952], [16.36645162, 48.2131053]]]}, "properties": {"id": 23783916, "bauperiode": "1860-1883"}}, {"type": "Feature", "geometry": {"type": "Polygon", "coordinates": [[[16.3662158, 48.21345811], [16.36621477, 48.21345878], [16.36612385, 48.21341725], [16.36611184, 48.21341176], [16.36611412, 48.21340962], [16.36610513, 48.21340557], [16.36607407, 48.21339158], [16.36606451, 48.21338726], [16.36606245, 48.21338929], [16.36605031, 48.2133837], [16.36598923, 48.21335624], [16.3659702, 48.21334758], [16.36596168, 48.21334371], [16.36597299, 48.21333287], [16.36606282, 48.21324672], [16.36614856, 48.2132859], [16.36622871, 48.21320746], [16.36614297, 48.21316836], [16.36619381, 48.21311853], [16.36622261, 48.21313165], [16.36623525, 48.21311933], [16.36625219, 48.21310269], [16.36634116, 48.21314322], [16.36639005, 48.21316552], [16.36639298, 48.21316686], [16.36647777, 48.2132056], [16.36647724, 48.21320605], [16.36648087, 48.21320776], [16.36643488, 48.21325183], [16.3664307, 48.21325058], [16.36627121, 48.21340584], [16.36627471, 48.21340755], [16.36622361, 48.21345801], [16.36622199, 48.2134573], [16.36622121, 48.21345787], [16.36621957, 48.21345847], [16.36621914, 48.21345854], [16.36621685, 48.21345844], [16.3662158, 48.21345811]]]}, "properties": {"id": 23782415, "bauperiode": "1860-1883"}}, {"type": "Feature", "geometry": {"type": "Polygon", "coordinates": [[[16.36622871, 48.21320746], [16.36614856, 48.2132859], [16.36606282, 48.21324672], [16.36613396, 48.21317718], [16.36614297, 48.21316836], [16.36622871, 48.21320746]]]}, "properties": {"id": 23782423, "bauperiode": "1860-1883"}}, {"type": "Feature", "geometry": {"type": "Polygon", "coordinates": [[[16.36627083, 48.21303411], [16.36622714, 48.21305566], [16.36616602, 48.21300019], [16.36618983, 48.21298849], [16.36612426, 48.21292007], [16.36611537, 48.21290809], [16.36610825, 48.21289561], [16.36610294, 48.21288272], [16.3660995, 48.21286956], [16.36609796, 48.21285623], [16.36609834, 48.21284287], [16.36610063, 48.21282959], [16.36610482, 48.21281652], [16.36611086, 48.21280378], [16.36611869, 48.21279148], [16.36612827, 48.21277974], [16.36613946, 48.21276867], [16.36615221, 48.21275837], [16.36616636, 48.21274893], [16.3661818, 48.21274044], [16.36620008, 48.2127323], [16.36621955, 48.21272549], [16.36623997, 48.21272008], [16.36626113, 48.21271615], [16.36628279, 48.21271371], [16.36630471, 48.21271282], [16.36632666, 48.21271348], [16.36634838, 48.21271566], [16.36636964, 48.21271937], [16.36639019, 48.21272456], [16.36640981, 48.21273115], [16.36642829, 48.21273909], [16.36644541, 48.21274828], [16.366461, 48.21275864], [16.36647487, 48.21277002], [16.36661331, 48.21291117], [16.36663206, 48.21289304], [16.36665104, 48.21291024], [16.36655624, 48.21300298], [16.3664916, 48.21293751], [16.36649917, 48.21293426], [16.36644879, 48.21288185], [16.3664559, 48.21287869], [16.36639087, 48.21281327], [16.36636267, 48.21279531], [16.36632087, 48.21278439], [16.36629096, 48.21278456], [16.36624987, 48.21279501], [16.36621793, 48.21281676], [16.36620677, 48.2128344], [16.3662027, 48.21286307], [16.36621746, 48.21289027], [16.36628249, 48.21295568], [16.36629429, 48.21295046], [16.36634028, 48.21299831], [16.36627365, 48.21302856], [16.36627083, 48.21303411]]]}, "properties": {"id": 23783962, "bauperiode": "1860-1883"}}, {"type": "Feature", "geometry": {"type": "Polygon", "coordinates": [[[16.36655624, 48.21300298], [16.36645162, 48.2131053], [16.36634719, 48.21299952], [16.36634312, 48.21300126], [16.36634028, 48.21299831], [16.36629429, 48.21295046], [16.36628249, 48.21295568], [16.36621746, 48.21289027], [16.3662027, 48.21286307], [16.36620677, 48.2128344], [16.36621793, 48.21281676], [16.36624987, 48.21279501], [16.36629096, 48.21278456], [16.36632087, 48.21278439], [16.36636267, 48.21279531], [16.36639087, 48.21281327], [16.3664559, 48.21287869], [16.36644879, 48.21288185], [16.36649917, 48.21293426], [16.3664916, 48.21293751], [16.36655624, 48.21300298]]]}, "properties": {"id": 23783963, "bauperiode": "1860-1883"}}, {"type": "Feature", "geometry": {"type": "Polygon", "coordinates": [[[16.36659101, 48.21309567], [16.36647843, 48.2132059], [16.36647777, 48.2132056], [16.36639298, 48.21316686], [16.36639005, 48.21316552], [16.36645162, 48.2131053], [16.36655624, 48.21300298], [16.36665104, 48.21291024], [16.3666532, 48.21291219], [16.36673873, 48.21295099], [16.3667392, 48.2129512], [16.36673957, 48.21295137], [16.3666261, 48.21306122], [16.36662732, 48.21306203], [16.36662051, 48.21306865], [16.36659877, 48.21308981], [16.36659208, 48.2130963], [16.36659101, 48.21309567]]]}, "properties": {"id": 23783967, "bauperiode": "1860-1883"}}, {"type": "Feature", "geometry": {"type": "MultiPolygon", "coordinates": [[[[16.37099299, 48.20270923], [16.37091937, 48.20272569], [16.37091605, 48.20271924], [16.37089126, 48.20267131], [16.3708894, 48.2026677], [16.37093887, 48.20265664], [16.37091665, 48.20261258], [16.37086673, 48.20262375], [16.37086351, 48.20261754], [16.37085085, 48.20259281], [16.3708134, 48.20252025], [16.37080685, 48.20250754], [16.37078755, 48.20247007], [16.37078565, 48.20246639], [16.37075032, 48.20239769], [16.3707821, 48.20239084], [16.37077166, 48.20236926], [16.370786, 48.20236576], [16.37079152, 48.20236462], [16.37079716, 48.20236383], [16.37080291, 48.20236342], [16.37080868, 48.20236338], [16.37081442, 48.20236372], [16.3708201, 48.20236443], [16.37082565, 48.20236551], [16.370831, 48.20236693], [16.37083212, 48.20236728], [16.37083778, 48.20236937], [16.37084252, 48.20237157], [16.37084692, 48.20237407], [16.37085094, 48.20237684], [16.37085454, 48.20237986], [16.37085768, 48.2023831], [16.37086033, 48.20238652], [16.37086247, 48.20239011], [16.37087745, 48.20241926], [16.37088841, 48.20244099], [16.37096253, 48.20242423], [16.3711078, 48.20239137], [16.37109958, 48.2023751], [16.37109649, 48.20237402], [16.37109353, 48.20237285], [16.3710907, 48.2023715], [16.37108801, 48.20236998], [16.37108545, 48.20236836], [16.37108316, 48.20236656], [16.37108101, 48.20236467], [16.37107912, 48.20236269], [16.37107751, 48.20236063], [16.37107603, 48.20235856], [16.37107495, 48.20235631], [16.37107401, 48.20235406], [16.37107333, 48.20235181], [16.37107293, 48.20234948], [16.37107279, 48.20234714], [16.37107292, 48.2023448], [16.37107319, 48.20234246], [16.37107386, 48.20234012], [16.3710748, 48.20233787], [16.37107588, 48.20233572], [16.37107735, 48.20233356], [16.37107897, 48.20233149], [16.37108085, 48.20232951], [16.37108287, 48.20232762], [16.37108515, 48.20232582], [16.37108771, 48.2023242], [16.3710904, 48.20232267], [16.37109322, 48.20232123], [16.37109618, 48.20232006], [16.37109927, 48.20231898], [16.3711025, 48.20231799], [16.37110573, 48.20231727], [16.37110909, 48.20231664], [16.37111259, 48.20231628], [16.37111609, 48.20231601], [16.37111958, 48.20231592], [16.37112308, 48.2023161], [16.37112658, 48.20231636], [16.37112994, 48.20231681], [16.37113331, 48.20231744], [16.37113667, 48.20231825], [16.3711399, 48.20231915], [16.37114286, 48.20232032], [16.37114582, 48.20232157], [16.37114865, 48.20232301], [16.37115121, 48.20232454], [16.37115363, 48.20232625], [16.37115592, 48.20232805], [16.37115794, 48.20232993], [16.37115982, 48.20233191], [16.3711613, 48.20233407], [16.37116265, 48.20233623], [16.37116373, 48.20233839], [16.37116467, 48.20234072], [16.37116521, 48.20234297], [16.37116548, 48.20234531], [16.37116562, 48.20234765], [16.37116535, 48.20234999], [16.37116495, 48.20235233], [16.37116414, 48.20235457], [16.3711632, 48.20235682], [16.37116199, 48.20235907], [16.37116051, 48.20236114], [16.37115877, 48.20236321], [16.37115675, 48.20236519], [16.3711546, 48.20236699], [16.37115231, 48.2023687], [16.37145294, 48.20230071], [16.3714493, 48.20230044], [16.37144581, 48.20229999], [16.37144231, 48.20229945], [16.37143894, 48.20229864], [16.37143572, 48.20229774], [16.37143249, 48.20229667], [16.37142939, 48.20229541], [16.37142656, 48.20229397], [16.37142374, 48.20229244], [16.37142118, 48.20229073], [16.37141889, 48.20228903], [16.37141674, 48.20228705], [16.37141472, 48.20228507], [16.37141297, 48.202283], [16.37141149, 48.20228075], [16.37141028, 48.2022786], [16.37140933, 48.20227626], [16.37140866, 48.20227392], [16.37140812, 48.20227158], [16.37140798, 48.20226915], [16.37140798, 48.20226673], [16.37140838, 48.20226439], [16.37140892, 48.20226205], [16.37140986, 48.20225971], [16.37141093, 48.20225746], [16.37141228, 48.20225521], [16.37141389, 48.20225305], [16.37141577, 48.20225099], [16.37141779, 48.2022491], [16.37142008, 48.20224721], [16.3714225, 48.2022455], [16.37142519, 48.20224388], [16.37142801, 48.20224244], [16.37143097, 48.20224109], [16.37143406, 48.20223992], [16.37143729, 48.20223893], [16.37144065, 48.20223803], [16.37144415, 48.2022374], [16.37144765, 48.20223686], [16.37145114, 48.2022365], [16.37145464, 48.2022364], [16.37145827, 48.2022364], [16.37146191, 48.20223658], [16.3714654, 48.20223694], [16.3714689, 48.20223748], [16.37147227, 48.2022382], [16.37147563, 48.2022391], [16.37147886, 48.20224017], [16.37148195, 48.20224134], [16.37148478, 48.20224269], [16.37148761, 48.20224422], [16.3714903, 48.20224584], [16.37149272, 48.20224763], [16.37149487, 48.20224943], [16.37149689, 48.20225141], [16.37149864, 48.20225357], [16.37150026, 48.20225564], [16.37150161, 48.20225788], [16.37150268, 48.20226022], [16.37150349, 48.20226256], [16.37150403, 48.2022649], [16.3715043, 48.20226724], [16.37150431, 48.20226966], [16.37150404, 48.202272], [16.3715035, 48.20227443], [16.3715027, 48.20227677], [16.37150162, 48.20227902], [16.37150041, 48.20228127], [16.3714988, 48.20228343], [16.37149705, 48.20228549], [16.37149504, 48.20228747], [16.37149288, 48.20228936], [16.37149046, 48.20229116], [16.37148791, 48.20229278], [16.37149545, 48.20230717], [16.37151119, 48.20230348], [16.37151767, 48.2023158], [16.37161726, 48.20250505], [16.37162219, 48.20251442], [16.37161675, 48.20251686], [16.37160995, 48.20251991], [16.37161763, 48.20253529], [16.37162099, 48.20253565], [16.37162436, 48.20253619], [16.37162772, 48.2025369], [16.37163081, 48.20253771], [16.37163391, 48.20253879], [16.37163687, 48.20253996], [16.3716397, 48.20254131], [16.37164239, 48.20254284], [16.37164494, 48.20254436], [16.37164723, 48.20254616], [16.37164925, 48.20254796], [16.37165114, 48.20254994], [16.37165275, 48.20255201], [16.3716541, 48.20255407], [16.37165531, 48.20255623], [16.37165625, 48.20255848], [16.37165679, 48.20256073], [16.3716572, 48.20256307], [16.37165734, 48.2025654], [16.3716572, 48.20256765], [16.3716568, 48.20256999], [16.37165613, 48.20257224], [16.37165519, 48.20257449], [16.37165398, 48.20257665], [16.37165264, 48.20257872], [16.37165089, 48.20258078], [16.37164901, 48.20258267], [16.37164699, 48.20258456], [16.37164457, 48.20258627], [16.37164215, 48.20258789], [16.37163946, 48.20258933], [16.37163663, 48.20259068], [16.37163368, 48.20259185], [16.37163058, 48.20259284], [16.37162735, 48.20259365], [16.37162399, 48.20259437], [16.37162063, 48.20259491], [16.37161727, 48.20259527], [16.37161377, 48.20259546], [16.37161027, 48.20259546], [16.37160691, 48.20259528], [16.37160341, 48.20259492], [16.37160005, 48.20259438], [16.37159682, 48.20259366], [16.37159359, 48.20259276], [16.37159049, 48.20259178], [16.37158753, 48.20259052], [16.37158471, 48.20258926], [16.37158201, 48.20258773], [16.37157959, 48.20258611], [16.3715773, 48.2025844], [16.37157515, 48.20258261], [16.37157326, 48.20258063], [16.37157165, 48.20257856], [16.3715703, 48.20257649], [16.37156909, 48.20257433], [16.37156815, 48.20257209], [16.37156747, 48.20256984], [16.3715672, 48.2025675], [16.37156707, 48.20256516], [16.3715672, 48.20256291], [16.3715676, 48.20256058], [16.37156827, 48.20255833], [16.37156908, 48.20255608], [16.37157029, 48.20255392], [16.37157176, 48.20255185], [16.37157338, 48.20254978], [16.37128943, 48.20261318], [16.37129212, 48.2026139], [16.37129535, 48.20261489], [16.37129831, 48.20261606], [16.37130114, 48.20261731], [16.37130383, 48.20261875], [16.37130638, 48.20262037], [16.37130881, 48.20262208], [16.37131083, 48.20262388], [16.37131285, 48.20262585], [16.37131446, 48.20262783], [16.37131594, 48.20262999], [16.37131716, 48.20263215], [16.3713181, 48.2026344], [16.37131891, 48.20263664], [16.37131931, 48.20263898], [16.37131945, 48.20264123], [16.37131932, 48.20264357], [16.37131905, 48.20264591], [16.37131838, 48.20264816], [16.37131744, 48.2026504], [16.37131636, 48.20265265], [16.37131502, 48.20265472], [16.37131341, 48.20265679], [16.37131152, 48.20265877], [16.37130937, 48.20266057], [16.37130709, 48.20266237], [16.37130467, 48.20266399], [16.37130198, 48.20266552], [16.37129915, 48.20266687], [16.37129619, 48.20266804], [16.3712931, 48.20266912], [16.37128664, 48.20267074], [16.37128328, 48.20267128], [16.37127978, 48.20267164], [16.37127642, 48.20267182], [16.37127292, 48.20267182], [16.37126942, 48.20267164], [16.37126606, 48.20267137], [16.3712627, 48.20267084], [16.37125933, 48.20267021], [16.3712561, 48.20266931], [16.37125301, 48.20266832], [16.37124991, 48.20266715], [16.37124709, 48.2026658], [16.3712444, 48.20266437], [16.37124184, 48.20266275], [16.37123955, 48.20266104], [16.3712374, 48.20265924], [16.37123551, 48.20265726], [16.3712339, 48.20265529], [16.37123242, 48.20265313], [16.3712312, 48.20265097], [16.37123026, 48.20264872], [16.37122959, 48.20264647], [16.37122918, 48.20264414], [16.37122905, 48.2026418], [16.37122918, 48.20263955], [16.37122945, 48.20263721], [16.37123012, 48.20263496], [16.37123106, 48.20263271], [16.37123213, 48.20263047], [16.37123361, 48.2026284], [16.37123522, 48.20262633], [16.37123657, 48.20262498], [16.37097965, 48.20268234], [16.37099299, 48.20270923]], [[16.37097037, 48.20248647], [16.37102708, 48.20259429], [16.37147607, 48.20248875], [16.37141936, 48.20238094], [16.37097037, 48.20248647]]]]}, "properties": {"id": 25449990, "bauperiode": "Nach 1976"}}, {"type": "Feature", "geometry": {"type": "Polygon", "coordinates": [[[16.37087815, 48.20241649], [16.37087745, 48.20241926], [16.37086247, 48.20239011], [16.37086033, 48.20238652], [16.37085768, 48.2023831], [16.37085454, 48.20237986], [16.37085094, 48.20237684], [16.37084692, 48.20237407], [16.37084252, 48.20237157], [16.37083778, 48.20236937], [16.37083212, 48.20236728], [16.370831, 48.20236693], [16.37082565, 48.20236551], [16.3708201, 48.20236443], [16.37081442, 48.20236372], [16.37080868, 48.20236338], [16.37080291, 48.20236342], [16.37079716, 48.20236383], [16.37079152, 48.20236462], [16.370786, 48.20236576], [16.37077166, 48.20236926], [16.37076735, 48.20236104], [16.37077308, 48.20235972], [16.37083142, 48.20234622], [16.37083516, 48.20234536], [16.37088768, 48.20233327], [16.37089222, 48.20233223], [16.3709337, 48.20240655], [16.37092217, 48.20240937], [16.37092157, 48.20240952], [16.37091853, 48.20240757], [16.37091505, 48.20240599], [16.37091123, 48.20240481], [16.37090717, 48.20240407], [16.37090298, 48.2024038], [16.37089879, 48.20240399], [16.3708947, 48.20240465], [16.37089082, 48.20240575], [16.37088728, 48.20240727], [16.37088416, 48.20240916], [16.37088156, 48.20241136], [16.37087953, 48.20241383], [16.37087815, 48.20241649]]]}, "properties": {"id": 25450014, "bauperiode": "Nach 1976"}}, {"type": "Feature", "geometry": {"type": "Polygon", "coordinates": [[[16.37147607, 48.20248875], [16.37102708, 48.20259429], [16.37097037, 48.20248647], [16.37141936, 48.20238094], [16.37147607, 48.20248875]]]}, "properties": {"id": 25450002, "bauperiode": "Nach 1976"}}, {"type": "Feature", "geometry": {"type": "Polygon", "coordinates": [[[16.37106007, 48.20275527], [16.37105276, 48.2027569], [16.37103174, 48.20271488], [16.3711949, 48.20267841], [16.37121591, 48.20272021], [16.37108064, 48.20275064], [16.37106007, 48.20275527]]]}, "properties": {"id": 25449978, "bauperiode": "Nach 1976"}}, {"type": "Feature", "geometry": {"type": "Polygon", "coordinates": [[[16.37167534, 48.20249138], [16.37161726, 48.20250505], [16.37151767, 48.2023158], [16.37157602, 48.20230211], [16.37160037, 48.20234856], [16.37159288, 48.20234772], [16.37158744, 48.20234417], [16.37157971, 48.20234643], [16.37159457, 48.20237581], [16.37157775, 48.20237978], [16.37158, 48.20238412], [16.37158221, 48.20238841], [16.37158547, 48.2023871], [16.37158902, 48.20238597], [16.37159278, 48.20238506], [16.37159666, 48.2023844], [16.37160057, 48.20238403], [16.37160443, 48.20238399], [16.37160816, 48.20238431], [16.37161167, 48.20238503], [16.37161575, 48.2023867], [16.37161953, 48.20238923], [16.37162279, 48.20239237], [16.37162525, 48.20239588], [16.37162704, 48.20239943], [16.37162755, 48.20240286], [16.3716268, 48.20240586], [16.37162455, 48.2024082], [16.37162186, 48.20240982], [16.37161892, 48.20241145], [16.37161577, 48.20241302], [16.37161243, 48.20241449], [16.37160893, 48.20241582], [16.37160529, 48.20241695], [16.37160155, 48.20241782], [16.37159773, 48.2024184], [16.37160001, 48.20242278], [16.37160234, 48.20242729], [16.37161919, 48.2024231], [16.37163529, 48.20245205], [16.37164365, 48.20245063], [16.37164434, 48.20244609], [16.37164942, 48.20244207], [16.37167534, 48.20249138]]]}, "properties": {"id": 25452466, "bauperiode": "Nach 1976"}}, {"type": "Feature", "geometry": {"type": "Polygon", "coordinates": [[[16.37170171, 48.20241459], [16.3716827, 48.20241915], [16.37168286, 48.20241836], [16.37168267, 48.20241762], [16.37168211, 48.20241697], [16.37168125, 48.20241649], [16.37167963, 48.2024162], [16.37167802, 48.20241649], [16.37167747, 48.2024168], [16.37167162, 48.2024053], [16.37165198, 48.20236675], [16.3716458, 48.20235464], [16.37164664, 48.2023548], [16.37164824, 48.20235451], [16.37164909, 48.20235403], [16.37164964, 48.20235339], [16.37164983, 48.20235266], [16.37164964, 48.20235193], [16.37164909, 48.2023513], [16.37164822, 48.20235081], [16.37166706, 48.2023462], [16.3716864, 48.20234147], [16.37170575, 48.20233674], [16.37172194, 48.20233278], [16.37173814, 48.20232883], [16.3717531, 48.20232509], [16.37175294, 48.20232572], [16.37175313, 48.20232645], [16.37175368, 48.20232709], [16.37175453, 48.20232756], [16.37175612, 48.20232784], [16.3717577, 48.20232756], [16.37175855, 48.20232709], [16.37175883, 48.20232677], [16.37176557, 48.20234016], [16.37178446, 48.20237762], [16.37179068, 48.20238996], [16.37178994, 48.20238982], [16.37178835, 48.20239011], [16.37178751, 48.20239058], [16.37178695, 48.20239122], [16.37178677, 48.20239195], [16.37178696, 48.20239268], [16.37178751, 48.20239331], [16.37178782, 48.20239349], [16.37177266, 48.20239723], [16.37175659, 48.20240118], [16.37174051, 48.20240513], [16.37172112, 48.20240987], [16.37170171, 48.20241459]]]}, "properties": {"id": 25454226, "bauperiode": "Nach 1976"}}, {"type": "Feature", "geometry": {"type": "Polygon", "coordinates": [[[16.37191561, 48.20248117], [16.37188758, 48.20248756], [16.37188082, 48.20247501], [16.37189305, 48.20247189], [16.3718869, 48.2024604], [16.37187453, 48.20246356], [16.37186767, 48.20245076], [16.37188064, 48.2024478], [16.37187415, 48.20243628], [16.37186177, 48.20243944], [16.37185462, 48.20242673], [16.37186739, 48.20242383], [16.37186093, 48.20241234], [16.37184856, 48.2024155], [16.37184158, 48.20240248], [16.37185502, 48.20239961], [16.3718481, 48.20238794], [16.37183572, 48.2023911], [16.37182881, 48.20237839], [16.37184191, 48.20237531], [16.37183605, 48.20236498], [16.37182367, 48.20236812], [16.37180337, 48.20233003], [16.37180284, 48.20232904], [16.37181753, 48.20232539], [16.37181201, 48.20231615], [16.37179795, 48.20231957], [16.37179074, 48.20230673], [16.37180543, 48.20230307], [16.37179999, 48.20229224], [16.37178533, 48.20229598], [16.37177847, 48.20228354], [16.37179316, 48.20227988], [16.37178743, 48.20226871], [16.3717725, 48.20227259], [16.37176593, 48.2022598], [16.37178062, 48.20225614], [16.37177462, 48.20224546], [16.37176015, 48.20224914], [16.37175363, 48.20223646], [16.37176832, 48.2022328], [16.37176219, 48.20222217], [16.37174762, 48.20222571], [16.37174078, 48.20221326], [16.37177095, 48.20220638], [16.37191561, 48.20248117]]]}, "properties": {"id": 25454229, "bauperiode": "Nach 1976"}}, {"type": "Feature", "geometry": {"type": "Polygon", "coordinates": [[[16.37137949, 48.20230782], [16.37121403, 48.20234528], [16.37117312, 48.20226433], [16.37133855, 48.20222693], [16.37137949, 48.20230782]]]}, "properties": {"id": 25450025, "bauperiode": "Nach 1976"}}, {"type": "Feature", "geometry": {"type": "Polygon", "coordinates": [[[16.37157602, 48.20230211], [16.37151767, 48.2023158], [16.37151119, 48.20230348], [16.37151401, 48.20230123], [16.3715167, 48.20229889], [16.37151912, 48.20229646], [16.37152127, 48.20229394], [16.37152329, 48.20229133], [16.37152504, 48.20228872], [16.37152651, 48.20228594], [16.37152772, 48.20228315], [16.3715288, 48.20228027], [16.37152947, 48.20227739], [16.37153, 48.20227451], [16.37153014, 48.20227154], [16.37153013, 48.20226867], [16.37152973, 48.20226579], [16.37152919, 48.20226282], [16.37152825, 48.20225994], [16.37152717, 48.20225716], [16.37152582, 48.20225437], [16.3715242, 48.20225167], [16.37152232, 48.20224906], [16.3715203, 48.20224646], [16.37151801, 48.20224394], [16.37151545, 48.2022416], [16.37151263, 48.20223935], [16.3715098, 48.2022372], [16.37150657, 48.20223513], [16.37150334, 48.20223324], [16.37149984, 48.20223144], [16.37149621, 48.20222983], [16.37149244, 48.20222839], [16.37148854, 48.20222704], [16.3714845, 48.20222587], [16.37148033, 48.20222489], [16.37147616, 48.20222408], [16.37147185, 48.20222345], [16.37146755, 48.20222291], [16.37146324, 48.20222264], [16.37145894, 48.20222255], [16.3714545, 48.20222256], [16.37145019, 48.20222283], [16.37144589, 48.20222319], [16.37144158, 48.20222373], [16.37143728, 48.20222454], [16.37143311, 48.20222544], [16.37142907, 48.20222652], [16.37142517, 48.20222778], [16.37142127, 48.20222913], [16.37141764, 48.20223066], [16.37141401, 48.20223237], [16.37141065, 48.20223426], [16.37140742, 48.20223624], [16.37140446, 48.20223831], [16.37140164, 48.20224056], [16.37139895, 48.2022429], [16.37139653, 48.20224533], [16.37139438, 48.20224784], [16.37139236, 48.20225045], [16.37139062, 48.20225315], [16.37138914, 48.20225585], [16.37138793, 48.20225864], [16.37138699, 48.20226152], [16.37138619, 48.20226439], [16.37138578, 48.20226727], [16.37138565, 48.20227024], [16.37138565, 48.20227312], [16.37138606, 48.20227609], [16.3713866, 48.20227896], [16.37138754, 48.20228184], [16.37138862, 48.20228463], [16.37138997, 48.20228742], [16.37139158, 48.20229011], [16.37139347, 48.20229281], [16.37139562, 48.20229533], [16.37139791, 48.20229785], [16.37140047, 48.20230018], [16.3714033, 48.20230243], [16.37137949, 48.20230782], [16.37133855, 48.20222693], [16.37145318, 48.20220102], [16.37147871, 48.20219524], [16.37151562, 48.2021869], [16.37152134, 48.20219787], [16.37157602, 48.20230211]]]}, "properties": {"id": 25450030, "bauperiode": "Nach 1976"}}, {"type": "Feature", "geometry": {"type": "Polygon", "coordinates": [[[16.37139939, 48.20267893], [16.37138876, 48.20268132], [16.37136909, 48.20264212], [16.3715414, 48.20260339], [16.37156108, 48.20264254], [16.37142492, 48.20267319], [16.37139939, 48.20267893]]]}, "properties": {"id": 25449996, "bauperiode": "Nach 1976"}}, {"type": "Feature", "geometry": {"type": "Polygon", "coordinates": [[[16.34940249, 48.19935244], [16.34939455, 48.19935568], [16.34923823, 48.19933644], [16.34917796, 48.19932901], [16.34914055, 48.19932441], [16.34911876, 48.19932172], [16.34892963, 48.19929844], [16.34894643, 48.19923693], [16.3489693, 48.19923971], [16.34897938, 48.19920284], [16.34895651, 48.19920005], [16.34898205, 48.19910688], [16.34899994, 48.19911048], [16.34900734, 48.19911199], [16.34903989, 48.19911866], [16.34907177, 48.19912504], [16.34905289, 48.199194], [16.34913779, 48.19920443], [16.34913625, 48.19921011], [16.349214, 48.19921954], [16.34921551, 48.19921398], [16.34926999, 48.19922068], [16.34928854, 48.19916903], [16.34931725, 48.19917486], [16.34945347, 48.19920253], [16.3494689, 48.19920566], [16.34946877, 48.19920602], [16.3494686, 48.19920639], [16.34945453, 48.19923747], [16.3494322, 48.19928678], [16.34943164, 48.19928799], [16.34943018, 48.19929119], [16.34940249, 48.19935244]]]}, "properties": {"id": 23530585, "bauperiode": "1884-1918"}}, {"type": "Feature", "geometry": {"type": "MultiPolygon", "coordinates": [[[[16.34674671, 48.19777476], [16.34674465, 48.19777848], [16.34666629, 48.197759], [16.34665569, 48.19774395], [16.34657771, 48.19772499], [16.34657172, 48.19772375], [16.34655122, 48.19769822], [16.34655353, 48.19769379], [16.3465961, 48.19761211], [16.3465972, 48.19761], [16.34660276, 48.19761046], [16.34660326, 48.19760943], [16.34661225, 48.19759164], [16.34661607, 48.19758432], [16.34667904, 48.19746365], [16.34669235, 48.19743738], [16.34669625, 48.19743068], [16.34670662, 48.19743425], [16.34674176, 48.19742273], [16.34674346, 48.19741474], [16.34675413, 48.19741667], [16.34685365, 48.1974384], [16.34685395, 48.19743778], [16.34692271, 48.1974528], [16.34688969, 48.19751192], [16.34686505, 48.19755602], [16.34680893, 48.19754293], [16.34679216, 48.19757506], [16.3468049, 48.19757804], [16.34678091, 48.19762403], [16.34680573, 48.19763041], [16.34678019, 48.19767484], [16.34675624, 48.19766873], [16.34672235, 48.19772782], [16.34676648, 48.19773915], [16.34674671, 48.19777476]], [[16.34667752, 48.19764759], [16.34675555, 48.19766601], [16.34677763, 48.19762282], [16.34673733, 48.19761237], [16.34674563, 48.19759644], [16.34670745, 48.19758755], [16.34667752, 48.19764759]]]]}, "properties": {"id": 23534292, "bauperiode": "1884-1918"}}, {"type": "Feature", "geometry": {"type": "Polygon", "coordinates": [[[16.34669279, 48.19787378], [16.34662642, 48.19799803], [16.34657779, 48.19798631], [16.34657596, 48.19798587], [16.34658345, 48.19796723], [16.3465669, 48.19795186], [16.34649923, 48.19793693], [16.34652626, 48.19788225], [16.34651146, 48.19787901], [16.34651792, 48.19786588], [16.34653288, 48.19783585], [16.34660414, 48.19785365], [16.34661947, 48.19784681], [16.34666629, 48.197759], [16.34674465, 48.19777848], [16.34670314, 48.19785355], [16.34667099, 48.19784734], [16.34666091, 48.19786659], [16.34669279, 48.19787378]]]}, "properties": {"id": 23531717, "bauperiode": "1884-1918"}}, {"type": "Feature", "geometry": {"type": "Polygon", "coordinates": [[[16.34634332, 48.19767392], [16.34634262, 48.19767415], [16.34633732, 48.19767309], [16.34625935, 48.19765448], [16.34623639, 48.1976619], [16.34623443, 48.19766143], [16.34614768, 48.19764073], [16.34616328, 48.19761159], [16.34620821, 48.19762229], [16.34624196, 48.19755906], [16.34623819, 48.19755618], [16.34623564, 48.19755492], [16.34623335, 48.19755348], [16.3462312, 48.19755196], [16.34622931, 48.19755025], [16.34622757, 48.19754854], [16.34622609, 48.19754665], [16.34622474, 48.19754476], [16.3462238, 48.19754278], [16.34622299, 48.19754072], [16.34622245, 48.19753865], [16.34622218, 48.19753658], [16.34622205, 48.19753442], [16.34622232, 48.19753235], [16.34622285, 48.19753028], [16.34622353, 48.19752821], [16.3462246, 48.19752624], [16.34622581, 48.19752426], [16.34622729, 48.19752246], [16.34622891, 48.19752066], [16.34623079, 48.19751895], [16.34623294, 48.19751742], [16.34623523, 48.19751598], [16.34623765, 48.19751463], [16.34624034, 48.19751346], [16.34624303, 48.19751247], [16.34624585, 48.19751157], [16.34624881, 48.19751086], [16.34625191, 48.19751032], [16.346255, 48.19750996], [16.34625809, 48.19750969], [16.34626132, 48.19750969], [16.34626737, 48.19751121], [16.34629037, 48.19746759], [16.34630665, 48.19747047], [16.34632009, 48.19744376], [16.34626051, 48.19742965], [16.34631813, 48.19732133], [16.34638429, 48.19733638], [16.34638964, 48.19733754], [16.34644551, 48.1973496], [16.3464545, 48.19735154], [16.34648495, 48.19735811], [16.34648936, 48.19735906], [16.34649435, 48.19736115], [16.34648974, 48.19736729], [16.34650731, 48.19739093], [16.34651712, 48.19739173], [16.34651653, 48.19739574], [16.34651505, 48.19739874], [16.34645875, 48.19750612], [16.34643548, 48.19755113], [16.34643443, 48.19755317], [16.34642544, 48.19757055], [16.34642503, 48.19757136], [16.34637778, 48.19766278], [16.34636754, 48.19766609], [16.346352, 48.19767111], [16.34634332, 48.19767392]]]}, "properties": {"id": 23528706, "bauperiode": "1884-1918"}}, {"type": "Feature", "geometry": {"type": "Polygon", "coordinates": [[[16.34610131, 48.19785585], [16.34609015, 48.19787824], [16.34607214, 48.19787416], [16.34602827, 48.19786422], [16.34605562, 48.19781293], [16.34609053, 48.19774775], [16.3461286, 48.19775521], [16.34614111, 48.19773093], [16.34610411, 48.19772239], [16.34610678, 48.19771741], [16.34612805, 48.19767751], [16.34614768, 48.19764073], [16.34623443, 48.19766143], [16.34619061, 48.19774361], [16.34619599, 48.19775539], [16.34626595, 48.19777112], [16.34624161, 48.19782031], [16.34623313, 48.19781843], [16.34620826, 48.19786888], [16.34612028, 48.19784937], [16.34610131, 48.19785585]]]}, "properties": {"id": 23528696, "bauperiode": "1884-1918"}}, {"type": "Feature", "geometry": {"type": "Polygon", "coordinates": [[[16.34627173, 48.19775916], [16.34626595, 48.19777112], [16.34619599, 48.19775539], [16.34619061, 48.19774361], [16.34623443, 48.19766143], [16.34623639, 48.1976619], [16.34625935, 48.19765448], [16.34633732, 48.19767309], [16.34629295, 48.19775681], [16.34628958, 48.19776318], [16.34627173, 48.19775916]]]}, "properties": {"id": 23531702, "bauperiode": "1884-1918"}}, {"type": "Feature", "geometry": {"type": "Polygon", "coordinates": [[[16.34661947, 48.19784681], [16.34660414, 48.19785365], [16.34653288, 48.19783585], [16.34654145, 48.19781867], [16.34653389, 48.19781694], [16.34654419, 48.19779786], [16.34654068, 48.1977969], [16.34657771, 48.19772499], [16.34665569, 48.19774395], [16.34666629, 48.197759], [16.34661947, 48.19784681]]]}, "properties": {"id": 23531711, "bauperiode": "1884-1918"}}, {"type": "Feature", "geometry": {"type": "Polygon", "coordinates": [[[16.34652626, 48.19788225], [16.34649923, 48.19793693], [16.34649883, 48.19793684], [16.34638516, 48.19791176], [16.34637521, 48.197932], [16.34630243, 48.19791591], [16.34631413, 48.19789225], [16.34620826, 48.19786888], [16.34623313, 48.19781843], [16.34624161, 48.19782031], [16.34626595, 48.19777112], [16.34627173, 48.19775916], [16.34628958, 48.19776318], [16.34630395, 48.19776638], [16.34634555, 48.19777562], [16.3463831, 48.19778396], [16.34638646, 48.19778429], [16.34638708, 48.19778327], [16.34639171, 48.19778428], [16.34639631, 48.19778528], [16.34642449, 48.19779144], [16.34643297, 48.19779329], [16.34643419, 48.19779356], [16.34643402, 48.19779554], [16.34647272, 48.19780391], [16.3464732, 48.19780357], [16.34653389, 48.19781694], [16.34654145, 48.19781867], [16.34653288, 48.19783585], [16.34651792, 48.19786588], [16.34651146, 48.19787901], [16.34652626, 48.19788225]]]}, "properties": {"id": 23528695, "bauperiode": "1884-1918"}}, {"type": "Feature", "geometry": {"type": "MultiPolygon", "coordinates": [[[[16.37510333, 48.19939324], [16.37503441, 48.19951462], [16.37503347, 48.19951453], [16.37482922, 48.19946199], [16.37482061, 48.19945974], [16.37493306, 48.19926437], [16.37489364, 48.19925963], [16.37493066, 48.19912202], [16.37496416, 48.19912604], [16.37496188, 48.19913603], [16.37496431, 48.19913647], [16.37496404, 48.19913701], [16.37497493, 48.19913845], [16.37497547, 48.19913656], [16.37502498, 48.19914266], [16.37504286, 48.19914407], [16.37506039, 48.1991468], [16.37507733, 48.19915085], [16.37509349, 48.19915616], [16.37510864, 48.19916266], [16.37511809, 48.1991676], [16.37512805, 48.19917374], [16.37513904, 48.19918193], [16.37514954, 48.1991917], [16.37515833, 48.19920221], [16.37516528, 48.19921331], [16.37517031, 48.19922486], [16.37517335, 48.19923672], [16.37517436, 48.19924874], [16.37517334, 48.19926075], [16.37517029, 48.19927262], [16.37516526, 48.19928417], [16.37511556, 48.19937168], [16.37510333, 48.19939324]], [[16.37497676, 48.19924304], [16.3750213, 48.19925292], [16.37502989, 48.19923493], [16.37502101, 48.19922936], [16.37498307, 48.19922469], [16.37497676, 48.19924304]]]]}, "properties": {"id": 24620468, "bauperiode": "1884-1918"}}, {"type": "Feature", "geometry": {"type": "MultiPolygon", "coordinates": [[[[16.36903214, 48.20720822], [16.36899165, 48.20722433], [16.36894157, 48.20716804], [16.36891991, 48.20717749], [16.3688497, 48.20720809], [16.36884674, 48.20720503], [16.36882723, 48.20721358], [16.36879492, 48.2071805], [16.36896776, 48.20710517], [16.36903522, 48.20719554], [16.3690246, 48.20719977], [16.36903214, 48.20720822]], [[16.36891867, 48.20713783], [16.36892823, 48.20714754], [16.36894047, 48.20714223], [16.36893091, 48.20713252], [16.36891867, 48.20713783]]]]}, "properties": {"id": 25450448, "bauperiode": "1884-1918"}}, {"type": "Feature", "geometry": {"type": "Polygon", "coordinates": [[[16.36861941, 48.20734382], [16.36855085, 48.20736421], [16.36847895, 48.20728167], [16.3684776, 48.20727996], [16.36847639, 48.20727807], [16.36847531, 48.20727628], [16.36847464, 48.2072743], [16.3684741, 48.20727241], [16.36847383, 48.20727043], [16.36847383, 48.20726845], [16.3684741, 48.20726647], [16.36847463, 48.20726449], [16.3684753, 48.20726252], [16.36847638, 48.20726072], [16.36847759, 48.20725892], [16.36847907, 48.20725712], [16.36848068, 48.2072555], [16.36848256, 48.20725397], [16.36848458, 48.20725253], [16.36897216, 48.20704015], [16.36897472, 48.20703934], [16.36897727, 48.20703871], [16.3689801, 48.20703826], [16.36898279, 48.20703799], [16.36898561, 48.20703781], [16.36898844, 48.20703781], [16.36899126, 48.20703799], [16.36899409, 48.20703844], [16.36899678, 48.20703889], [16.36899947, 48.20703961], [16.36900189, 48.2070405], [16.36900432, 48.20704149], [16.3690066, 48.20704257], [16.36900876, 48.20704383], [16.36901064, 48.20704527], [16.36901239, 48.20704671], [16.36901387, 48.20704832], [16.36912362, 48.20719524], [16.36898481, 48.20725041], [16.36896946, 48.20723315], [16.36899165, 48.20722433], [16.36903214, 48.20720822], [16.3690246, 48.20719977], [16.36903522, 48.20719554], [16.36896776, 48.20710517], [16.36879492, 48.2071805], [16.36879035, 48.20717582], [16.36874798, 48.20719427], [16.36875242, 48.20719895], [16.36856465, 48.20728075], [16.36861941, 48.20734382]]]}, "properties": {"id": 25450425, "bauperiode": "1884-1918"}}, {"type": "Feature", "geometry": {"type": "Polygon", "coordinates": [[[16.36862696, 48.20734158], [16.36861941, 48.20734382], [16.36856465, 48.20728075], [16.36875242, 48.20719895], [16.36878473, 48.20723203], [16.3687655, 48.20724049], [16.36876846, 48.20724346], [16.36871358, 48.2072673], [16.36874603, 48.20730462], [16.36867838, 48.20734133], [16.36866801, 48.20732937], [16.36864566, 48.20730375], [16.36860463, 48.20731599], [16.36862696, 48.20734158]]]}, "properties": {"id": 25450427, "bauperiode": "1884-1918"}}, {"type": "Feature", "geometry": {"type": "MultiPolygon", "coordinates": [[[[16.37841822, 48.1981067], [16.3783452, 48.19813389], [16.37831339, 48.19809614], [16.3783017, 48.19808228], [16.37822196, 48.19811325], [16.37819247, 48.19807782], [16.37811857, 48.19798663], [16.37813568, 48.19798039], [16.37816473, 48.19796981], [16.37835456, 48.1979006], [16.37843252, 48.19799464], [16.37844302, 48.19800723], [16.37844008, 48.19800832], [16.37836099, 48.19803765], [16.37841822, 48.1981067]], [[16.37823818, 48.1980439], [16.37825865, 48.198068], [16.37829361, 48.19805476], [16.37827314, 48.19803067], [16.37826602, 48.19803337], [16.37825659, 48.19802231], [16.37823871, 48.19802906], [16.37824813, 48.19804021], [16.37823818, 48.1980439]]]]}, "properties": {"id": 25899058, "bauperiode": "1884-1918"}}, {"type": "Feature", "geometry": {"type": "MultiPolygon", "coordinates": [[[[16.37799012, 48.21129382], [16.37782961, 48.21132422], [16.3778143, 48.21128784], [16.37774892, 48.21130019], [16.37774142, 48.21128237], [16.37777312, 48.21127644], [16.37775254, 48.21122758], [16.3777615, 48.21122603], [16.37774321, 48.2111805], [16.37772085, 48.21118435], [16.37771329, 48.21116629], [16.3776958, 48.21116953], [16.37769229, 48.21116108], [16.37767965, 48.21116351], [16.37767762, 48.21115848], [16.37765988, 48.21111606], [16.3776628, 48.21111552], [16.37789136, 48.21107351], [16.37790295, 48.21109931], [16.37792985, 48.21115106], [16.37792998, 48.21115139], [16.37795205, 48.21120364], [16.37799012, 48.21129382]], [[16.37778775, 48.21123434], [16.37779328, 48.21124756], [16.37779933, 48.21124643], [16.37784211, 48.21123837], [16.37783645, 48.21122515], [16.37783348, 48.21121805], [16.37785474, 48.21121408], [16.3778577, 48.2112211], [16.37786323, 48.2112344], [16.37790655, 48.2112262], [16.37790102, 48.21121299], [16.3778835, 48.21117144], [16.37787797, 48.21115841], [16.37783234, 48.21116701], [16.37780726, 48.21117173], [16.37776947, 48.21117886], [16.3777647, 48.21117976], [16.37777022, 48.2111928], [16.37778775, 48.21123434]]]]}, "properties": {"id": 24800092, "bauperiode": "1884-1918"}}, {"type": "Feature", "geometry": {"type": "MultiPolygon", "coordinates": [[[[16.37052824, 48.20900642], [16.37045573, 48.20904657], [16.37045021, 48.20904243], [16.37041186, 48.20901365], [16.37044131, 48.20899476], [16.37040443, 48.20896473], [16.37037313, 48.20898476], [16.37036092, 48.20897558], [16.37030282, 48.20893194], [16.37026715, 48.20890524], [16.37025446, 48.20889573], [16.37023175, 48.20887872], [16.37021061, 48.20886281], [16.37022245, 48.20885579], [16.37026387, 48.20883114], [16.3703443, 48.20878345], [16.37037001, 48.20880278], [16.37036988, 48.20881393], [16.37033895, 48.20883228], [16.3703232, 48.20883058], [16.37031755, 48.20882635], [16.37029886, 48.20883742], [16.37040224, 48.20891527], [16.37050042, 48.20886128], [16.37051024, 48.20886929], [16.37040117, 48.20892903], [16.37049312, 48.2090041], [16.37060233, 48.20894444], [16.37069002, 48.2088963], [16.37058811, 48.20881314], [16.37058339, 48.20881573], [16.37047679, 48.20872864], [16.37039367, 48.20877417], [16.37029095, 48.20869029], [16.3702502, 48.20871261], [16.37015546, 48.20864139], [16.37014199, 48.20863127], [16.37014216, 48.20862981], [16.37014177, 48.20862916], [16.37014165, 48.20862696], [16.37014318, 48.20862555], [16.37014888, 48.20862237], [16.37015133, 48.20862173], [16.37015522, 48.20862208], [16.37019046, 48.20860248], [16.37019166, 48.20860181], [16.3701918, 48.20859971], [16.37019304, 48.20859863], [16.37019929, 48.2085953], [16.37020147, 48.20859459], [16.37020496, 48.20859501], [16.37023422, 48.20857965], [16.37023074, 48.20857699], [16.37023154, 48.20857631], [16.37023094, 48.20857528], [16.3702327, 48.20857408], [16.37023639, 48.20857673], [16.37027975, 48.20855288], [16.37033242, 48.20852391], [16.3703918, 48.20857054], [16.37040762, 48.20858403], [16.37040817, 48.20858364], [16.37041103, 48.20858383], [16.37041346, 48.20858577], [16.37041316, 48.20858765], [16.37043201, 48.20860309], [16.37043242, 48.20860286], [16.37043497, 48.20860303], [16.37043522, 48.20860324], [16.37044291, 48.20860941], [16.37044315, 48.20860961], [16.37044252, 48.20861185], [16.3704418, 48.20861226], [16.37042128, 48.20862299], [16.37044363, 48.20864115], [16.37046124, 48.20863146], [16.37046972, 48.20863838], [16.37047024, 48.20863809], [16.37047288, 48.20863842], [16.37047565, 48.20864063], [16.37047516, 48.2086424], [16.37047485, 48.20864258], [16.37050277, 48.20866447], [16.37050542, 48.20866481], [16.37051217, 48.20867041], [16.37051119, 48.20867208], [16.37049317, 48.20868169], [16.37052561, 48.20870812], [16.37054319, 48.20869823], [16.37054642, 48.20870113], [16.37056671, 48.20871734], [16.37056999, 48.20871964], [16.37055186, 48.20872952], [16.37058256, 48.2087546], [16.37060061, 48.20874475], [16.37060271, 48.20874643], [16.37060509, 48.20874613], [16.37060557, 48.20874656], [16.37061144, 48.20875171], [16.37061116, 48.20875368], [16.37063907, 48.20877583], [16.37064188, 48.20877601], [16.37064445, 48.20877809], [16.3706442, 48.20877997], [16.37064387, 48.20878015], [16.37064825, 48.20878369], [16.37063021, 48.20879352], [16.37065943, 48.20881735], [16.37067059, 48.20881123], [16.37069011, 48.20882723], [16.3706972, 48.20882332], [16.37069841, 48.2088243], [16.37070122, 48.20882448], [16.37070379, 48.20882655], [16.37070352, 48.20882843], [16.37074155, 48.20885961], [16.37074437, 48.20885978], [16.37074656, 48.20886156], [16.37073534, 48.20886769], [16.37075688, 48.20888522], [16.37069999, 48.20891491], [16.37070928, 48.20892291], [16.37071022, 48.20892399], [16.37070099, 48.20892907], [16.37067743, 48.20894201], [16.37066805, 48.20894717], [16.3706649, 48.20894739], [16.37066499, 48.20894885], [16.37063673, 48.20896438], [16.37063541, 48.2089651], [16.37061606, 48.20897573], [16.37061508, 48.20897627], [16.37058091, 48.20899505], [16.37057788, 48.2089949], [16.37057767, 48.20899674], [16.37056844, 48.2090019], [16.37054452, 48.20901505], [16.37054119, 48.20901688], [16.37052824, 48.20900642]], [[16.37028379, 48.20863984], [16.37032485, 48.20867257], [16.37034583, 48.20866078], [16.37030464, 48.20862806], [16.37028379, 48.20863984]]]]}, "properties": {"id": 25405370, "bauperiode": "1884-1918"}}, {"type": "Feature", "geometry": {"type": "Polygon", "coordinates": [[[16.37058339, 48.20881573], [16.37050042, 48.20886128], [16.37039367, 48.20877417], [16.37047679, 48.20872864], [16.37058339, 48.20881573]]]}, "properties": {"id": 25405436, "bauperiode": "1884-1918"}}, {"type": "Feature", "geometry": {"type": "Polygon", "coordinates": [[[16.37060233, 48.20894444], [16.37049312, 48.2090041], [16.37040117, 48.20892903], [16.37051024, 48.20886929], [16.37060233, 48.20894444]]]}, "properties": {"id": 25405379, "bauperiode": "1884-1918"}}, {"type": "Feature", "geometry": {"type": "Polygon", "coordinates": [[[16.37069002, 48.2088963], [16.37060233, 48.20894444], [16.37051024, 48.20886929], [16.37050042, 48.20886128], [16.37058339, 48.20881573], [16.37058811, 48.20881314], [16.37069002, 48.2088963]]]}, "properties": {"id": 25405404, "bauperiode": "1884-1918"}}, {"type": "Feature", "geometry": {"type": "Polygon", "coordinates": [[[16.3620787, 48.19455656], [16.36201421, 48.19459508], [16.36198804, 48.19457516], [16.36196139, 48.19455556], [16.36199232, 48.19453721], [16.36200496, 48.19452965], [16.36198895, 48.19452749], [16.36196783, 48.19451167], [16.3619736, 48.1944882], [16.36198916, 48.1944789], [16.36196556, 48.19446055], [16.36193076, 48.19448054], [16.36194178, 48.19448912], [16.36188277, 48.19452303], [16.36188107, 48.19452176], [16.36175809, 48.19442943], [16.36181627, 48.19439467], [16.36186629, 48.19436478], [16.36198547, 48.19429358], [16.36203903, 48.19433377], [16.36212466, 48.19439797], [16.36212716, 48.19439985], [16.36213053, 48.19440233], [16.36213078, 48.19440252], [16.36214522, 48.19441317], [16.36215008, 48.19441675], [16.36216994, 48.19443153], [16.36221608, 48.19446588], [16.36224851, 48.19449002], [16.3622546, 48.19449455], [16.36225407, 48.19449496], [16.36222998, 48.19450891], [16.36212516, 48.19456701], [16.36208551, 48.19453734], [16.36207888, 48.1945413], [16.3620787, 48.19455656]]]}, "properties": {"id": 25561659, "bauperiode": "1884-1918"}}, {"type": "Feature", "geometry": {"type": "Polygon", "coordinates": [[[16.36400505, 48.19477182], [16.36396732, 48.19480384], [16.36396678, 48.19480357], [16.36394835, 48.19479387], [16.36384905, 48.19474173], [16.3638395, 48.19473669], [16.36387912, 48.19470302], [16.36389409, 48.19471087], [16.36391029, 48.19469705], [16.3639386, 48.19467291], [16.36389327, 48.19464917], [16.3638907, 48.19464783], [16.36389688, 48.19464252], [16.36392593, 48.19461805], [16.36408577, 48.1947021], [16.36408604, 48.19470309], [16.36404915, 48.1947344], [16.36402321, 48.19475642], [16.36401091, 48.19476684], [16.36400505, 48.19477182]]]}, "properties": {"id": 24151656, "bauperiode": "1884-1918"}}, {"type": "Feature", "geometry": {"type": "MultiPolygon", "coordinates": [[[[16.34387955, 48.19735186], [16.34387901, 48.19735267], [16.34375216, 48.19733199], [16.34376789, 48.19729737], [16.34371019, 48.19728721], [16.34369472, 48.19732237], [16.34368261, 48.19732035], [16.34356034, 48.1972999], [16.34356229, 48.19729498], [16.34358562, 48.19723614], [16.34368449, 48.19725735], [16.34369283, 48.19724341], [16.34371112, 48.1972096], [16.34373126, 48.19721436], [16.34371492, 48.19724794], [16.34375907, 48.19725679], [16.34377504, 48.19722548], [16.34381315, 48.19723396], [16.34381224, 48.19723581], [16.34384091, 48.19724219], [16.3438524, 48.1972191], [16.34382372, 48.19721272], [16.3438391, 48.1971818], [16.34378819, 48.19717047], [16.34378173, 48.19716939], [16.34379289, 48.19714502], [16.34375186, 48.19713549], [16.34374554, 48.19713378], [16.34375186, 48.19712047], [16.34364842, 48.19709827], [16.34367313, 48.1970518], [16.34367908, 48.19704062], [16.34373828, 48.19705336], [16.34377145, 48.1970605], [16.34382785, 48.19707262], [16.34381172, 48.19710617], [16.34386566, 48.19711777], [16.3438818, 48.19708413], [16.34400381, 48.19711038], [16.34400293, 48.19711208], [16.34400636, 48.19711286], [16.3439657, 48.19719117], [16.34396287, 48.19719056], [16.34395086, 48.19721432], [16.34395127, 48.19721438], [16.34394625, 48.19722429], [16.34393845, 48.19723964], [16.3438813, 48.19735231], [16.34387955, 48.19735186]], [[16.34384771, 48.19718181], [16.34386929, 48.19718661], [16.34387677, 48.19717158], [16.34385519, 48.19716678], [16.34384771, 48.19718181]]]]}, "properties": {"id": 23518384, "bauperiode": "1884-1918"}}, {"type": "Feature", "geometry": {"type": "Polygon", "coordinates": [[[16.36766678, 48.2086112], [16.36760931, 48.20866876], [16.36760751, 48.20866744], [16.3675063, 48.20859359], [16.36748443, 48.20857764], [16.36748033, 48.20857465], [16.36747538, 48.20857104], [16.36754464, 48.20852218], [16.36756025, 48.20853351], [16.36766417, 48.2086093], [16.36766678, 48.2086112]]]}, "properties": {"id": 25405492, "bauperiode": "1884-1918"}}, {"type": "Feature", "geometry": {"type": "Polygon", "coordinates": [[[16.36769401, 48.20858394], [16.36766678, 48.2086112], [16.36766417, 48.2086093], [16.36756025, 48.20853351], [16.36759132, 48.20851156], [16.36757463, 48.20850104], [16.36760005, 48.20848305], [16.36773575, 48.20838732], [16.36775109, 48.20839838], [16.36779213, 48.20839945], [16.36783262, 48.20842644], [16.36779479, 48.20846747], [16.36778925, 48.20847348], [16.36776822, 48.2084616], [16.36773862, 48.20845891], [16.36771615, 48.20846485], [16.36771413, 48.20846125], [16.3677109, 48.20845802], [16.36770686, 48.20845523], [16.36770202, 48.20845307], [16.36769704, 48.20845173], [16.36769179, 48.2084511], [16.36768654, 48.20845119], [16.3676813, 48.20845182], [16.36767632, 48.20845317], [16.36766757, 48.20845596], [16.36765937, 48.20845947], [16.36765197, 48.2084637], [16.36764552, 48.20846847], [16.36764, 48.20847386], [16.36763597, 48.20847917], [16.36763301, 48.20848484], [16.367631, 48.20849068], [16.3676302, 48.20849662], [16.36763047, 48.20850265], [16.36766142, 48.20851604], [16.36766922, 48.20851442], [16.36767206, 48.20852916], [16.36771641, 48.20856151], [16.36771072, 48.2085672], [16.36769401, 48.20858394]]]}, "properties": {"id": 25405505, "bauperiode": "1884-1918"}}, {"type": "Feature", "geometry": {"type": "MultiPolygon", "coordinates": [[[[16.37700055, 48.21062045], [16.37699999, 48.21062048], [16.37698045, 48.21057273], [16.37697255, 48.2105557], [16.37695969, 48.21052795], [16.37700296, 48.21051437], [16.37702205, 48.21050837], [16.37700823, 48.2104887], [16.37699263, 48.21049359], [16.3769837, 48.21048088], [16.37695985, 48.21048837], [16.37695137, 48.21047631], [16.37693475, 48.21048153], [16.37688719, 48.21038472], [16.37684381, 48.21032223], [16.37690098, 48.21029586], [16.37691445, 48.21031528], [16.37699906, 48.21028908], [16.37697213, 48.21026301], [16.3770532, 48.21022569], [16.377056, 48.21022818], [16.37705516, 48.21022867], [16.37709398, 48.21026571], [16.37709456, 48.21026549], [16.37709706, 48.21026812], [16.37716335, 48.21032717], [16.3771748, 48.21033752], [16.37731733, 48.21046944], [16.37737112, 48.21051897], [16.37735645, 48.21052431], [16.37733111, 48.21053353], [16.37730846, 48.21054177], [16.37730953, 48.21054321], [16.37730403, 48.21054495], [16.37720937, 48.21057492], [16.37720813, 48.21057531], [16.3772085, 48.21057599], [16.37720491, 48.21057708], [16.37717755, 48.21058539], [16.37717348, 48.21058663], [16.37717262, 48.21058612], [16.37707211, 48.21061668], [16.37700055, 48.21062045]], [[16.37700293, 48.21041714], [16.37704253, 48.2104754], [16.37712903, 48.21044911], [16.37708942, 48.21039085], [16.37700293, 48.21041714]]]]}, "properties": {"id": 24800015, "bauperiode": "1781-1848"}}, {"type": "Feature", "geometry": {"type": "MultiPolygon", "coordinates": [[[[16.37478155, 48.21209182], [16.37475425, 48.21210855], [16.3746659, 48.21204449], [16.37464822, 48.21203182], [16.37464614, 48.21203017], [16.37461814, 48.21200985], [16.37466683, 48.21198016], [16.37451978, 48.21182247], [16.37447263, 48.21175359], [16.37456142, 48.21173486], [16.37456237, 48.21173531], [16.37476608, 48.21173065], [16.37476621, 48.21172957], [16.37479258, 48.21172885], [16.37479285, 48.2117301], [16.37480171, 48.21172992], [16.3748375, 48.21172919], [16.37484654, 48.21172901], [16.37484681, 48.21172793], [16.37487331, 48.21172747], [16.37487358, 48.21172873], [16.3750777, 48.21172452], [16.37507837, 48.21172416], [16.37516544, 48.21174086], [16.37520155, 48.2118065], [16.37518759, 48.21202666], [16.37512843, 48.21208513], [16.37505506, 48.21203785], [16.37502881, 48.21202096], [16.37500448, 48.21200529], [16.37498358, 48.21199183], [16.37498087, 48.21197124], [16.37500953, 48.21196952], [16.37503064, 48.21195539], [16.37502602, 48.21189253], [16.37502575, 48.21188795], [16.37500192, 48.21187231], [16.37479806, 48.21187661], [16.37477911, 48.21189262], [16.37477669, 48.21189468], [16.37478091, 48.21195719], [16.37480635, 48.21197381], [16.37483609, 48.21197371], [16.37483641, 48.21204386], [16.37484799, 48.21205141], [16.37478155, 48.21209182]], [[16.37469377, 48.21184516], [16.3746955, 48.21182151], [16.37466348, 48.21182152], [16.3746464, 48.21182818], [16.37465677, 48.21184634], [16.37469377, 48.21184516]], [[16.37506563, 48.21185315], [16.37509584, 48.21185317], [16.37509645, 48.21184248], [16.37506624, 48.21184245], [16.37506563, 48.21185315]]]]}, "properties": {"id": 24795852, "bauperiode": "1781-1848"}}, {"type": "Feature", "geometry": {"type": "MultiPolygon", "coordinates": [[[[16.37500448, 48.21200529], [16.37489766, 48.21207757], [16.37487101, 48.21205977], [16.37486509, 48.21206337], [16.37484799, 48.21205141], [16.37483641, 48.21204386], [16.37483609, 48.21197371], [16.37480635, 48.21197381], [16.37478091, 48.21195719], [16.37477669, 48.21189468], [16.37477911, 48.21189262], [16.37479806, 48.21187661], [16.37500192, 48.21187231], [16.37502575, 48.21188795], [16.37502602, 48.21189253], [16.37503064, 48.21195539], [16.37500953, 48.21196952], [16.37498087, 48.21197124], [16.37498358, 48.21199183], [16.37500448, 48.21200529]], [[16.37484704, 48.21189631], [16.37485187, 48.21196801], [16.37496287, 48.21196481], [16.37495804, 48.21189311], [16.37484704, 48.21189631]]]]}, "properties": {"id": 24801036, "bauperiode": "1781-1848"}}, {"type": "Feature", "geometry": {"type": "Polygon", "coordinates": [[[16.37496287, 48.21196481], [16.37485187, 48.21196801], [16.37484704, 48.21189631], [16.37495804, 48.21189311], [16.37496287, 48.21196481]]]}, "properties": {"id": 24800851, "bauperiode": "1781-1848"}}, {"type": "Feature", "geometry": {"type": "Polygon", "coordinates": [[[16.37687955, 48.21152351], [16.37643466, 48.21165786], [16.37637638, 48.21159775], [16.37643052, 48.21157423], [16.37643282, 48.21157323], [16.37644334, 48.2115889], [16.37648703, 48.21157578], [16.37647345, 48.21155558], [16.37649912, 48.21154444], [16.37649548, 48.21154129], [16.37651243, 48.21153616], [16.37650771, 48.21152915], [16.37655211, 48.21151555], [16.37656127, 48.21152895], [16.37666337, 48.21149771], [16.37664316, 48.21146822], [16.37660531, 48.21141292], [16.37659547, 48.21139871], [16.37663206, 48.21138449], [16.3766595, 48.21137378], [16.37670773, 48.21144418], [16.37667316, 48.2114548], [16.37669686, 48.21148951], [16.37673157, 48.21147889], [16.37674787, 48.21150271], [16.37684567, 48.21147282], [16.37685065, 48.2114801], [16.37687955, 48.21152351]]]}, "properties": {"id": 24800133, "bauperiode": "1946-1976"}}, {"type": "Feature", "geometry": {"type": "Polygon", "coordinates": [[[16.37645319, 48.21166784], [16.37644862, 48.21166919], [16.37644835, 48.21166874], [16.37644566, 48.21166883], [16.37644512, 48.21166865], [16.37643466, 48.21165786], [16.37687955, 48.21152351], [16.37688616, 48.21153346], [16.37688717, 48.21153493], [16.37683698, 48.21155034], [16.37682806, 48.21155309], [16.37679824, 48.21156226], [16.37675096, 48.2115768], [16.37675002, 48.21157708], [16.3767279, 48.21158388], [16.37672596, 48.21158448], [16.37669985, 48.21159251], [16.37662019, 48.21161664], [16.37661489, 48.21161832], [16.37656458, 48.21163372], [16.37655808, 48.21163571], [16.37649952, 48.21165366], [16.37649732, 48.21165434], [16.37645319, 48.21166784]]]}, "properties": {"id": 24790454, "bauperiode": "1946-1976"}}, {"type": "Feature", "geometry": {"type": "Polygon", "coordinates": [[[16.37651243, 48.21153616], [16.37649548, 48.21154129], [16.37641348, 48.21146928], [16.37642047, 48.21146649], [16.37641104, 48.21143997], [16.37638965, 48.21144834], [16.37637551, 48.21143593], [16.37633821, 48.21140321], [16.37633646, 48.21140096], [16.37662717, 48.21128785], [16.37673367, 48.21124641], [16.37677667, 48.21134208], [16.37678382, 48.21135818], [16.37678071, 48.21135913], [16.37672799, 48.21137529], [16.37677393, 48.21144227], [16.37681279, 48.21143035], [16.3768159, 48.21142939], [16.37682721, 48.21144603], [16.37684567, 48.21147282], [16.37674787, 48.21150271], [16.37673157, 48.21147889], [16.37670773, 48.21144418], [16.3766595, 48.21137378], [16.37666717, 48.21137081], [16.37665558, 48.211354], [16.37661994, 48.21136705], [16.37663206, 48.21138449], [16.37659547, 48.21139871], [16.37660531, 48.21141292], [16.37650321, 48.21144416], [16.37651318, 48.21145873], [16.37651936, 48.21145684], [16.3765362, 48.21148138], [16.37653001, 48.21148327], [16.37654106, 48.21149946], [16.37655211, 48.21151555], [16.37650771, 48.21152915], [16.37651243, 48.21153616]]]}, "properties": {"id": 24790477, "bauperiode": "1946-1976"}}, {"type": "Feature", "geometry": {"type": "Polygon", "coordinates": [[[16.37790717, 48.21099158], [16.37784059, 48.21100712], [16.37783427, 48.21099147], [16.3778309, 48.21098314], [16.37795214, 48.21094286], [16.37795774, 48.21095012], [16.3780148, 48.21093038], [16.3780139, 48.21092889], [16.37804785, 48.21091814], [16.3780527, 48.21092452], [16.37809991, 48.21090858], [16.37810436, 48.21091443], [16.37818001, 48.21088884], [16.37820474, 48.21092141], [16.37793542, 48.21098499], [16.37793501, 48.21098509], [16.37792862, 48.21098657], [16.37790717, 48.21099158]]]}, "properties": {"id": 24800047, "bauperiode": "1884-1918"}}, {"type": "Feature", "geometry": {"type": "MultiPolygon", "coordinates": [[[[16.37802251, 48.21086652], [16.37797142, 48.21088391], [16.37795535, 48.21086194], [16.37797257, 48.21085537], [16.37795685, 48.21083482], [16.37795801, 48.21083443], [16.37795907, 48.21082259], [16.37795781, 48.21082116], [16.37801944, 48.21080117], [16.37801583, 48.21079649], [16.37803935, 48.21078763], [16.37804247, 48.21077802], [16.37806376, 48.21080132], [16.37810296, 48.21078741], [16.37810935, 48.21079581], [16.3781179, 48.21080707], [16.3781231, 48.21081391], [16.37815508, 48.21085603], [16.37813674, 48.21086226], [16.37808791, 48.21087882], [16.37807269, 48.21085877], [16.37802803, 48.2108739], [16.37802251, 48.21086652]], [[16.37798118, 48.21085875], [16.37803054, 48.21084291], [16.37802303, 48.21083246], [16.37803585, 48.21082834], [16.37802424, 48.21081218], [16.37800207, 48.21080851], [16.37797211, 48.21081813], [16.37798683, 48.2108386], [16.37797047, 48.21084386], [16.37798118, 48.21085875]], [[16.37804633, 48.21085284], [16.37805262, 48.21086211], [16.37807413, 48.2108556], [16.37806784, 48.21084632], [16.37804633, 48.21085284]]]]}, "properties": {"id": 24800036, "bauperiode": "1884-1918"}}, {"type": "Feature", "geometry": {"type": "Polygon", "coordinates": [[[16.3780139, 48.21092889], [16.37800544, 48.21093157], [16.37799945, 48.2109232], [16.37797142, 48.21088391], [16.37802251, 48.21086652], [16.37802803, 48.2108739], [16.37807269, 48.21085877], [16.37808791, 48.21087882], [16.37809936, 48.21089392], [16.37814819, 48.21087736], [16.37813674, 48.21086226], [16.37815508, 48.21085603], [16.37818001, 48.21088884], [16.37810436, 48.21091443], [16.37809991, 48.21090858], [16.3780527, 48.21092452], [16.37804785, 48.21091814], [16.3780139, 48.21092889]]]}, "properties": {"id": 24800042, "bauperiode": "1884-1918"}}, {"type": "Feature", "geometry": {"type": "MultiPolygon", "coordinates": [[[[16.37780637, 48.21096724], [16.37776548, 48.2109811], [16.37774351, 48.21093587], [16.37776987, 48.21093011], [16.37776448, 48.21091896], [16.37773798, 48.21092472], [16.37772666, 48.21090126], [16.37775303, 48.21089234], [16.37775195, 48.21089036], [16.377751, 48.21088839], [16.37775019, 48.21088641], [16.37774979, 48.21088434], [16.37774965, 48.21088227], [16.37774979, 48.2108802], [16.37775005, 48.21087813], [16.37775072, 48.21087607], [16.37775153, 48.21087409], [16.37775261, 48.21087211], [16.37775395, 48.21087022], [16.37775543, 48.21086842], [16.37775718, 48.2108668], [16.37775313, 48.21086141], [16.37778286, 48.21085132], [16.3777869, 48.21085672], [16.37778986, 48.21085681], [16.37779296, 48.21085699], [16.37779605, 48.21085743], [16.37779901, 48.21085797], [16.37780197, 48.21085869], [16.3778048, 48.21085959], [16.37780529, 48.21085979], [16.37779391, 48.21086364], [16.37779081, 48.21085968], [16.37775839, 48.21087067], [16.37778088, 48.21090034], [16.3778133, 48.21088935], [16.3778028, 48.21087551], [16.37782015, 48.21086965], [16.37781853, 48.21086786], [16.37781665, 48.21086615], [16.37781463, 48.21086462], [16.37781167, 48.21086282], [16.37788982, 48.21083644], [16.37789899, 48.21084856], [16.37794061, 48.21083467], [16.377944, 48.2108391], [16.37789586, 48.2108551], [16.37792587, 48.21089811], [16.37797142, 48.21088391], [16.37799945, 48.2109232], [16.37794991, 48.21093993], [16.37794372, 48.21093175], [16.37785695, 48.2109611], [16.37785413, 48.21095742], [16.37781014, 48.21097227], [16.37780637, 48.21096724]], [[16.37779866, 48.21091319], [16.37780593, 48.21092803], [16.37782194, 48.21092262], [16.37781143, 48.21090878], [16.37779866, 48.21091319]]]]}, "properties": {"id": 24800045, "bauperiode": "1884-1918"}}, {"type": "Feature", "geometry": {"type": "Polygon", "coordinates": [[[16.37801944, 48.21080117], [16.37795781, 48.21082116], [16.37792017, 48.21077838], [16.37796035, 48.2107656], [16.37792996, 48.21072293], [16.37786625, 48.2107432], [16.37785959, 48.21074107], [16.37785562, 48.21073779], [16.3778349, 48.21071167], [16.37782567, 48.21069935], [16.37784047, 48.2106944], [16.37782968, 48.21067998], [16.37788564, 48.21066126], [16.37785749, 48.21062368], [16.37780153, 48.21064249], [16.37777998, 48.21061381], [16.37778549, 48.2106023], [16.3777684, 48.21059853], [16.37776156, 48.21059707], [16.3777677, 48.21058907], [16.37774195, 48.21055779], [16.37781396, 48.21053446], [16.37801583, 48.21079649], [16.37801944, 48.21080117]]]}, "properties": {"id": 24800029, "bauperiode": "1884-1918"}}, {"type": "Feature", "geometry": {"type": "Polygon", "coordinates": [[[16.37803935, 48.21078763], [16.37801583, 48.21079649], [16.37781396, 48.21053446], [16.37774195, 48.21055779], [16.3777677, 48.21058907], [16.37776156, 48.21059707], [16.3777684, 48.21059853], [16.37768416, 48.21062667], [16.37761496, 48.2105377], [16.3778513, 48.21045847], [16.37789976, 48.21052124], [16.37790003, 48.2105216], [16.37795666, 48.21059494], [16.37795986, 48.21059909], [16.37796121, 48.21059891], [16.37796285, 48.21060109], [16.37797202, 48.21061331], [16.37801065, 48.21066472], [16.37802397, 48.21068244], [16.37807112, 48.21074519], [16.37807126, 48.21074789], [16.3780726, 48.21074744], [16.37807854, 48.21075526], [16.37804997, 48.21076649], [16.37804426, 48.21077254], [16.37804247, 48.21077802], [16.37803935, 48.21078763]]]}, "properties": {"id": 24800023, "bauperiode": "1884-1918"}}, {"type": "Feature", "geometry": {"type": "Polygon", "coordinates": [[[16.36075048, 48.19567729], [16.36070645, 48.19573305], [16.36053882, 48.19567382], [16.36038882, 48.19562088], [16.36037805, 48.19561711], [16.3604548, 48.19552415], [16.36047076, 48.19550481], [16.36047302, 48.19550208], [16.36050765, 48.19546015], [16.36054744, 48.19541184], [16.36063717, 48.19542765], [16.36069892, 48.19545084], [16.36070672, 48.19544023], [16.36072367, 48.19544328], [16.36081852, 48.19548886], [16.36082806, 48.19547941], [16.36087879, 48.19550279], [16.36086911, 48.19551232], [16.36101575, 48.19557884], [16.36098826, 48.19560595], [16.36095208, 48.19564164], [16.36094544, 48.19564819], [16.36065725, 48.19551749], [16.36062304, 48.19555904], [16.36059546, 48.19559253], [16.36057579, 48.19561643], [16.36075048, 48.19567729]]]}, "properties": {"id": 25558772, "bauperiode": "1781-1848"}}, {"type": "Feature", "geometry": {"type": "Polygon", "coordinates": [[[16.38993404, 48.20248645], [16.38988286, 48.20251848], [16.38981171, 48.20246111], [16.38985808, 48.20243217], [16.38993404, 48.20248645]]]}, "properties": {"id": 26812123, "bauperiode": "1884-1918"}}, {"type": "Feature", "geometry": {"type": "Polygon", "coordinates": [[[16.39009387, 48.20269915], [16.39008683, 48.2027055], [16.39002678, 48.20265827], [16.39014344, 48.20255407], [16.38971478, 48.20224715], [16.38958934, 48.20232545], [16.38951596, 48.20229073], [16.38951731, 48.20228992], [16.389516, 48.20228896], [16.38970107, 48.20217529], [16.38972832, 48.2021761], [16.38977103, 48.20220648], [16.38995797, 48.20234058], [16.38998965, 48.20236328], [16.39000497, 48.20237415], [16.39023551, 48.20253785], [16.39024797, 48.2025467], [16.39024892, 48.20256048], [16.39020034, 48.20260455], [16.39019925, 48.20260427], [16.39019828, 48.20260515], [16.39009387, 48.20269915]]]}, "properties": {"id": 26809265, "bauperiode": "1884-1918"}}, {"type": "Feature", "geometry": {"type": "MultiPolygon", "coordinates": [[[[16.39014344, 48.20255407], [16.39002678, 48.20265827], [16.38999689, 48.20263427], [16.38996686, 48.20261009], [16.39004161, 48.20256347], [16.39001522, 48.2025446], [16.39003539, 48.20253209], [16.38998167, 48.20249362], [16.3899615, 48.20250613], [16.38993404, 48.20248645], [16.38985808, 48.20243217], [16.38976829, 48.202368], [16.38979022, 48.20235431], [16.38974122, 48.20231917], [16.3897185, 48.2023333], [16.38970168, 48.20232126], [16.38964951, 48.2023542], [16.38958934, 48.20232545], [16.38971478, 48.20224715], [16.39014344, 48.20255407]], [[16.38972209, 48.20229283], [16.38975144, 48.20231386], [16.38976623, 48.20230459], [16.38973688, 48.20228356], [16.38972209, 48.20229283]], [[16.39001867, 48.20249981], [16.3900592, 48.20252884], [16.39008151, 48.20251489], [16.39003737, 48.20250205], [16.39002701, 48.20249459], [16.39001867, 48.20249981]]]]}, "properties": {"id": 26809271, "bauperiode": "1884-1918"}}, {"type": "Feature", "geometry": {"type": "Polygon", "coordinates": [[[16.3890807, 48.20194176], [16.38896454, 48.20201772], [16.38892389, 48.20198995], [16.38890881, 48.20197962], [16.38892091, 48.20197313], [16.38889964, 48.20195777], [16.38888687, 48.20196461], [16.38886546, 48.20194996], [16.38885173, 48.20194061], [16.38892265, 48.20183374], [16.38895846, 48.20185827], [16.38896819, 48.20185255], [16.38897837, 48.20186006], [16.38902623, 48.20183216], [16.38900119, 48.20181041], [16.38895944, 48.20183414], [16.38895938, 48.20183309], [16.38895951, 48.20183084], [16.38895991, 48.2018286], [16.38896058, 48.20182635], [16.38896152, 48.20182419], [16.38896259, 48.20182212], [16.38896407, 48.20182005], [16.38896568, 48.20181807], [16.38896743, 48.20181618], [16.38896945, 48.20181438], [16.38897173, 48.20181267], [16.38897415, 48.20181114], [16.38897671, 48.2018097], [16.38897953, 48.20180835], [16.38898235, 48.20180727], [16.38898545, 48.20180619], [16.38898854, 48.20180538], [16.38899177, 48.20180466], [16.388995, 48.20180421], [16.38899836, 48.20180385], [16.38900172, 48.20180366], [16.38900508, 48.20180366], [16.38900845, 48.20180375], [16.38901181, 48.20180411], [16.38901504, 48.20180465], [16.38901827, 48.20180528], [16.38902136, 48.20180608], [16.38902446, 48.20180707], [16.38902742, 48.20180824], [16.38903011, 48.2018095], [16.3890328, 48.20181094], [16.38903523, 48.20181246], [16.38904706, 48.20180544], [16.38897463, 48.20175134], [16.38899437, 48.20172021], [16.38900229, 48.20170753], [16.38904693, 48.20163707], [16.38908314, 48.20166433], [16.38908217, 48.20166523], [16.38915839, 48.20172166], [16.38915984, 48.20172112], [16.3891753, 48.20173254], [16.38919226, 48.20174507], [16.38920813, 48.20175679], [16.38923931, 48.20177981], [16.38924812, 48.20178631], [16.38914978, 48.2018822], [16.38908839, 48.20183627], [16.38906903, 48.20184779], [16.38905112, 48.2018344], [16.38899748, 48.20186644], [16.3890369, 48.2018959], [16.38902442, 48.20190339], [16.38907836, 48.20194017], [16.3890807, 48.20194176]]]}, "properties": {"id": 26809283, "bauperiode": "1884-1918"}}, {"type": "Feature", "geometry": {"type": "Polygon", "coordinates": [[[16.38867058, 48.20173259], [16.38866749, 48.20173988], [16.38866427, 48.20173922], [16.38862161, 48.20173045], [16.38860692, 48.20170897], [16.3884394, 48.20167433], [16.38840833, 48.2016863], [16.38840068, 48.20170295], [16.38835184, 48.2016929], [16.38837761, 48.2016311], [16.38840069, 48.20157578], [16.38845882, 48.20158655], [16.38848188, 48.20153116], [16.38856633, 48.20154677], [16.38859146, 48.20155143], [16.38863365, 48.20155924], [16.38867728, 48.20156736], [16.38865432, 48.20162288], [16.38871177, 48.20163356], [16.38869956, 48.20166288], [16.38869312, 48.20167844], [16.38867058, 48.20173259]]]}, "properties": {"id": 26812110, "bauperiode": "1884-1918"}}, {"type": "Feature", "geometry": {"type": "Polygon", "coordinates": [[[16.37090727, 48.20804494], [16.37069244, 48.20808601], [16.37063766, 48.20806759], [16.37060426, 48.20800225], [16.37058149, 48.20795771], [16.37057624, 48.20795853], [16.3705757, 48.20795861], [16.37057503, 48.20795771], [16.37057409, 48.20795789], [16.37057132, 48.20795251], [16.37056304, 48.20793643], [16.37056021, 48.20793092], [16.37056115, 48.20793074], [16.37056048, 48.20792966], [16.3705625, 48.2079293], [16.37056035, 48.20792547], [16.37056357, 48.20792498], [16.3707476, 48.20788293], [16.37076044, 48.20790804], [16.37076727, 48.20792141], [16.37073619, 48.20792853], [16.37074899, 48.20795343], [16.37083879, 48.20793626], [16.37085917, 48.20793236], [16.37090727, 48.20804494]]]}, "properties": {"id": 25405595, "bauperiode": "1884-1918"}}, {"type": "Feature", "geometry": {"type": "Polygon", "coordinates": [[[16.36929369, 48.18573571], [16.36925621, 48.18578004], [16.36921732, 48.18576451], [16.36920748, 48.18573933], [16.36923409, 48.18570794], [16.36924323, 48.18569705], [16.36924621, 48.18569818], [16.36928062, 48.18571125], [16.36930092, 48.18568732], [16.36926352, 48.18567312], [16.36932225, 48.18560368], [16.3694152, 48.18563889], [16.36943286, 48.18564558], [16.36949779, 48.18567018], [16.36942308, 48.18575851], [16.36940628, 48.1857783], [16.36940345, 48.18577723], [16.36929369, 48.18573571]]]}, "properties": {"id": 23245588, "bauperiode": "1884-1918"}}, {"type": "Feature", "geometry": {"type": "MultiPolygon", "coordinates": [[[[16.36923907, 48.18633908], [16.36920305, 48.1863801], [16.3692005, 48.18637911], [16.36905279, 48.18632007], [16.3690545, 48.18631816], [16.36910064, 48.18626663], [16.36901239, 48.18623132], [16.36896625, 48.18628284], [16.36896455, 48.18628475], [16.36895553, 48.18628116], [16.3688081, 48.1862222], [16.36882127, 48.18620736], [16.36884546, 48.18618037], [16.36885676, 48.18618487], [16.36888783, 48.18619736], [16.36896524, 48.18611082], [16.36893417, 48.18609833], [16.36892287, 48.18609384], [16.3689609, 48.18605129], [16.36911744, 48.18611382], [16.36911564, 48.18611583], [16.36907488, 48.18616142], [16.36904759, 48.18619192], [16.36903067, 48.18621082], [16.36912268, 48.18624765], [16.36913975, 48.18622858], [16.36917096, 48.18624107], [16.36918762, 48.18622245], [16.36915641, 48.18621005], [16.36916696, 48.18619827], [16.36916313, 48.18619674], [16.36920402, 48.18615106], [16.36920573, 48.18614915], [16.3693529, 48.18620802], [16.36935559, 48.186209], [16.36931849, 48.18625065], [16.36931728, 48.1862502], [16.36928799, 48.18628277], [16.36928906, 48.18628322], [16.3692853, 48.18628754], [16.36928328, 48.18628673], [16.36927066, 48.18630011], [16.36926971, 48.18630112], [16.36927199, 48.18630193], [16.3692685, 48.18630625], [16.36926716, 48.1863058], [16.36923826, 48.18633872], [16.36923907, 48.18633908]], [[16.36901276, 48.18617781], [16.36904397, 48.1861903], [16.36906063, 48.18617168], [16.36902942, 48.18615919], [16.36901276, 48.18617781]]]]}, "properties": {"id": 23252877, "bauperiode": "1884-1918"}}, {"type": "Feature", "geometry": {"type": "Polygon", "coordinates": [[[16.36913975, 48.18622858], [16.36912268, 48.18624765], [16.36903067, 48.18621082], [16.36904759, 48.18619192], [16.36907488, 48.18616142], [16.36916313, 48.18619674], [16.36916696, 48.18619827], [16.36915641, 48.18621005], [16.36913975, 48.18622858]]]}, "properties": {"id": 23247564, "bauperiode": "1884-1918"}}, {"type": "Feature", "geometry": {"type": "MultiPolygon", "coordinates": [[[[16.36935411, 48.18620685], [16.3693529, 48.18620802], [16.36920573, 48.18614915], [16.36925263, 48.18609662], [16.36916439, 48.1860613], [16.36911744, 48.18611382], [16.3689609, 48.18605129], [16.36901021, 48.18599614], [16.3690573, 48.18601502], [16.36911214, 48.18595376], [16.3690649, 48.18593497], [16.36911088, 48.18588352], [16.36918715, 48.185913], [16.36918757, 48.18591316], [16.36926867, 48.18594463], [16.36926697, 48.18594654], [16.36922688, 48.18599149], [16.36921669, 48.18600289], [16.36919992, 48.18602168], [16.36918223, 48.1860415], [16.3692743, 48.18607835], [16.36929188, 48.18605866], [16.36932309, 48.18607106], [16.36933962, 48.18605253], [16.36930841, 48.18604003], [16.36931893, 48.18602824], [16.36931512, 48.18602672], [16.36935596, 48.18598111], [16.36935772, 48.18597914], [16.36950866, 48.18603764], [16.36947936, 48.18606984], [16.3694807, 48.18607038], [16.36944994, 48.18610457], [16.36943877, 48.18611698], [16.36942653, 48.1861306], [16.3694153, 48.18614308], [16.36938529, 48.18617644], [16.36938394, 48.18617599], [16.36935599, 48.18620757], [16.36935411, 48.18620685]], [[16.36916475, 48.18600779], [16.36919596, 48.18602028], [16.36921263, 48.18600166], [16.36918142, 48.18598917], [16.36916475, 48.18600779]]]]}, "properties": {"id": 23252876, "bauperiode": "1884-1918"}}, {"type": "Feature", "geometry": {"type": "Polygon", "coordinates": [[[16.36929188, 48.18605866], [16.3692743, 48.18607835], [16.36918223, 48.1860415], [16.36919992, 48.18602168], [16.36921669, 48.18600289], [16.36922688, 48.18599149], [16.36931512, 48.18602672], [16.36931893, 48.18602824], [16.36930841, 48.18604003], [16.36929188, 48.18605866]]]}, "properties": {"id": 23247562, "bauperiode": "1884-1918"}}, {"type": "Feature", "geometry": {"type": "Polygon", "coordinates": [[[16.36603079, 48.18711356], [16.3660023, 48.1871428], [16.36593773, 48.18711457], [16.36591592, 48.18713696], [16.36591407, 48.18713886], [16.36590936, 48.18713679], [16.36577591, 48.18707855], [16.36585942, 48.18699319], [16.36587148, 48.18698086], [16.36590871, 48.18694281], [16.36602332, 48.18699278], [16.3660466, 48.18700303], [16.36602375, 48.18702642], [16.36608832, 48.18705464], [16.36606063, 48.18708288], [16.36609789, 48.18709915], [16.36606805, 48.18712974], [16.36603079, 48.18711356]]]}, "properties": {"id": 23247656, "bauperiode": "1884-1918"}}, {"type": "Feature", "geometry": {"type": "Polygon", "coordinates": [[[16.36628026, 48.18710495], [16.36614774, 48.18724078], [16.36608196, 48.18721211], [16.36608074, 48.18721157], [16.36605155, 48.18719881], [16.3660159, 48.18718326], [16.36606805, 48.18712974], [16.36609789, 48.18709915], [16.36614843, 48.18704734], [16.36618031, 48.18706136], [16.36628026, 48.18710495]]]}, "properties": {"id": 23245160, "bauperiode": "1884-1918"}}, {"type": "Feature", "geometry": {"type": "Polygon", "coordinates": [[[16.38339588, 48.18606021], [16.38339391, 48.18606199], [16.3832943, 48.18601258], [16.38328903, 48.18600996], [16.38329105, 48.18600811], [16.38329303, 48.1860063], [16.38355955, 48.18576264], [16.38362218, 48.18570598], [16.38389419, 48.18545897], [16.38389615, 48.18545719], [16.38400441, 48.1855112], [16.38398616, 48.18552765], [16.38397015, 48.1855421], [16.38386441, 48.1856375], [16.38385684, 48.18563375], [16.38352498, 48.18593306], [16.38353261, 48.18593684], [16.3834427, 48.18601796], [16.3834407, 48.18601977], [16.38339588, 48.18606021]]]}, "properties": {"id": 25140950, "bauperiode": "1946-1976"}}, {"type": "Feature", "geometry": {"type": "MultiPolygon", "coordinates": [[[[16.38398753, 48.18613887], [16.3839707, 48.18615406], [16.38396066, 48.18614908], [16.38395781, 48.18614767], [16.38376425, 48.18605172], [16.38357694, 48.18595883], [16.38357425, 48.18595749], [16.38353261, 48.18593684], [16.38352498, 48.18593306], [16.38385684, 48.18563375], [16.38386441, 48.1856375], [16.38386539, 48.18563799], [16.38386809, 48.18563933], [16.38390603, 48.18565814], [16.38390874, 48.18565948], [16.38429174, 48.18584939], [16.38429444, 48.18585073], [16.38430247, 48.18585471], [16.38429221, 48.18586396], [16.38428951, 48.1858664], [16.38428693, 48.18586873], [16.38428446, 48.18587096], [16.38428185, 48.18587331], [16.38427925, 48.18587566], [16.38427676, 48.18587791], [16.3842743, 48.18588012], [16.38427191, 48.18588228], [16.38426955, 48.18588441], [16.38426712, 48.18588661], [16.38426472, 48.18588877], [16.3842623, 48.18589095], [16.38425994, 48.18589309], [16.38425751, 48.18589528], [16.38425511, 48.18589744], [16.38425274, 48.18589958], [16.38425033, 48.18590175], [16.38424792, 48.18590393], [16.38424544, 48.18590617], [16.38424313, 48.18590825], [16.38424066, 48.18591048], [16.38423823, 48.18591267], [16.38423589, 48.18591478], [16.38423348, 48.18591696], [16.384231, 48.1859192], [16.38422857, 48.18592138], [16.38422622, 48.18592351], [16.38404949, 48.18608297], [16.38404701, 48.1860852], [16.38404465, 48.18608733], [16.38404228, 48.18608947], [16.38403987, 48.18609165], [16.38403747, 48.18609382], [16.38403501, 48.18609603], [16.38403266, 48.18609815], [16.38403023, 48.18610034], [16.38402786, 48.18610248], [16.38402541, 48.1861047], [16.38402304, 48.18610684], [16.38402061, 48.18610903], [16.38401824, 48.18611116], [16.38401585, 48.18611332], [16.38401346, 48.18611548], [16.38401098, 48.18611771], [16.38400858, 48.18611988], [16.38400616, 48.18612206], [16.38400381, 48.18612418], [16.38400143, 48.18612633], [16.38399894, 48.18612857], [16.38399659, 48.1861307], [16.38399416, 48.18613289], [16.38399175, 48.18613506], [16.38398932, 48.18613726], [16.38398753, 48.18613887]], [[16.38378179, 48.18590398], [16.38393788, 48.18598079], [16.38404687, 48.18588173], [16.38389078, 48.18580492], [16.38378179, 48.18590398]]]]}, "properties": {"id": 25137277, "bauperiode": "1946-1976"}}, {"type": "Feature", "geometry": {"type": "Polygon", "coordinates": [[[16.38404687, 48.18588173], [16.38393788, 48.18598079], [16.38378179, 48.18590398], [16.38389078, 48.18580492], [16.38404687, 48.18588173]]]}, "properties": {"id": 25137275, "bauperiode": "1946-1976"}}, {"type": "Feature", "geometry": {"type": "Polygon", "coordinates": [[[16.39972643, 48.18716074], [16.39955193, 48.1872477], [16.39954754, 48.18724382], [16.39947294, 48.18717779], [16.39965429, 48.18708761], [16.39965699, 48.18708627], [16.39967257, 48.18707852], [16.39985587, 48.18698737], [16.39984967, 48.1869818], [16.39990518, 48.18695416], [16.39987986, 48.18693142], [16.39982911, 48.18688585], [16.39979323, 48.18690377], [16.39975984, 48.18687375], [16.39979572, 48.18685592], [16.3996872, 48.18675832], [16.39965132, 48.18677623], [16.39961577, 48.18674433], [16.39965179, 48.18672641], [16.39960101, 48.18668085], [16.39957546, 48.18665792], [16.39951956, 48.18668522], [16.39938003, 48.18675336], [16.39935368, 48.18676623], [16.39936633, 48.18677756], [16.39937496, 48.18678529], [16.39932926, 48.18680789], [16.39932129, 48.18680088], [16.39930462, 48.18678623], [16.39912625, 48.18687426], [16.39909064, 48.18689183], [16.39908715, 48.18689633], [16.3990639, 48.18687527], [16.39900214, 48.18681934], [16.39937988, 48.18663645], [16.39953217, 48.18656244], [16.39956556, 48.18659417], [16.39958196, 48.18658669], [16.39960714, 48.18661204], [16.39965391, 48.18658692], [16.39969644, 48.1866254], [16.39969884, 48.18662757], [16.39970119, 48.18662969], [16.39970359, 48.18663186], [16.39970605, 48.18663409], [16.39970845, 48.18663626], [16.39971085, 48.18663843], [16.39986229, 48.18677542], [16.4000274, 48.18692477], [16.39998398, 48.18694638], [16.40000876, 48.18696849], [16.39999061, 48.18697767], [16.40002713, 48.18701047], [16.40002764, 48.18701093], [16.39991688, 48.18706602], [16.39976716, 48.18714048], [16.39979018, 48.18716116], [16.39974946, 48.18718141], [16.39972643, 48.18716074]]]}, "properties": {"id": 23454489, "bauperiode": "1919-1945"}}, {"type": "Feature", "geometry": {"type": "Polygon", "coordinates": [[[16.39953261, 48.18732948], [16.39947316, 48.18735927], [16.39938066, 48.18727263], [16.39937205, 48.18726454], [16.39935632, 48.18727246], [16.39930018, 48.18722159], [16.39928701, 48.18722816], [16.39923584, 48.18718179], [16.3992056, 48.18719466], [16.39917423, 48.18716329], [16.39920205, 48.18715123], [16.39916686, 48.18711935], [16.39912568, 48.18708203], [16.39908976, 48.18704949], [16.39906248, 48.1870629], [16.39903178, 48.18703513], [16.39905906, 48.18702171], [16.39900332, 48.18697111], [16.3990165, 48.18696463], [16.39895577, 48.18690962], [16.39897136, 48.18690188], [16.39892586, 48.18686063], [16.39895058, 48.18684882], [16.39896442, 48.18684221], [16.39896904, 48.18684], [16.39896577, 48.18683695], [16.39900214, 48.18681934], [16.3990639, 48.18687527], [16.39908715, 48.18689633], [16.39911257, 48.18691936], [16.39938053, 48.1871621], [16.39939093, 48.18717152], [16.39941863, 48.18719661], [16.39945954, 48.18717595], [16.39946675, 48.18717231], [16.39947294, 48.18717779], [16.39954754, 48.18724382], [16.39955193, 48.1872477], [16.39954742, 48.18724996], [16.39951788, 48.18726468], [16.39956875, 48.18730841], [16.39957128, 48.18731058], [16.39956452, 48.18731389], [16.39953261, 48.18732948]]]}, "properties": {"id": 23454490, "bauperiode": "1919-1945"}}, {"type": "Feature", "geometry": {"type": "Polygon", "coordinates": [[[16.39913316, 48.18767169], [16.39912368, 48.18767698], [16.39911136, 48.18766713], [16.39908372, 48.18764093], [16.3990696, 48.18762935], [16.39906564, 48.18762609], [16.39903293, 48.18759925], [16.39909697, 48.18756434], [16.39909964, 48.18756288], [16.39913824, 48.18754184], [16.39915358, 48.18753348], [16.39937009, 48.18741545], [16.39938083, 48.1874096], [16.39939024, 48.18740446], [16.39947316, 48.18735927], [16.39953261, 48.18732948], [16.39961725, 48.18739996], [16.39949247, 48.1874702], [16.39951549, 48.18748831], [16.39947565, 48.18751085], [16.39945336, 48.18749282], [16.39935825, 48.18754566], [16.3992645, 48.18759862], [16.3992861, 48.1876157], [16.39924766, 48.1876371], [16.39924511, 48.18763852], [16.39922503, 48.18762258], [16.39919053, 48.18764187], [16.39918835, 48.18764081], [16.39917895, 48.18764608], [16.39913359, 48.18767144], [16.39913316, 48.18767169]]]}, "properties": {"id": 23454493, "bauperiode": "1919-1945"}}, {"type": "Feature", "geometry": {"type": "Polygon", "coordinates": [[[16.39911136, 48.18766713], [16.39898422, 48.18773816], [16.39893539, 48.18769907], [16.3989149, 48.18768217], [16.39891275, 48.18768042], [16.39883604, 48.18761833], [16.39880575, 48.18759434], [16.39879074, 48.18758245], [16.3988996, 48.18752096], [16.39897292, 48.18758148], [16.39900976, 48.18761188], [16.39903293, 48.18759925], [16.39906564, 48.18762609], [16.3990696, 48.18762935], [16.39908372, 48.18764093], [16.39911136, 48.18766713]]]}, "properties": {"id": 23454140, "bauperiode": "1919-1945"}}, {"type": "Feature", "geometry": {"type": "Polygon", "coordinates": [[[16.39867151, 48.18745169], [16.39864346, 48.1874677], [16.39856596, 48.18740577], [16.39848711, 48.18734332], [16.39859953, 48.18727923], [16.39875627, 48.18740363], [16.39867151, 48.18745169]]]}, "properties": {"id": 23454176, "bauperiode": "1919-1945"}}, {"type": "Feature", "geometry": {"type": "Polygon", "coordinates": [[[16.39879074, 48.18758245], [16.39877203, 48.18759301], [16.39877139, 48.1875925], [16.39876039, 48.18758377], [16.39873843, 48.18756598], [16.398731, 48.18757027], [16.3986548, 48.18750965], [16.39866157, 48.18750595], [16.3986392, 48.18748733], [16.39862849, 48.18747853], [16.39862679, 48.18747713], [16.39864346, 48.1874677], [16.39867151, 48.18745169], [16.39875627, 48.18740363], [16.39878598, 48.18742721], [16.39879139, 48.1874315], [16.39878872, 48.18743295], [16.39875578, 48.18745077], [16.39876897, 48.18746164], [16.39883117, 48.18751305], [16.39884125, 48.18750765], [16.39886418, 48.18749528], [16.39886678, 48.18749387], [16.3988996, 48.18752096], [16.39879074, 48.18758245]]]}, "properties": {"id": 23454148, "bauperiode": "1919-1945"}}, {"type": "Feature", "geometry": {"type": "Polygon", "coordinates": [[[16.39836778, 48.18721162], [16.3983408, 48.18722666], [16.39826239, 48.18716489], [16.39818422, 48.18710186], [16.39829651, 48.1870384], [16.39845418, 48.18716376], [16.39843566, 48.18717401], [16.39836778, 48.18721162]]]}, "properties": {"id": 23454189, "bauperiode": "1919-1945"}}, {"type": "Feature", "geometry": {"type": "Polygon", "coordinates": [[[16.39848711, 48.18734332], [16.39847087, 48.18735261], [16.39846964, 48.18735171], [16.39845757, 48.18734301], [16.39843581, 48.18732585], [16.39842664, 48.18733109], [16.3983496, 48.18726914], [16.39835934, 48.18726302], [16.39833694, 48.18724684], [16.39832487, 48.18723797], [16.39832327, 48.1872368], [16.39832289, 48.18723651], [16.3983408, 48.18722666], [16.39836778, 48.18721162], [16.39843566, 48.18717401], [16.39845418, 48.18716376], [16.39848663, 48.18718956], [16.39848823, 48.18719083], [16.39848568, 48.18719227], [16.3984514, 48.18721162], [16.39846648, 48.18722349], [16.39853002, 48.18727399], [16.39853997, 48.18726841], [16.39856429, 48.18725473], [16.39856685, 48.18725329], [16.39859953, 48.18727923], [16.39848711, 48.18734332]]]}, "properties": {"id": 23454180, "bauperiode": "1919-1945"}}, {"type": "Feature", "geometry": {"type": "Polygon", "coordinates": [[[16.39784714, 48.18668201], [16.39773478, 48.18674603], [16.39772454, 48.18673793], [16.3977038, 48.18672151], [16.39757998, 48.18662344], [16.39763136, 48.18659405], [16.39761574, 48.18658093], [16.39765485, 48.18655851], [16.39767127, 48.18657145], [16.39773739, 48.18653392], [16.3976542, 48.18646849], [16.39763055, 48.18648199], [16.39759515, 48.18645431], [16.3976188, 48.18644054], [16.39752174, 48.18636424], [16.39749755, 48.18637972], [16.39746457, 48.1863497], [16.39748688, 48.18633683], [16.39736505, 48.18624094], [16.39734247, 48.18625372], [16.39730707, 48.18622586], [16.39732965, 48.18621298], [16.39729855, 48.18618854], [16.39730877, 48.18618278], [16.39725663, 48.1861417], [16.39729117, 48.18612201], [16.39728734, 48.18611957], [16.39729699, 48.18611408], [16.39731677, 48.18612989], [16.39737204, 48.18609847], [16.39740768, 48.18612652], [16.39741521, 48.18612229], [16.39745933, 48.186157], [16.39747645, 48.18617046], [16.3976158, 48.18628009], [16.39763211, 48.18629293], [16.39774792, 48.18638403], [16.39776386, 48.18639657], [16.3978877, 48.186494], [16.39828528, 48.18629782], [16.39834344, 48.18634896], [16.39839385, 48.18632564], [16.39844532, 48.18637344], [16.39848416, 48.18640951], [16.39850263, 48.18642666], [16.39848852, 48.18643351], [16.39845163, 48.18645149], [16.3984348, 48.18645958], [16.39842958, 48.18646208], [16.3983869, 48.18647781], [16.39837339, 48.18646507], [16.39833438, 48.18642829], [16.39832456, 48.18641903], [16.3982872, 48.18643631], [16.39827845, 48.18642858], [16.39814027, 48.18649233], [16.39816006, 48.18650977], [16.39816598, 48.18651498], [16.39812069, 48.18653614], [16.39811556, 48.18653075], [16.39809833, 48.18651268], [16.39795693, 48.18657805], [16.39791843, 48.18654695], [16.39788886, 48.18656324], [16.39791161, 48.18658167], [16.39789617, 48.18659014], [16.39787621, 48.18660107], [16.3978635, 48.18660804], [16.39784034, 48.1865898], [16.3977757, 48.18662563], [16.39784714, 48.18668201]]]}, "properties": {"id": 23454228, "bauperiode": "1919-1945"}}, {"type": "Feature", "geometry": {"type": "Polygon", "coordinates": [[[16.39806623, 48.18697001], [16.39803704, 48.18698634], [16.3979593, 48.18692407], [16.39789043, 48.18686965], [16.39788826, 48.18686794], [16.39787952, 48.18686103], [16.39799321, 48.18679597], [16.3981523, 48.18692198], [16.39806623, 48.18697001]]]}, "properties": {"id": 23454212, "bauperiode": "1919-1945"}}, {"type": "Feature", "geometry": {"type": "Polygon", "coordinates": [[[16.39818422, 48.18710186], [16.39816672, 48.18711159], [16.39816542, 48.18711061], [16.39815394, 48.18710185], [16.39813211, 48.18708445], [16.3981238, 48.18708921], [16.39804691, 48.18702799], [16.39805524, 48.18702325], [16.39803382, 48.18700609], [16.39802183, 48.18699702], [16.39802017, 48.18699577], [16.39803704, 48.18698634], [16.39806623, 48.18697001], [16.3981523, 48.18692198], [16.3981856, 48.18694835], [16.39818304, 48.18694979], [16.39814717, 48.18696987], [16.39816426, 48.18698344], [16.39822632, 48.18703278], [16.39823654, 48.18702702], [16.39826072, 48.18701342], [16.39826328, 48.18701198], [16.39829651, 48.1870384], [16.39818422, 48.18710186]]]}, "properties": {"id": 23454196, "bauperiode": "1919-1945"}}, {"type": "Feature", "geometry": {"type": "Polygon", "coordinates": [[[16.39868714, 48.18675356], [16.39866093, 48.1867649], [16.3986025, 48.18671116], [16.3985775, 48.18672259], [16.39854761, 48.18669527], [16.3985714, 48.18668239], [16.39845305, 48.18657256], [16.39842789, 48.18658496], [16.39842711, 48.18658535], [16.39839716, 48.18655645], [16.39842222, 48.18654335], [16.39836473, 48.1864914], [16.3983869, 48.18647781], [16.39842958, 48.18646208], [16.3984348, 48.18645958], [16.39845163, 48.18645149], [16.39848852, 48.18643351], [16.39878217, 48.18670638], [16.39877169, 48.18671144], [16.39874103, 48.18672569], [16.39872349, 48.18673417], [16.39870669, 48.1867451], [16.39868714, 48.18675356]]]}, "properties": {"id": 23454224, "bauperiode": "1919-1945"}}, {"type": "Feature", "geometry": {"type": "Polygon", "coordinates": [[[16.39866001, 48.18699873], [16.39859549, 48.18703015], [16.39856627, 48.18700337], [16.39855041, 48.18701021], [16.39854235, 48.18700238], [16.39851931, 48.18698001], [16.39853356, 48.18697335], [16.39850434, 48.18694647], [16.39872867, 48.18683978], [16.39871507, 48.18682612], [16.39874948, 48.18680982], [16.39874261, 48.18680362], [16.39870248, 48.1867674], [16.39868714, 48.18675356], [16.39870669, 48.1867451], [16.39872349, 48.18673417], [16.39874103, 48.18672569], [16.39877169, 48.18671144], [16.39878217, 48.18670638], [16.39879642, 48.18669954], [16.39881314, 48.18671507], [16.39885119, 48.18675042], [16.39890642, 48.18680173], [16.39892053, 48.18679489], [16.39896577, 48.18683695], [16.39896904, 48.18684], [16.39896442, 48.18684221], [16.39895058, 48.18684882], [16.39892586, 48.18686063], [16.39865381, 48.18699307], [16.39866001, 48.18699873]]]}, "properties": {"id": 23454200, "bauperiode": "1919-1945"}}, {"type": "Feature", "geometry": {"type": "Polygon", "coordinates": [[[16.3978651, 48.18686933], [16.39786381, 48.18687007], [16.39786236, 48.18686896], [16.39786014, 48.18686728], [16.397851, 48.18686032], [16.39782922, 48.18684395], [16.39782082, 48.18684891], [16.39774457, 48.18678737], [16.39775208, 48.1867832], [16.39772843, 48.18676384], [16.39771817, 48.18675548], [16.39772359, 48.18675239], [16.3977336, 48.18674671], [16.39773478, 48.18674603], [16.39784714, 48.18668201], [16.3978807, 48.18670849], [16.39787815, 48.18670993], [16.39784307, 48.18672982], [16.39786407, 48.18674645], [16.39792128, 48.18679183], [16.3979327, 48.18678544], [16.3979577, 48.18677131], [16.39796026, 48.18676987], [16.39799321, 48.18679597], [16.39787952, 48.18686103], [16.39787809, 48.18686186], [16.3978687, 48.18686725], [16.39786816, 48.18686757], [16.3978651, 48.18686933]]]}, "properties": {"id": 23454217, "bauperiode": "1919-1945"}}, {"type": "Feature", "geometry": {"type": "MultiPolygon", "coordinates": [[[[16.36621042, 48.18703042], [16.36618031, 48.18706136], [16.36614843, 48.18704734], [16.36613202, 48.18704024], [16.36613387, 48.18703834], [16.36615312, 48.18701865], [16.36604443, 48.18697119], [16.36602332, 48.18699278], [16.36590871, 48.18694281], [16.36595208, 48.18689817], [16.36597281, 48.18687685], [16.36602061, 48.18682764], [16.36603176, 48.18681617], [16.36615065, 48.18669381], [16.36642225, 48.18681263], [16.36633354, 48.18690394], [16.3663307, 48.1869027], [16.36620695, 48.18684875], [16.36616596, 48.18689076], [16.36615816, 48.18688735], [16.366156, 48.18688959], [16.36613811, 48.18688178], [16.36609994, 48.186921], [16.3661177, 48.18692882], [16.36611555, 48.18693106], [16.36614165, 48.18694248], [16.36616962, 48.1869386], [16.3661723, 48.18693582], [16.36626086, 48.18697442], [16.36626365, 48.18697563], [16.36625719, 48.18698238], [16.36621042, 48.18703042]], [[16.3660581, 48.18689457], [16.36608299, 48.18690535], [16.3661096, 48.18687801], [16.36608485, 48.18686713], [16.3660581, 48.18689457]]]]}, "properties": {"id": 23248305, "bauperiode": "1884-1918"}}, {"type": "Feature", "geometry": {"type": "Polygon", "coordinates": [[[16.37693681, 48.18921475], [16.37685193, 48.18936546], [16.37677656, 48.18934639], [16.37688316, 48.18915565], [16.37695926, 48.18917491], [16.37693681, 48.18921475]]]}, "properties": {"id": 23248896, "bauperiode": "1884-1918"}}, {"type": "Feature", "geometry": {"type": "Polygon", "coordinates": [[[16.37671403, 48.18933057], [16.37670218, 48.18932758], [16.3765723, 48.18929471], [16.37660935, 48.1892249], [16.3765881, 48.18921988], [16.37660153, 48.18919451], [16.37655754, 48.18918409], [16.37654411, 48.18920946], [16.37652985, 48.18920605], [16.37649343, 48.18927475], [16.37647541, 48.18927019], [16.37636109, 48.18924127], [16.37633514, 48.1892347], [16.37635187, 48.18920318], [16.37638106, 48.18914818], [16.37638509, 48.18914692], [16.37639315, 48.18913109], [16.37639126, 48.18912875], [16.37641993, 48.1890753], [16.37643733, 48.18904285], [16.37646238, 48.18904919], [16.37659516, 48.18908279], [16.37656633, 48.18913724], [16.37664583, 48.1891561], [16.37667403, 48.18910275], [16.37671156, 48.18911224], [16.37681603, 48.18913868], [16.37682137, 48.18914002], [16.37671403, 48.18933057]]]}, "properties": {"id": 26636058, "bauperiode": "1884-1918"}}, {"type": "Feature", "geometry": {"type": "Polygon", "coordinates": [[[16.38022668, 48.18980355], [16.38013295, 48.18997311], [16.38010685, 48.18996655], [16.38010147, 48.18996512], [16.38013517, 48.18990413], [16.38015576, 48.18990925], [16.38019752, 48.18983369], [16.38017694, 48.18982857], [16.38021145, 48.18976605], [16.3802436, 48.18977395], [16.3802432, 48.1897744], [16.38024504, 48.18977561], [16.38024504, 48.18977726], [16.38024308, 48.1897785], [16.38024051, 48.18977836], [16.38022856, 48.18979941], [16.38023062, 48.18980044], [16.38023087, 48.18980222], [16.38022925, 48.18980346], [16.38022668, 48.18980355]]]}, "properties": {"id": 23383736, "bauperiode": "1884-1918"}}, {"type": "Feature", "geometry": {"type": "MultiPolygon", "coordinates": [[[[16.37990426, 48.18976194], [16.37991675, 48.18973955], [16.3799505, 48.18973198], [16.38006323, 48.18975981], [16.380078, 48.18973301], [16.38009495, 48.18973723], [16.38014674, 48.18974998], [16.38021145, 48.18976605], [16.38017694, 48.18982857], [16.38019752, 48.18983369], [16.38015576, 48.18990925], [16.38013517, 48.18990413], [16.38010147, 48.18996512], [16.37998524, 48.18993539], [16.37996965, 48.18993141], [16.37998427, 48.18990589], [16.37986723, 48.18987608], [16.37985957, 48.18987411], [16.37986803, 48.18985908], [16.3798465, 48.18985361], [16.37985751, 48.18983427], [16.37978339, 48.18981532], [16.3798261, 48.18974255], [16.37987566, 48.18975485], [16.37990426, 48.18976194]], [[16.3798864, 48.18979433], [16.37993832, 48.18980717], [16.37995632, 48.18977478], [16.37990426, 48.18976194], [16.3798864, 48.18979433]], [[16.38001554, 48.18983007], [16.38004745, 48.18986261], [16.38009088, 48.18984542], [16.38006153, 48.18981611], [16.3800279, 48.18980776], [16.37996252, 48.1897916], [16.37993741, 48.18983702], [16.38000279, 48.18985319], [16.38001554, 48.18983007]]]]}, "properties": {"id": 23391928, "bauperiode": "1884-1918"}}, {"type": "Feature", "geometry": {"type": "Polygon", "coordinates": [[[16.37985391, 48.18989955], [16.37985273, 48.18990163], [16.37964356, 48.18984827], [16.37964045, 48.18984748], [16.37966462, 48.18980637], [16.37966774, 48.18980719], [16.37977197, 48.18983457], [16.37978339, 48.18981532], [16.37985751, 48.18983427], [16.3798465, 48.18985361], [16.37986803, 48.18985908], [16.37985957, 48.18987411], [16.37986723, 48.18987608], [16.37985391, 48.18989955]]]}, "properties": {"id": 23383742, "bauperiode": "1884-1918"}}, {"type": "Feature", "geometry": {"type": "Polygon", "coordinates": [[[16.37989251, 48.1897245], [16.37987566, 48.18975485], [16.3798261, 48.18974255], [16.37982916, 48.18973736], [16.37982262, 48.18972086], [16.3797317, 48.1896984], [16.37972855, 48.18969762], [16.37975474, 48.18965309], [16.37996527, 48.18970517], [16.37996414, 48.18970723], [16.3799505, 48.18973198], [16.37991675, 48.18973955], [16.3799211, 48.18973159], [16.37989251, 48.1897245]]]}, "properties": {"id": 23390483, "bauperiode": "1884-1918"}}, {"type": "Feature", "geometry": {"type": "Polygon", "coordinates": [[[16.36357241, 48.18726283], [16.36352602, 48.18727606], [16.36350395, 48.18724936], [16.36346372, 48.18722131], [16.363489, 48.18720475], [16.36351884, 48.18719059], [16.36352062, 48.18718976], [16.36353863, 48.18721239], [16.36355906, 48.18720573], [16.36356727, 48.1872176], [16.36358516, 48.18721175], [16.36359001, 48.18721016], [16.36360495, 48.18723055], [16.36356447, 48.18724476], [16.36357241, 48.18726283]]]}, "properties": {"id": 19218720, "bauperiode": "1884-1918"}}, {"type": "Feature", "geometry": {"type": "MultiPolygon", "coordinates": [[[[16.36378071, 48.18742545], [16.36375487, 48.18743159], [16.36375329, 48.18742951], [16.36372351, 48.18739014], [16.36369622, 48.18741011], [16.36365275, 48.18735364], [16.36364938, 48.18734915], [16.36365355, 48.1873362], [16.36368017, 48.18732936], [16.36363186, 48.18726839], [16.36360631, 48.18727379], [16.36357927, 48.18727137], [16.36357241, 48.18726283], [16.36356447, 48.18724476], [16.36360495, 48.18723055], [16.36359001, 48.18721016], [16.36358516, 48.18721175], [16.36355655, 48.18717271], [16.36365865, 48.18712428], [16.36368958, 48.18710961], [16.3637184, 48.18714759], [16.36374546, 48.18718365], [16.3637959, 48.18725037], [16.36380105, 48.18725719], [16.3638086, 48.18726717], [16.36382594, 48.1872901], [16.36390561, 48.18739549], [16.36390588, 48.18739585], [16.36380301, 48.18742016], [16.36378071, 48.18742545]], [[16.36367676, 48.18729588], [16.36372412, 48.18735563], [16.36377288, 48.18733836], [16.36372552, 48.1872786], [16.36367676, 48.18729588]], [[16.36359435, 48.18724675], [16.36360446, 48.18725951], [16.36362874, 48.18725091], [16.36361863, 48.18723815], [16.36359435, 48.18724675]], [[16.36367557, 48.1873468], [16.36368647, 48.18736055], [16.36370075, 48.18735549], [16.36368985, 48.18734175], [16.36367557, 48.1873468]]]]}, "properties": {"id": 19219043, "bauperiode": "1884-1918"}}, {"type": "Feature", "geometry": {"type": "Polygon", "coordinates": [[[16.38917228, 48.18262288], [16.38916677, 48.18262756], [16.38916232, 48.18262508], [16.38908783, 48.18258361], [16.38901392, 48.18254247], [16.38902185, 48.18253626], [16.3886529, 48.1823312], [16.38868636, 48.18230429], [16.38880075, 48.18236798], [16.389118, 48.18254458], [16.38920748, 48.18259436], [16.38920777, 48.18259453], [16.38917349, 48.1826218], [16.38917228, 48.18262288]]]}, "properties": {"id": 23428218, "bauperiode": "1946-1976"}}, {"type": "Feature", "geometry": {"type": "Polygon", "coordinates": [[[16.38901392, 48.18254247], [16.38891744, 48.18262039], [16.38854903, 48.18241515], [16.3886529, 48.1823312], [16.38902185, 48.18253626], [16.38901392, 48.18254247]]]}, "properties": {"id": 23428219, "bauperiode": "1946-1976"}}, {"type": "Feature", "geometry": {"type": "Polygon", "coordinates": [[[16.3895457, 48.18249814], [16.38933469, 48.18266557], [16.38920777, 48.18259453], [16.38920748, 48.18259436], [16.38938633, 48.18245254], [16.38940447, 48.18243823], [16.38941696, 48.18242834], [16.38941827, 48.18242732], [16.3895457, 48.18249814]]]}, "properties": {"id": 23428211, "bauperiode": "1946-1976"}}, {"type": "Feature", "geometry": {"type": "Polygon", "coordinates": [[[16.38986676, 48.18265961], [16.38964439, 48.18283895], [16.38933469, 48.18266557], [16.3895457, 48.18249814], [16.38955997, 48.18248681], [16.38986676, 48.18265961]]]}, "properties": {"id": 23428184, "bauperiode": "1946-1976"}}, {"type": "Feature", "geometry": {"type": "Polygon", "coordinates": [[[16.39114054, 48.18367651], [16.39110144, 48.18370881], [16.39096783, 48.18363387], [16.39097804, 48.18362586], [16.39035153, 48.18327875], [16.3902654, 48.18334759], [16.38983374, 48.18310857], [16.3899196, 48.18303892], [16.38929849, 48.18269162], [16.38917349, 48.1826218], [16.38920777, 48.18259453], [16.38933469, 48.18266557], [16.38964439, 48.18283895], [16.39001256, 48.18304506], [16.39032556, 48.18322028], [16.39069733, 48.1834284], [16.39100739, 48.18360197], [16.39114054, 48.18367651]]]}, "properties": {"id": 23428092, "bauperiode": "1946-1976"}}, {"type": "Feature", "geometry": {"type": "Polygon", "coordinates": [[[16.38929849, 48.18269162], [16.38915554, 48.18280735], [16.38902972, 48.18273743], [16.38903644, 48.18273204], [16.38916677, 48.18262756], [16.38917228, 48.18262288], [16.38917349, 48.1826218], [16.38929849, 48.18269162]]]}, "properties": {"id": 23428190, "bauperiode": "1946-1976"}}, {"type": "Feature", "geometry": {"type": "Polygon", "coordinates": [[[16.39023652, 48.1828679], [16.39001256, 48.18304506], [16.38964439, 48.18283895], [16.38986676, 48.18265961], [16.39023652, 48.1828679]]]}, "properties": {"id": 23428155, "bauperiode": "1946-1976"}}, {"type": "Feature", "geometry": {"type": "Polygon", "coordinates": [[[16.38983374, 48.18310857], [16.38968984, 48.18322564], [16.38906819, 48.18287798], [16.38915554, 48.18280735], [16.38929849, 48.18269162], [16.3899196, 48.18303892], [16.38983374, 48.18310857]]]}, "properties": {"id": 23428140, "bauperiode": "1946-1976"}}, {"type": "Feature", "geometry": {"type": "Polygon", "coordinates": [[[16.39054345, 48.18304079], [16.39032556, 48.18322028], [16.39001256, 48.18304506], [16.39023652, 48.1828679], [16.39054345, 48.18304079]]]}, "properties": {"id": 23428141, "bauperiode": "1946-1976"}}, {"type": "Feature", "geometry": {"type": "Polygon", "coordinates": [[[16.39011948, 48.18346457], [16.39011612, 48.18346736], [16.38968581, 48.18322888], [16.38968984, 48.18322564], [16.38983374, 48.18310857], [16.3902654, 48.18334759], [16.39011948, 48.18346457]]]}, "properties": {"id": 23428114, "bauperiode": "1946-1976"}}, {"type": "Feature", "geometry": {"type": "Polygon", "coordinates": [[[16.3888918, 48.18229483], [16.38880075, 48.18236798], [16.38868636, 48.18230429], [16.38877735, 48.18223116], [16.3888918, 48.18229483]]]}, "properties": {"id": 23428257, "bauperiode": "1946-1976"}}, {"type": "Feature", "geometry": {"type": "Polygon", "coordinates": [[[16.3889346, 48.18226041], [16.3888918, 48.18229483], [16.38877735, 48.18223116], [16.38882023, 48.18219669], [16.3889346, 48.18226041]]]}, "properties": {"id": 23428267, "bauperiode": "1946-1976"}}, {"type": "Feature", "geometry": {"type": "Polygon", "coordinates": [[[16.38948039, 48.18225339], [16.389118, 48.18254458], [16.38880075, 48.18236798], [16.3888918, 48.18229483], [16.3889346, 48.18226041], [16.38909539, 48.18213126], [16.38916311, 48.18207682], [16.38948039, 48.18225339]]]}, "properties": {"id": 23428231, "bauperiode": "1946-1976"}}, {"type": "Feature", "geometry": {"type": "Polygon", "coordinates": [[[16.38909539, 48.18213126], [16.3889346, 48.18226041], [16.38882023, 48.18219669], [16.38898089, 48.18206755], [16.38909539, 48.18213126]]]}, "properties": {"id": 23428274, "bauperiode": "1946-1976"}}, {"type": "Feature", "geometry": {"type": "Polygon", "coordinates": [[[16.38956888, 48.18212582], [16.38953785, 48.1821504], [16.38914786, 48.18193338], [16.38915879, 48.1819246], [16.38924713, 48.18185359], [16.38926627, 48.18183821], [16.38940322, 48.18172814], [16.38979542, 48.18194639], [16.38977757, 48.18196052], [16.38942951, 48.18176683], [16.38933509, 48.18184271], [16.38931039, 48.18186256], [16.38922451, 48.18193159], [16.38957081, 48.18212429], [16.38956888, 48.18212582]]]}, "properties": {"id": 23429988, "bauperiode": "1946-1976"}}, {"type": "Feature", "geometry": {"type": "Polygon", "coordinates": [[[16.38977757, 48.18196052], [16.38957081, 48.18212429], [16.38922451, 48.18193159], [16.38931039, 48.18186256], [16.38934681, 48.18188283], [16.3893715, 48.18186298], [16.38933509, 48.18184271], [16.38942951, 48.18176683], [16.38977757, 48.18196052]]]}, "properties": {"id": 23429987, "bauperiode": "1946-1976"}}, {"type": "Feature", "geometry": {"type": "Polygon", "coordinates": [[[16.39223628, 48.18379433], [16.39196809, 48.18400823], [16.39188332, 48.18396079], [16.39184053, 48.1839367], [16.39174162, 48.18388126], [16.39174673, 48.18387713], [16.39193054, 48.18373054], [16.39200245, 48.18367323], [16.3920046, 48.18367152], [16.39200981, 48.18366736], [16.39223628, 48.18379433]]]}, "properties": {"id": 23428061, "bauperiode": "1946-1976"}}, {"type": "Feature", "geometry": {"type": "Polygon", "coordinates": [[[16.39223775, 48.18330815], [16.39201379, 48.18348606], [16.39180145, 48.18336799], [16.39117709, 48.18302061], [16.39105572, 48.18295304], [16.38963331, 48.18216168], [16.38957385, 48.18212861], [16.38956888, 48.18212582], [16.38957081, 48.18212429], [16.38977757, 48.18196052], [16.38979542, 48.18194639], [16.3922365, 48.18330471], [16.39223978, 48.18330653], [16.39223775, 48.18330815]]]}, "properties": {"id": 23428112, "bauperiode": "1946-1976"}}, {"type": "Feature", "geometry": {"type": "Polygon", "coordinates": [[[16.39105572, 48.18295304], [16.39100533, 48.18299281], [16.38958684, 48.18220217], [16.38959745, 48.1821929], [16.38963331, 48.18216168], [16.39105572, 48.18295304]]]}, "properties": {"id": 23428162, "bauperiode": "1946-1976"}}, {"type": "Feature", "geometry": {"type": "Polygon", "coordinates": [[[16.39153857, 48.18339905], [16.39139037, 48.18351793], [16.39122473, 48.18342466], [16.39091578, 48.1832506], [16.39054345, 48.18304079], [16.39023652, 48.1828679], [16.38986676, 48.18265961], [16.38955997, 48.18248681], [16.3895457, 48.18249814], [16.38941827, 48.18242732], [16.38957269, 48.18230479], [16.38994918, 48.18251415], [16.38993131, 48.18252855], [16.38990295, 48.18255123], [16.38995772, 48.18258169], [16.39034524, 48.18279743], [16.39039126, 48.18282304], [16.3907138, 48.18300267], [16.39076062, 48.18302872], [16.39101978, 48.18317303], [16.39107374, 48.18320304], [16.3911037, 48.18317902], [16.39111956, 48.18316633], [16.39153857, 48.18339905]]]}, "properties": {"id": 23428106, "bauperiode": "1946-1976"}}, {"type": "Feature", "geometry": {"type": "Polygon", "coordinates": [[[16.39180145, 48.18336799], [16.39174972, 48.18340759], [16.3911267, 48.18306057], [16.39117709, 48.18302061], [16.39180145, 48.18336799]]]}, "properties": {"id": 23428123, "bauperiode": "1946-1976"}}, {"type": "Feature", "geometry": {"type": "Polygon", "coordinates": [[[16.39091578, 48.1832506], [16.39069733, 48.1834284], [16.39032556, 48.18322028], [16.39054345, 48.18304079], [16.39091578, 48.1832506]]]}, "properties": {"id": 23428120, "bauperiode": "1946-1976"}}, {"type": "Feature", "geometry": {"type": "Polygon", "coordinates": [[[16.39103877, 48.18357673], [16.39100739, 48.18360197], [16.39069733, 48.1834284], [16.39091578, 48.1832506], [16.39122473, 48.18342466], [16.39103877, 48.18357673]]]}, "properties": {"id": 23428100, "bauperiode": "1946-1976"}}, {"type": "Feature", "geometry": {"type": "Polygon", "coordinates": [[[16.39096783, 48.18363387], [16.39074478, 48.18381097], [16.39011948, 48.18346457], [16.3902654, 48.18334759], [16.39035153, 48.18327875], [16.39097804, 48.18362586], [16.39096783, 48.18363387]]]}, "properties": {"id": 23428083, "bauperiode": "1946-1976"}}, {"type": "Feature", "geometry": {"type": "Polygon", "coordinates": [[[16.39139037, 48.18351793], [16.39117445, 48.18369358], [16.39114054, 48.18367651], [16.39100739, 48.18360197], [16.39103877, 48.18357673], [16.39122473, 48.18342466], [16.39139037, 48.18351793]]]}, "properties": {"id": 23428094, "bauperiode": "1946-1976"}}, {"type": "Feature", "geometry": {"type": "Polygon", "coordinates": [[[16.39161863, 48.18380524], [16.39161338, 48.18380938], [16.3913413, 48.1836569], [16.39160949, 48.183443], [16.39188158, 48.18359548], [16.39187636, 48.18359964], [16.39187421, 48.18360135], [16.3918023, 48.18365865], [16.39161863, 48.18380524]]]}, "properties": {"id": 23428084, "bauperiode": "1946-1976"}}, {"type": "Feature", "geometry": {"type": "Polygon", "coordinates": [[[16.3918309, 48.18411774], [16.39168915, 48.18422987], [16.39096036, 48.18382372], [16.39086523, 48.18389976], [16.39072892, 48.18382365], [16.39074478, 48.18381097], [16.39096783, 48.18363387], [16.39110144, 48.18370881], [16.3918309, 48.18411774]]]}, "properties": {"id": 23428034, "bauperiode": "1946-1976"}}, {"type": "Feature", "geometry": {"type": "Polygon", "coordinates": [[[16.39193054, 48.18373054], [16.39174673, 48.18387713], [16.3916995, 48.18385062], [16.3916707, 48.18383444], [16.39161863, 48.18380524], [16.3918023, 48.18365865], [16.39193054, 48.18373054]]]}, "properties": {"id": 23428074, "bauperiode": "1946-1976"}}, {"type": "Feature", "geometry": {"type": "Polygon", "coordinates": [[[16.37429044, 48.18965135], [16.37424894, 48.18972879], [16.37409801, 48.1896971], [16.37414681, 48.18960617], [16.37415541, 48.18959015], [16.37420404, 48.1894995], [16.3742197, 48.18950221], [16.37424542, 48.18950838], [16.37435317, 48.18953424], [16.37431489, 48.18960583], [16.37432995, 48.18960943], [16.37430551, 48.18965494], [16.37429044, 48.18965135]]]}, "properties": {"id": 23393670, "bauperiode": "1781-1848"}}, {"type": "Feature", "geometry": {"type": "Polygon", "coordinates": [[[16.37452816, 48.18972798], [16.37449968, 48.18978141], [16.37437996, 48.18975627], [16.37438096, 48.18975412], [16.37438439, 48.18974674], [16.37437027, 48.18974377], [16.37436674, 48.18975114], [16.3743657, 48.18975331], [16.37428741, 48.18973688], [16.37428843, 48.18973471], [16.37431279, 48.18968282], [16.37452816, 48.18972798]]]}, "properties": {"id": 23398495, "bauperiode": "1781-1848"}}, {"type": "Feature", "geometry": {"type": "MultiPolygon", "coordinates": [[[[16.36850981, 48.18716157], [16.36843917, 48.1872407], [16.36830074, 48.18718381], [16.36829577, 48.18718175], [16.3682975, 48.18717985], [16.36831633, 48.18715935], [16.36831377, 48.18715027], [16.36821705, 48.18711045], [16.36819284, 48.18713681], [16.36819111, 48.1871387], [16.36818599, 48.18713663], [16.36804367, 48.18707812], [16.36819944, 48.18690874], [16.36833934, 48.18696635], [16.36831112, 48.18699702], [16.36833291, 48.18700601], [16.36832202, 48.18701788], [16.36831315, 48.18701779], [16.36828291, 48.18705], [16.36830348, 48.18705017], [16.3683468, 48.18706797], [16.36836508, 48.18704809], [16.36838418, 48.18705591], [16.3684034, 48.18703495], [16.36841981, 48.18704169], [16.36844808, 48.18701097], [16.36859157, 48.18706997], [16.36852084, 48.1871492], [16.36850981, 48.18716157]], [[16.36818635, 48.18706091], [16.36821837, 48.18707403], [16.36823329, 48.18705784], [16.36820127, 48.18704472], [16.36818635, 48.18706091]], [[16.36836338, 48.18713361], [16.36839527, 48.18714682], [16.36841018, 48.18713054], [16.3683783, 48.18711742], [16.36836338, 48.18713361]]]]}, "properties": {"id": 23245158, "bauperiode": "1884-1918"}}, {"type": "Feature", "geometry": {"type": "Polygon", "coordinates": [[[16.39900686, 48.17453018], [16.39885514, 48.17454537], [16.39885146, 48.17452895], [16.39883375, 48.1745308], [16.39882999, 48.17451469], [16.39884785, 48.17451282], [16.39882284, 48.17440106], [16.39897389, 48.17438599], [16.39900686, 48.17453018]]]}, "properties": {"id": 27070638, "bauperiode": "1884-1918"}}, {"type": "Feature", "geometry": {"type": "Polygon", "coordinates": [[[16.3988945, 48.17472163], [16.39889341, 48.17472174], [16.39887305, 48.17463058], [16.39883781, 48.17463411], [16.39882862, 48.17459275], [16.39886492, 48.1745891], [16.39885514, 48.17454537], [16.39900686, 48.17453018], [16.39900822, 48.17453613], [16.39901276, 48.174556], [16.39904714, 48.17470635], [16.3988945, 48.17472163]]]}, "properties": {"id": 27070637, "bauperiode": "1884-1918"}}, {"type": "Feature", "geometry": {"type": "Polygon", "coordinates": [[[16.38918734, 48.17245976], [16.38908827, 48.17247582], [16.38906413, 48.17240937], [16.38916375, 48.17239349], [16.38918734, 48.17245976]]]}, "properties": {"id": 25687086, "bauperiode": "1884-1918"}}, {"type": "Feature", "geometry": {"type": "Polygon", "coordinates": [[[16.39138762, 48.17431384], [16.39131985, 48.1743244], [16.39126558, 48.17416838], [16.39141096, 48.1741477], [16.39142876, 48.174199], [16.39143847, 48.17422678], [16.3914614, 48.1742926], [16.39138437, 48.17430451], [16.39138762, 48.17431384]]]}, "properties": {"id": 26265080, "bauperiode": "1946-1976"}}, {"type": "Feature", "geometry": {"type": "Polygon", "coordinates": [[[16.39157105, 48.17460093], [16.39149106, 48.17461347], [16.39148945, 48.1746091], [16.39144841, 48.17448936], [16.3914454, 48.17448058], [16.39144052, 48.17448096], [16.39144042, 48.17447108], [16.3914335, 48.17445089], [16.39142725, 48.17444214], [16.39143193, 48.17444091], [16.39142872, 48.17443172], [16.39138762, 48.17431384], [16.39138437, 48.17430451], [16.3914614, 48.1742926], [16.39153104, 48.17428186], [16.39155248, 48.17434409], [16.39156206, 48.17437187], [16.39160927, 48.174509], [16.39162526, 48.17450647], [16.39163376, 48.17453093], [16.39161776, 48.17453345], [16.39163745, 48.17459055], [16.39157105, 48.17460093]]]}, "properties": {"id": 26265056, "bauperiode": "1946-1976"}}, {"type": "Feature", "geometry": {"type": "MultiPolygon", "coordinates": [[[[16.39168651, 48.17496615], [16.39155258, 48.17499165], [16.39151364, 48.17488207], [16.39147335, 48.17476553], [16.39142202, 48.17461879], [16.39148945, 48.1746091], [16.39149106, 48.17461347], [16.39157105, 48.17460093], [16.39158993, 48.17465569], [16.3915995, 48.17468338], [16.39163929, 48.17479892], [16.39164887, 48.17482671], [16.39166425, 48.17487122], [16.39169046, 48.17486626], [16.39168844, 48.17486104], [16.39168939, 48.17486086], [16.39169263, 48.17486024], [16.39182596, 48.17483472], [16.39183324, 48.17485189], [16.39186695, 48.1749311], [16.39170619, 48.17496229], [16.391706, 48.1749628], [16.39170342, 48.17496285], [16.39168903, 48.17496579], [16.39168671, 48.17496653], [16.39168651, 48.17496615]], [[16.39167242, 48.1748706], [16.39167895, 48.17488658], [16.39169839, 48.17488304], [16.39169186, 48.17486704], [16.39167242, 48.1748706]]]]}, "properties": {"id": 26270541, "bauperiode": "1946-1976"}}, {"type": "Feature", "geometry": {"type": "Polygon", "coordinates": [[[16.39212147, 48.17419542], [16.39207939, 48.17420174], [16.39205795, 48.17413745], [16.39203993, 48.17414006], [16.39202766, 48.17410365], [16.39204594, 48.17410103], [16.39204311, 48.17409222], [16.39200654, 48.17409763], [16.39200465, 48.17409206], [16.39198663, 48.17408658], [16.39198069, 48.17406842], [16.39199359, 48.17405843], [16.3919917, 48.17405276], [16.39202827, 48.17404735], [16.39202355, 48.17403332], [16.3920054, 48.17403603], [16.39199515, 48.17400492], [16.39201329, 48.17400221], [16.39199198, 48.17393783], [16.39215883, 48.1739132], [16.39216263, 48.17391264], [16.39220373, 48.17403707], [16.3922087, 48.1740521], [16.39224969, 48.17417621], [16.39212147, 48.17419542]]]}, "properties": {"id": 26265098, "bauperiode": "1884-1918"}}, {"type": "Feature", "geometry": {"type": "Polygon", "coordinates": [[[16.39172849, 48.17404779], [16.39172521, 48.17404831], [16.39169276, 48.17395503], [16.39173972, 48.17394725], [16.39176776, 48.17394261], [16.39180049, 48.17403658], [16.39172849, 48.17404779]]]}, "properties": {"id": 26270299, "bauperiode": "1884-1918"}}, {"type": "Feature", "geometry": {"type": "Polygon", "coordinates": [[[16.36521927, 48.17211912], [16.36507483, 48.17213887], [16.36503319, 48.17198262], [16.36511405, 48.1719716], [16.36516375, 48.17196483], [16.36542801, 48.17192881], [16.36540992, 48.17187634], [16.36539943, 48.17184576], [16.36538192, 48.17179463], [16.36568221, 48.17174861], [16.36585907, 48.17172151], [16.36588004, 48.1717183], [16.36591008, 48.17171369], [16.36594052, 48.17179419], [16.36594337, 48.17180174], [16.36592603, 48.17180444], [16.36582265, 48.1718203], [16.36582157, 48.17181733], [16.36579414, 48.17182147], [16.36580034, 48.17183946], [16.3658091, 48.17187147], [16.36587027, 48.17186219], [16.36588144, 48.17189466], [16.36589798, 48.17190059], [16.36593052, 48.17189563], [16.36593887, 48.17191973], [16.36591238, 48.17192379], [16.36590795, 48.17192936], [16.36592956, 48.1719923], [16.36593031, 48.17199447], [16.3657744, 48.17201842], [16.36577362, 48.17201619], [16.36574944, 48.17194676], [16.36572803, 48.17188444], [16.36571753, 48.17185387], [16.36569332, 48.17184371], [16.36550901, 48.17187209], [16.36549382, 48.17188819], [16.36555207, 48.17205778], [16.36555281, 48.17205995], [16.36540063, 48.17208337], [16.36539985, 48.17208111], [16.36539362, 48.17206304], [16.36540276, 48.17206061], [16.36539267, 48.17203301], [16.36536269, 48.17203733], [16.36536457, 48.17204255], [16.3653518, 48.17204435], [16.36535342, 48.17204957], [16.36524008, 48.17206506], [16.36523847, 48.17205976], [16.36522569, 48.17206147], [16.36522435, 48.17205616], [16.36520284, 48.17205878], [16.36521079, 48.172088], [16.36521866, 48.17211686], [16.36521927, 48.17211912]]]}, "properties": {"id": 25094379, "bauperiode": "1919-1945"}}, {"type": "Feature", "geometry": {"type": "Polygon", "coordinates": [[[16.36603259, 48.17229118], [16.36587849, 48.17231534], [16.36585031, 48.17223551], [16.36586739, 48.1722329], [16.36585656, 48.17220221], [16.36584369, 48.17216572], [16.36582661, 48.17216843], [16.3657744, 48.17201842], [16.36593031, 48.17199447], [16.36595064, 48.17205229], [16.36591905, 48.17205724], [16.36592417, 48.17207181], [16.36593519, 48.1720701], [16.36593775, 48.17206983], [16.36594043, 48.17206965], [16.36594312, 48.17206974], [16.36594581, 48.17206992], [16.36594837, 48.17207037], [16.36595092, 48.17207091], [16.36595334, 48.17207162], [16.36595563, 48.17207252], [16.36595792, 48.17207351], [16.36595993, 48.17207468], [16.36596168, 48.17207594], [16.36596343, 48.17207738], [16.36596612, 48.17208043], [16.36596706, 48.17208214], [16.36596774, 48.17208385], [16.36596827, 48.17208556], [16.36596854, 48.17208736], [16.36596841, 48.17208916], [16.36596814, 48.17209096], [16.36596761, 48.17209267], [16.3659668, 48.17209437], [16.36596573, 48.17209599], [16.36596452, 48.17209761], [16.36596304, 48.17209905], [16.36596129, 48.1721004], [16.36595941, 48.17210166], [16.36595739, 48.17210283], [16.36595511, 48.17210382], [16.36595269, 48.17210463], [16.36595027, 48.17210535], [16.36594772, 48.1721058], [16.36593669, 48.1721076], [16.36594316, 48.17212577], [16.36597475, 48.17212081], [16.36599024, 48.1721647], [16.36595864, 48.17216965], [16.36596618, 48.17219114], [16.36598353, 48.17219779], [16.36608651, 48.17218041], [16.36612473, 48.1722812], [16.36612485, 48.17228223], [16.36605069, 48.17229412], [16.36604978, 48.1722942], [16.36604888, 48.17229426], [16.36604796, 48.1722943], [16.36604705, 48.17229432], [16.36604614, 48.17229431], [16.36604522, 48.17229429], [16.3660444, 48.17229426], [16.36604358, 48.1722942], [16.36604276, 48.17229412], [16.36604194, 48.17229401], [16.36604112, 48.17229389], [16.36604031, 48.17229374], [16.36603893, 48.17229342], [16.3660376, 48.17229307], [16.36603629, 48.17229268], [16.36603503, 48.17229223], [16.3660338, 48.17229173], [16.36603259, 48.17229118]]]}, "properties": {"id": 25094168, "bauperiode": "1884-1918"}}, {"type": "Feature", "geometry": {"type": "Polygon", "coordinates": [[[16.3655147, 48.17237633], [16.36551307, 48.17237634], [16.36551146, 48.17237625], [16.36550987, 48.17237605], [16.36550833, 48.17237577], [16.36550681, 48.17237543], [16.36550533, 48.17237505], [16.36550386, 48.17237463], [16.36550241, 48.17237418], [16.36550199, 48.17237404], [16.36550158, 48.17237391], [16.36550116, 48.17237376], [16.36550074, 48.17237362], [16.36550034, 48.17237347], [16.36549982, 48.17237331], [16.36549727, 48.17237253], [16.36549477, 48.17237176], [16.36549262, 48.17237104], [16.3654906, 48.17237014], [16.36548872, 48.17236915], [16.36548684, 48.17236798], [16.36548522, 48.17236681], [16.36548388, 48.17236547], [16.36548253, 48.17236403], [16.36548146, 48.17236259], [16.36548065, 48.17236106], [16.36547997, 48.17235953], [16.36545385, 48.17228336], [16.36545895, 48.17227806], [16.36544872, 48.17224838], [16.36543229, 48.17220072], [16.36544049, 48.17219946], [16.36540063, 48.17208337], [16.36555281, 48.17205995], [16.36557845, 48.17213456], [16.36560924, 48.17222415], [16.36558612, 48.17222766], [16.36559366, 48.1722496], [16.36556973, 48.1722533], [16.36557592, 48.17227128], [16.36561746, 48.17226489], [16.36561208, 48.17224906], [16.36571898, 48.1722326], [16.36574961, 48.17222789], [16.36583257, 48.17221486], [16.3658425, 48.1722133], [16.36585031, 48.17223551], [16.36587849, 48.17231534], [16.36585813, 48.17231853], [16.36582892, 48.17232311], [16.36576227, 48.17233356], [16.36576202, 48.17233385], [16.36576169, 48.17233424], [16.36576135, 48.17233462], [16.36576098, 48.17233499], [16.36576059, 48.17233535], [16.36576019, 48.17233571], [16.36575959, 48.17233621], [16.36575908, 48.17233662], [16.36575854, 48.17233701], [16.36575798, 48.17233739], [16.3657574, 48.17233776], [16.3657568, 48.17233812], [16.36575567, 48.17233872], [16.3657545, 48.17233928], [16.3657533, 48.17233979], [16.36575206, 48.17234026], [16.36575079, 48.17234068], [16.36574948, 48.17234107], [16.36564691, 48.17235683], [16.36564675, 48.17235623], [16.36552073, 48.17237573], [16.36552017, 48.17237582], [16.36551973, 48.17237589], [16.36551927, 48.17237595], [16.36551881, 48.17237602], [16.36551837, 48.17237607], [16.36551791, 48.17237611], [16.36551631, 48.17237625], [16.3655147, 48.17237633]]]}, "properties": {"id": 25094382, "bauperiode": "1884-1918"}}, {"type": "Feature", "geometry": {"type": "Polygon", "coordinates": [[[16.36544704, 48.17238666], [16.36533876, 48.17240398], [16.36532698, 48.17237117], [16.36530909, 48.17236848], [16.36529495, 48.17231632], [16.365415, 48.17229713], [16.36544704, 48.17238666]]]}, "properties": {"id": 25094041, "bauperiode": "1884-1918"}}, {"type": "Feature", "geometry": {"type": "Polygon", "coordinates": [[[16.36521293, 48.17242476], [16.36515371, 48.17243384], [16.36511263, 48.17228242], [16.36511342, 48.17228232], [16.36510668, 48.17225762], [16.36510589, 48.17225772], [16.36507362, 48.17213902], [16.36507483, 48.17213887], [16.36521927, 48.17211912], [16.36522827, 48.17211789], [16.36524136, 48.17216622], [16.36525647, 48.17216437], [16.36527826, 48.17224467], [16.36526314, 48.17224651], [16.36527398, 48.17228654], [16.36528821, 48.1722915], [16.36529495, 48.17231632], [16.36530909, 48.17236848], [16.36529525, 48.17237703], [16.36530424, 48.17241009], [16.36530401, 48.17241077], [16.36521293, 48.17242476]]]}, "properties": {"id": 25095056, "bauperiode": "1884-1918"}}, {"type": "Feature", "geometry": {"type": "Polygon", "coordinates": [[[16.38867962, 48.17268868], [16.38857853, 48.17270628], [16.38855009, 48.1726347], [16.38855236, 48.17263431], [16.38865172, 48.17261703], [16.38867962, 48.17268868]]]}, "properties": {"id": 25687054, "bauperiode": "1884-1918"}}, {"type": "Feature", "geometry": {"type": "Polygon", "coordinates": [[[16.36418793, 48.17427421], [16.36403568, 48.17428526], [16.36403136, 48.17425486], [16.36401805, 48.17425577], [16.36401386, 48.17422708], [16.36402731, 48.17422627], [16.36402488, 48.17420945], [16.36401022, 48.17420145], [16.36399341, 48.17420262], [16.3639949, 48.17421243], [16.36395201, 48.1742154], [16.36395052, 48.17420551], [16.36391046, 48.17420831], [16.3639168, 48.17424995], [16.36391075, 48.17425489], [16.36387337, 48.17425742], [16.36386598, 48.17425347], [16.36385963, 48.17421174], [16.3638029, 48.17421566], [16.36379953, 48.17421589], [16.36378335, 48.1741143], [16.36389921, 48.17410656], [16.36392456, 48.17410486], [16.3639508, 48.17410311], [16.36414198, 48.1740896], [16.3641649, 48.17410174], [16.36417378, 48.17416528], [16.36418953, 48.17427394], [16.36418793, 48.17427421]]]}, "properties": {"id": 19287111, "bauperiode": "1884-1918"}}, {"type": "Feature", "geometry": {"type": "Polygon", "coordinates": [[[16.36343335, 48.17433025], [16.36343236, 48.17433027], [16.36341659, 48.17421593], [16.36340787, 48.17415428], [16.36342688, 48.1741388], [16.36364522, 48.17412379], [16.36367015, 48.17412208], [16.36378335, 48.1741143], [16.36379953, 48.17421589], [16.36373944, 48.17422004], [16.36374591, 48.17426168], [16.36373986, 48.17426663], [16.36370235, 48.17426915], [16.36369509, 48.1742652], [16.36369253, 48.17424901], [16.36368861, 48.17422347], [16.36364855, 48.17422627], [16.36364544, 48.17420666], [16.36360269, 48.17420955], [16.36360566, 48.17422916], [16.36358562, 48.17423051], [16.36357353, 48.17424041], [16.36357636, 48.17425956], [16.3635367, 48.17426218], [16.36354548, 48.17432187], [16.36343335, 48.17433025]]]}, "properties": {"id": 19175011, "bauperiode": "1884-1918"}}, {"type": "Feature", "geometry": {"type": "MultiPolygon", "coordinates": [[[[16.36375721, 48.17467091], [16.36375929, 48.17468389], [16.36348706, 48.17470315], [16.36348246, 48.17467098], [16.36346277, 48.17453319], [16.36346095, 48.1745205], [16.36346014, 48.1745148], [16.36346048, 48.17451466], [16.36360661, 48.1745015], [16.36361012, 48.17452476], [16.36363445, 48.17452314], [16.36364911, 48.17453123], [16.36365168, 48.17454913], [16.36363958, 48.17455893], [16.36361538, 48.17456056], [16.36361848, 48.17458187], [16.3636361, 48.17459149], [16.36374326, 48.174584], [16.36375721, 48.17467091]], [[16.36353899, 48.17452631], [16.36354183, 48.17454645], [16.36357369, 48.17454438], [16.36357086, 48.17452432], [16.36353899, 48.17452631]], [[16.36368466, 48.17461693], [16.36368735, 48.17463446], [16.36371492, 48.17463248], [16.36371208, 48.17461494], [16.36368466, 48.17461693]]]]}, "properties": {"id": 19229245, "bauperiode": "1884-1918"}}, {"type": "Feature", "geometry": {"type": "Polygon", "coordinates": [[[16.36475393, 48.17306461], [16.36461572, 48.17307417], [16.36460506, 48.17300574], [16.36471283, 48.17299827], [16.36482367, 48.17299058], [16.36482932, 48.17299021], [16.36483265, 48.17301869], [16.36478116, 48.17302302], [16.36478436, 48.17304868], [16.36475177, 48.17305094], [16.36475393, 48.17306461]]]}, "properties": {"id": 19229223, "bauperiode": "1884-1918"}}, {"type": "Feature", "geometry": {"type": "Polygon", "coordinates": [[[16.36489409, 48.17314868], [16.36483195, 48.17315258], [16.36482689, 48.17312096], [16.3647947, 48.17312284], [16.36479185, 48.17310101], [16.36479039, 48.17310021], [16.36478566, 48.17307036], [16.36478784, 48.17306857], [16.3647905, 48.1730664], [16.36482398, 48.17306405], [16.36482256, 48.17305465], [16.36483675, 48.17305359], [16.36483265, 48.17301869], [16.36482932, 48.17299021], [16.36486863, 48.17298751], [16.36487519, 48.17302902], [16.36486427, 48.17302976], [16.36486763, 48.17305102], [16.36487855, 48.17305028], [16.36488465, 48.17308888], [16.36487373, 48.17308963], [16.3648772, 48.17311161], [16.36488811, 48.17311087], [16.36489409, 48.17314868]]]}, "properties": {"id": 19286417, "bauperiode": "1884-1918"}}, {"type": "Feature", "geometry": {"type": "Polygon", "coordinates": [[[16.36499655, 48.17314226], [16.36489409, 48.17314868], [16.36488811, 48.17311087], [16.3648772, 48.17311161], [16.36487373, 48.17308963], [16.36488465, 48.17308888], [16.36487855, 48.17305028], [16.36486763, 48.17305102], [16.36486427, 48.17302976], [16.36487519, 48.17302902], [16.36486863, 48.17298751], [16.36497101, 48.17298046], [16.36499655, 48.17314226]]]}, "properties": {"id": 19286812, "bauperiode": "1884-1918"}}, {"type": "Feature", "geometry": {"type": "Polygon", "coordinates": [[[16.36285402, 48.17054092], [16.36275634, 48.17055557], [16.3627267, 48.17046745], [16.36272262, 48.17045525], [16.36296112, 48.17041936], [16.36299543, 48.1705197], [16.36289838, 48.17053426], [16.36288963, 48.17050827], [16.36289769, 48.1705071], [16.36289029, 48.17048515], [16.36283799, 48.17049299], [16.36285402, 48.17054092]]]}, "properties": {"id": 21188887, "bauperiode": "1946-1976"}}, {"type": "Feature", "geometry": {"type": "Polygon", "coordinates": [[[16.36988089, 48.1862111], [16.36979865, 48.18630295], [16.36974269, 48.18628057], [16.36972478, 48.18630052], [16.36972306, 48.18630243], [16.36968418, 48.18628683], [16.36968369, 48.18628663], [16.3696854, 48.18628472], [16.36969454, 48.18627456], [16.36965929, 48.18626045], [16.36965021, 48.18627055], [16.36964845, 48.18627252], [16.36956715, 48.18623979], [16.36962111, 48.18617993], [16.36963264, 48.18616709], [16.36968556, 48.18610644], [16.36976747, 48.18613955], [16.36975726, 48.18615097], [16.3697925, 48.18616508], [16.36980272, 48.18615366], [16.3698198, 48.18616049], [16.36984213, 48.18616938], [16.36982493, 48.18618863], [16.36988089, 48.1862111]]]}, "properties": {"id": 23245453, "bauperiode": "1884-1918"}}, {"type": "Feature", "geometry": {"type": "Polygon", "coordinates": [[[16.37245442, 48.18790105], [16.37245428, 48.18790195], [16.37216185, 48.18782748], [16.37217205, 48.1878094], [16.37246362, 48.18788331], [16.37245442, 48.18790105]]]}, "properties": {"id": 23245014, "bauperiode": "1884-1918"}}, {"type": "Feature", "geometry": {"type": "MultiPolygon", "coordinates": [[[[16.37248316, 48.18784564], [16.37246362, 48.18788331], [16.37217205, 48.1878094], [16.37216185, 48.18782748], [16.37214132, 48.18782226], [16.37211813, 48.18781635], [16.37211455, 48.18781513], [16.37211033, 48.18781324], [16.37210651, 48.187811], [16.37210316, 48.18780845], [16.37210033, 48.18780563], [16.37209809, 48.18780258], [16.37209802, 48.18780248], [16.37209645, 48.18779937], [16.37209546, 48.18779604], [16.37209512, 48.18779265], [16.37209545, 48.18778926], [16.37209644, 48.18778593], [16.3720978, 48.18778317], [16.37212338, 48.18775314], [16.37214768, 48.18776238], [16.37233327, 48.18754241], [16.37242733, 48.18757851], [16.37239759, 48.18761382], [16.37241992, 48.18762227], [16.3724257, 48.18761534], [16.37244319, 48.18762082], [16.3724096, 48.18766787], [16.37237748, 48.18770592], [16.37240372, 48.18771589], [16.37240076, 48.1877194], [16.37238946, 48.18771518], [16.37238288, 48.18772291], [16.37237615, 48.1877204], [16.37236029, 48.18773911], [16.37245445, 48.187763], [16.37244908, 48.18777245], [16.37248311, 48.18778107], [16.37250961, 48.18778778], [16.37251284, 48.18778861], [16.37248316, 48.18784564]], [[16.37226294, 48.18776621], [16.37229845, 48.18777519], [16.37231229, 48.1877509], [16.37228457, 48.18774048], [16.37226294, 48.18776621]], [[16.37230134, 48.18766934], [16.37235878, 48.187691], [16.37237746, 48.18766887], [16.37232001, 48.18764721], [16.37230134, 48.18766934]]]]}, "properties": {"id": 23247543, "bauperiode": "1884-1918"}}, {"type": "Feature", "geometry": {"type": "Polygon", "coordinates": [[[16.3725902, 48.1876411], [16.3725628, 48.18769327], [16.37255985, 48.18769215], [16.3725141, 48.18767476], [16.37251195, 48.18767638], [16.37250953, 48.18767782], [16.37250711, 48.18767917], [16.37250442, 48.18768043], [16.3725016, 48.18768151], [16.37249878, 48.1876825], [16.37249568, 48.18768322], [16.37249273, 48.18768394], [16.3724895, 48.18768439], [16.37248627, 48.18768466], [16.37248304, 48.18768484], [16.37247982, 48.18768484], [16.37247659, 48.18768466], [16.37247349, 48.1876843], [16.37247027, 48.18768377], [16.37246731, 48.18768314], [16.37246421, 48.18768233], [16.37246139, 48.18768134], [16.37244646, 48.18767568], [16.37244041, 48.18768279], [16.37243893, 48.18767901], [16.3724096, 48.18766787], [16.37244319, 48.18762082], [16.37244883, 48.18761326], [16.37246081, 48.1876174], [16.3724758, 48.18759975], [16.37247747, 48.18759779], [16.37248298, 48.18759994], [16.37250733, 48.18760929], [16.37251015, 48.18761037], [16.37258711, 48.18763991], [16.3725902, 48.1876411]]]}, "properties": {"id": 23247541, "bauperiode": "1884-1918"}}, {"type": "Feature", "geometry": {"type": "Polygon", "coordinates": [[[16.37233327, 48.18754241], [16.37214768, 48.18776238], [16.37212338, 48.18775314], [16.37224946, 48.18760515], [16.37226097, 48.18759163], [16.37231039, 48.18753363], [16.37233327, 48.18754241]]]}, "properties": {"id": 23245030, "bauperiode": "1884-1918"}}, {"type": "Feature", "geometry": {"type": "Polygon", "coordinates": [[[16.38857853, 48.17270628], [16.38850863, 48.17271845], [16.38848009, 48.17264663], [16.38847722, 48.17263942], [16.38854699, 48.17262697], [16.38855009, 48.1726347], [16.38857853, 48.17270628]]]}, "properties": {"id": 25687053, "bauperiode": "1884-1918"}}, {"type": "Feature", "geometry": {"type": "Polygon", "coordinates": [[[16.38938034, 48.1729676], [16.38923916, 48.1729907], [16.38915754, 48.17276618], [16.38929931, 48.17274195], [16.38931352, 48.17278281], [16.38931652, 48.17278271], [16.38936802, 48.17292621], [16.38936558, 48.17292699], [16.38938034, 48.1729676]]]}, "properties": {"id": 26132927, "bauperiode": "1884-1918"}}, {"type": "Feature", "geometry": {"type": "Polygon", "coordinates": [[[16.38859352, 48.17309591], [16.38845261, 48.17311871], [16.38843547, 48.17308228], [16.38843258, 48.17308268], [16.38836693, 48.1729414], [16.38836964, 48.17294082], [16.38835073, 48.17290084], [16.38849037, 48.17287386], [16.38859352, 48.17309591]]]}, "properties": {"id": 26132921, "bauperiode": "1884-1918"}}, {"type": "Feature", "geometry": {"type": "MultiPolygon", "coordinates": [[[[16.37755817, 48.17281546], [16.37754849, 48.17281555], [16.37754697, 48.17276645], [16.37752841, 48.17275872], [16.37751429, 48.17275891], [16.37748942, 48.1727582], [16.37748714, 48.17276332], [16.37748539, 48.17276629], [16.37748445, 48.17276746], [16.37748257, 48.17276935], [16.37748042, 48.17277106], [16.37747814, 48.17277268], [16.37747572, 48.17277421], [16.37747303, 48.17277565], [16.37747021, 48.17277691], [16.37746739, 48.17277799], [16.37746429, 48.17277898], [16.3774612, 48.1727797], [16.37745798, 48.17278033], [16.37745462, 48.17278087], [16.37745139, 48.17278114], [16.37744803, 48.17278123], [16.37744467, 48.17278124], [16.3774413, 48.17278097], [16.37743794, 48.17278061], [16.37743472, 48.17278007], [16.37743162, 48.17277935], [16.37742853, 48.17277845], [16.37742544, 48.17277747], [16.37742261, 48.17277621], [16.37741992, 48.17277495], [16.37741737, 48.17277342], [16.37741494, 48.17277189], [16.37741279, 48.17277019], [16.37741077, 48.17276839], [16.37740902, 48.17276641], [16.37740754, 48.17276443], [16.3774062, 48.17276236], [16.37740539, 48.17276039], [16.37730697, 48.17276159], [16.37729363, 48.17272157], [16.37728581, 48.17269802], [16.37731351, 48.17269765], [16.37731268, 48.17267067], [16.37727866, 48.17267104], [16.37727397, 48.17251123], [16.37726294, 48.17251141], [16.37726239, 48.17249505], [16.37723456, 48.17249542], [16.37723152, 48.17238948], [16.37732213, 48.17238827], [16.37732297, 48.17241813], [16.37739543, 48.17241721], [16.37739629, 48.17241448], [16.37739754, 48.17241182], [16.37739917, 48.17240926], [16.37740115, 48.17240681], [16.37740348, 48.1724045], [16.37740614, 48.17240236], [16.37740908, 48.17240039], [16.3774123, 48.17239862], [16.37741576, 48.17239707], [16.37741943, 48.17239575], [16.37742327, 48.17239467], [16.37742724, 48.17239384], [16.37743132, 48.17239328], [16.37743546, 48.17239298], [16.37743962, 48.17239294], [16.37744352, 48.17239316], [16.37744738, 48.17239361], [16.37745116, 48.17239429], [16.37745484, 48.1723952], [16.37745837, 48.17239633], [16.37746174, 48.17239766], [16.37746491, 48.1723992], [16.37746786, 48.17240092], [16.37747057, 48.17240281], [16.37747301, 48.17240486], [16.37747516, 48.17240705], [16.377477, 48.17240936], [16.37747853, 48.17241177], [16.37747972, 48.17241427], [16.37748057, 48.17241682], [16.37750904, 48.172416], [16.37751742, 48.17241575], [16.37753592, 48.1724014], [16.37752998, 48.1724014], [16.37752996, 48.17235645], [16.37753615, 48.17235645], [16.3776865, 48.17235452], [16.3776874, 48.17235441], [16.37769321, 48.17252676], [16.37769228, 48.17252694], [16.37768889, 48.17252699], [16.37754718, 48.17252885], [16.37754691, 48.17251994], [16.37739646, 48.17252167], [16.37736083, 48.17252208], [16.37736207, 48.17255697], [16.3773665, 48.17255697], [16.37736817, 48.17261741], [16.37736386, 48.1726175], [16.37736418, 48.17262888], [16.37736483, 48.17265284], [16.37740022, 48.17265237], [16.37755078, 48.17265035], [16.3775505, 48.17264342], [16.37769235, 48.17264157], [16.3776958, 48.17264152], [16.37769688, 48.17264152], [16.37770119, 48.1727868], [16.37770176, 48.17280605], [16.37770194, 48.17281374], [16.37769991, 48.17281363], [16.37768563, 48.17281379], [16.37755817, 48.17281546]], [[16.37736799, 48.17273198], [16.37736758, 48.17272074], [16.37735386, 48.17272092], [16.37735414, 48.17273217], [16.37736799, 48.17273198]], [[16.37754614, 48.17240384], [16.37754683, 48.17242444], [16.37757964, 48.17242397], [16.37757895, 48.17240338], [16.37754614, 48.17240384]], [[16.37726828, 48.17245952], [16.37726869, 48.17247751], [16.37730042, 48.17247714], [16.37729973, 48.17245168], [16.37727728, 48.17245196], [16.37726828, 48.17245952]], [[16.37738967, 48.1724343], [16.37739198, 48.1724646], [16.37742989, 48.17246342], [16.37742758, 48.17243302], [16.37738967, 48.1724343]], [[16.37740148, 48.17274258], [16.37744047, 48.17274293], [16.37744098, 48.17271217], [16.37740199, 48.17271191], [16.37740148, 48.17274258]]]]}, "properties": {"id": 26794582, "bauperiode": "1884-1918"}}, {"type": "Feature", "geometry": {"type": "Polygon", "coordinates": [[[16.38901757, 48.17262856], [16.38895009, 48.17264064], [16.38892245, 48.17257104], [16.38891935, 48.17256349], [16.38898818, 48.17255123], [16.38901757, 48.17262856]]]}, "properties": {"id": 25687064, "bauperiode": "1884-1918"}}, {"type": "Feature", "geometry": {"type": "Polygon", "coordinates": [[[16.37511241, 48.18005044], [16.37511234, 48.18005087], [16.37510093, 48.18004952], [16.37510082, 48.18005003], [16.37484109, 48.18001974], [16.37487041, 48.17992062], [16.37488299, 48.1798778], [16.37490108, 48.17988015], [16.37486286, 48.18000895], [16.37511582, 48.18003899], [16.37511291, 48.18005004], [16.37511279, 48.18005048], [16.37511241, 48.18005044]]]}, "properties": {"id": 19004501, "bauperiode": "1946-1976"}}, {"type": "Feature", "geometry": {"type": "Polygon", "coordinates": [[[16.37557442, 48.17994494], [16.37556516, 48.17996797], [16.37551823, 48.17995953], [16.37555688, 48.1798632], [16.37557275, 48.17986607], [16.37560382, 48.17987164], [16.37557442, 48.17994494]]]}, "properties": {"id": 19004519, "bauperiode": "1946-1976"}}, {"type": "Feature", "geometry": {"type": "Polygon", "coordinates": [[[16.37574005, 48.17989614], [16.37565684, 48.18010338], [16.3754028, 48.18007316], [16.3754087, 48.18005094], [16.37533783, 48.18004251], [16.37533193, 48.18006473], [16.37518736, 48.18004751], [16.37519326, 48.18002529], [16.37512172, 48.18001677], [16.37511582, 48.18003899], [16.37486286, 48.18000895], [16.37490108, 48.17988015], [16.37490619, 48.17988087], [16.37492394, 48.1798832], [16.37495515, 48.17988733], [16.37497881, 48.17980734], [16.37506372, 48.17981696], [16.37504456, 48.17988163], [16.3749862, 48.17987392], [16.37497842, 48.17990009], [16.37503678, 48.1799078], [16.37502994, 48.17993092], [16.37502713, 48.17994054], [16.37555121, 48.18000287], [16.37555496, 48.17999333], [16.37556422, 48.1799704], [16.37562273, 48.1799809], [16.37563293, 48.17995544], [16.37557442, 48.17994494], [16.37560382, 48.17987164], [16.37573521, 48.17989524], [16.37574005, 48.17989614]]]}, "properties": {"id": 19004475, "bauperiode": "1946-1976"}}, {"type": "Feature", "geometry": {"type": "Polygon", "coordinates": [[[16.38895009, 48.17264064], [16.38885008, 48.17265867], [16.38882217, 48.17258889], [16.38892245, 48.17257104], [16.38895009, 48.17264064]]]}, "properties": {"id": 25687062, "bauperiode": "1884-1918"}}, {"type": "Feature", "geometry": {"type": "Polygon", "coordinates": [[[16.39913654, 48.17605547], [16.39907227, 48.17606189], [16.3990528, 48.17597403], [16.39900252, 48.17597901], [16.39897496, 48.17598181], [16.39896496, 48.17593703], [16.39899588, 48.17593396], [16.39899399, 48.17592532], [16.39899735, 48.17592499], [16.39904212, 48.17592056], [16.39904548, 48.17592023], [16.39908541, 48.17591628], [16.39910679, 48.17592139], [16.39911707, 48.17596761], [16.39913654, 48.17605547]]]}, "properties": {"id": 23049900, "bauperiode": "1946-1976"}}, {"type": "Feature", "geometry": {"type": "Polygon", "coordinates": [[[16.39916828, 48.17617164], [16.39907202, 48.17618141], [16.3990466, 48.17607125], [16.39914287, 48.17606212], [16.39914868, 48.17608721], [16.39916374, 48.17608666], [16.39918163, 48.17609465], [16.39918745, 48.17612325], [16.39917334, 48.17613522], [16.39916044, 48.17613657], [16.39916828, 48.17617164]]]}, "properties": {"id": 23049896, "bauperiode": "1946-1976"}}, {"type": "Feature", "geometry": {"type": "MultiPolygon", "coordinates": [[[[16.39917461, 48.17596192], [16.39911707, 48.17596761], [16.39910679, 48.17592139], [16.39910369, 48.1759089], [16.3991022, 48.17590251], [16.39906025, 48.17590658], [16.39900723, 48.17566361], [16.39900674, 48.17566136], [16.39895681, 48.1754326], [16.39901172, 48.17542725], [16.39904678, 48.17542383], [16.39910922, 48.17541773], [16.39919594, 48.17540927], [16.39919879, 48.17540892], [16.39924712, 48.1756305], [16.39929545, 48.17585209], [16.39930224, 48.17588319], [16.39929892, 48.17588351], [16.39923101, 48.17588997], [16.39923343, 48.17590078], [16.39922979, 48.17590374], [16.39923602, 48.17590682], [16.39923371, 48.17590882], [16.3991918, 48.17594644], [16.39917461, 48.17596192]], [[16.39911463, 48.17583052], [16.39913003, 48.17590241], [16.3992072, 48.17589544], [16.39919165, 48.17582307], [16.39923575, 48.1758188], [16.39916556, 48.17549283], [16.39902534, 48.17550631], [16.39909552, 48.17583237], [16.39911463, 48.17583052]]]]}, "properties": {"id": 23052139, "bauperiode": "1946-1976"}}, {"type": "Feature", "geometry": {"type": "Polygon", "coordinates": [[[16.39911463, 48.17583052], [16.39909552, 48.17583237], [16.39902534, 48.17550631], [16.39916556, 48.17549283], [16.39923575, 48.1758188], [16.39919165, 48.17582307], [16.39911463, 48.17583052]]]}, "properties": {"id": 23052108, "bauperiode": "1946-1976"}}, {"type": "Feature", "geometry": {"type": "Polygon", "coordinates": [[[16.39890655, 48.17567536], [16.39853051, 48.17571297], [16.39851794, 48.17565668], [16.39854914, 48.17565356], [16.39855249, 48.17565323], [16.39889384, 48.17561907], [16.39890655, 48.17567536]]]}, "properties": {"id": 23052110, "bauperiode": "1946-1976"}}, {"type": "Feature", "geometry": {"type": "Polygon", "coordinates": [[[16.3992072, 48.17589544], [16.39913003, 48.17590241], [16.39911463, 48.17583052], [16.39919165, 48.17582307], [16.3992072, 48.17589544]]]}, "properties": {"id": 23052105, "bauperiode": "1946-1976"}}, {"type": "Feature", "geometry": {"type": "Polygon", "coordinates": [[[16.39856326, 48.17669151], [16.39842348, 48.17670544], [16.39839671, 48.17658449], [16.39838427, 48.17652829], [16.39907532, 48.17645966], [16.39908137, 48.17645903], [16.39912071, 48.17663617], [16.39909732, 48.17663849], [16.39864209, 48.17668368], [16.39856326, 48.17669151]]]}, "properties": {"id": 23049858, "bauperiode": "1946-1976"}}, {"type": "Feature", "geometry": {"type": "Polygon", "coordinates": [[[16.39902007, 48.17636499], [16.39896643, 48.17637033], [16.39888071, 48.17598375], [16.39887233, 48.17594625], [16.39896496, 48.17593703], [16.39897496, 48.17598181], [16.39900252, 48.17597901], [16.39908676, 48.17635839], [16.39905355, 48.17636164], [16.39902007, 48.17636499]]]}, "properties": {"id": 23049886, "bauperiode": "1946-1976"}}, {"type": "Feature", "geometry": {"type": "MultiPolygon", "coordinates": [[[[16.39911023, 48.17642259], [16.39906801, 48.17642675], [16.39906423, 48.17640966], [16.39905355, 48.17636164], [16.39908676, 48.17635839], [16.39900252, 48.17597901], [16.3990528, 48.17597403], [16.39907227, 48.17606189], [16.39913654, 48.17605547], [16.39911707, 48.17596761], [16.39917461, 48.17596192], [16.39926236, 48.17635748], [16.39926425, 48.17636549], [16.39917095, 48.1763748], [16.39917014, 48.17637129], [16.39910036, 48.17637826], [16.39911023, 48.17642259]], [[16.3990466, 48.17607125], [16.39907202, 48.17618141], [16.39916828, 48.17617164], [16.39916044, 48.17613657], [16.39917334, 48.17613522], [16.39918745, 48.17612325], [16.39918163, 48.17609465], [16.39916374, 48.17608666], [16.39914868, 48.17608721], [16.39914287, 48.17606212], [16.3990466, 48.17607125]]]]}, "properties": {"id": 23049881, "bauperiode": "1946-1976"}}, {"type": "Feature", "geometry": {"type": "Polygon", "coordinates": [[[16.39840324, 48.17642622], [16.39835322, 48.17643118], [16.39826895, 48.17604443], [16.39888071, 48.17598375], [16.39896643, 48.17637033], [16.39840324, 48.17642622]]]}, "properties": {"id": 23049880, "bauperiode": "1946-1976"}}, {"type": "Feature", "geometry": {"type": "Polygon", "coordinates": [[[16.39909366, 48.17645048], [16.39907369, 48.17645246], [16.39906801, 48.17642675], [16.39911023, 48.17642259], [16.39910036, 48.17637826], [16.39917014, 48.17637129], [16.39917095, 48.1763748], [16.39926425, 48.17636549], [16.39926236, 48.17635748], [16.39932004, 48.17635178], [16.3993218, 48.17635979], [16.39936724, 48.17635527], [16.39937224, 48.17635477], [16.39938655, 48.17642154], [16.39936732, 48.17642335], [16.39914644, 48.17644525], [16.39909366, 48.17645048]]]}, "properties": {"id": 23052142, "bauperiode": "1946-1976"}}, {"type": "Feature", "geometry": {"type": "Polygon", "coordinates": [[[16.39903846, 48.17644808], [16.39841934, 48.17650957], [16.39841326, 48.17648234], [16.39841541, 48.17648214], [16.39840324, 48.17642622], [16.39896643, 48.17637033], [16.39902007, 48.17636499], [16.39902237, 48.17637569], [16.39903062, 48.17641292], [16.39903846, 48.17644808]]]}, "properties": {"id": 23049874, "bauperiode": "1946-1976"}}, {"type": "Feature", "geometry": {"type": "Polygon", "coordinates": [[[16.39838427, 48.17652829], [16.39837916, 48.17652893], [16.39837821, 48.17652245], [16.39837283, 48.17652317], [16.3983662, 48.17648666], [16.39841326, 48.17648234], [16.39841934, 48.17650957], [16.39903846, 48.17644808], [16.39903062, 48.17641292], [16.39906423, 48.17640966], [16.39906801, 48.17642675], [16.39907369, 48.17645246], [16.39907532, 48.17645966], [16.39838427, 48.17652829]]]}, "properties": {"id": 23049872, "bauperiode": "1946-1976"}}, {"type": "Feature", "geometry": {"type": "Polygon", "coordinates": [[[16.39835933, 48.17645753], [16.39830445, 48.17646305], [16.39830283, 48.17645549], [16.39829864, 48.17643661], [16.39821529, 48.17606137], [16.3978086, 48.17610173], [16.3977066, 48.17609464], [16.39770187, 48.17607315], [16.39826304, 48.17601736], [16.39826895, 48.17604443], [16.39835322, 48.17643118], [16.39835933, 48.17645753]]]}, "properties": {"id": 23052871, "bauperiode": "1946-1976"}}, {"type": "Feature", "geometry": {"type": "Polygon", "coordinates": [[[16.39825077, 48.17666093], [16.39811337, 48.17667458], [16.39810729, 48.17664742], [16.39808606, 48.17655148], [16.39808268, 48.17653646], [16.3980925, 48.17653547], [16.39804477, 48.17632001], [16.39802407, 48.17632209], [16.39800771, 48.17624836], [16.39801295, 48.17624783], [16.3980163, 48.1762475], [16.39815573, 48.17623362], [16.39820724, 48.1764649], [16.39821089, 48.17648099], [16.39824535, 48.17663638], [16.39825077, 48.17666093]]]}, "properties": {"id": 23049863, "bauperiode": "1946-1976"}}, {"type": "Feature", "geometry": {"type": "Polygon", "coordinates": [[[16.39806603, 48.17655356], [16.39766188, 48.17659361], [16.3976485, 48.17653346], [16.3976339, 48.17646754], [16.39761078, 48.17636314], [16.39802407, 48.17632209], [16.39804477, 48.17632001], [16.3980925, 48.17653547], [16.39808268, 48.17653646], [16.39808606, 48.17655148], [16.39806603, 48.17655356]]]}, "properties": {"id": 23049868, "bauperiode": "1946-1976"}}, {"type": "Feature", "geometry": {"type": "Polygon", "coordinates": [[[16.39829377, 48.17663159], [16.39824535, 48.17663638], [16.39821089, 48.17648099], [16.39836174, 48.17646787], [16.3983662, 48.17648666], [16.39837283, 48.17652317], [16.39837821, 48.17652245], [16.39837916, 48.17652893], [16.39838427, 48.17652829], [16.39839671, 48.17658449], [16.39836457, 48.17658766], [16.39831729, 48.17662923], [16.39829377, 48.17663159]]]}, "properties": {"id": 23049866, "bauperiode": "1946-1976"}}, {"type": "Feature", "geometry": {"type": "Polygon", "coordinates": [[[16.39859537, 48.17683668], [16.39845582, 48.17685067], [16.39845531, 48.17684842], [16.39844536, 48.17680372], [16.39842348, 48.17670544], [16.39856326, 48.17669151], [16.39859487, 48.17683441], [16.39859537, 48.17683668]]]}, "properties": {"id": 23049847, "bauperiode": "1946-1976"}}, {"type": "Feature", "geometry": {"type": "Polygon", "coordinates": [[[16.39770187, 48.17607315], [16.3976895, 48.17607433], [16.39768519, 48.17605599], [16.39765085, 48.17590968], [16.39763417, 48.17583301], [16.39762926, 48.17581041], [16.39762791, 48.17580421], [16.39762744, 48.17580206], [16.39795873, 48.17576965], [16.39823179, 48.17574293], [16.39824521, 48.17574158], [16.39851992, 48.17571406], [16.39853051, 48.17571297], [16.39890655, 48.17567536], [16.39891088, 48.17569472], [16.39891573, 48.17571644], [16.39895874, 48.17590897], [16.39896496, 48.17593703], [16.39887233, 48.17594625], [16.39888071, 48.17598375], [16.39826895, 48.17604443], [16.39826304, 48.17601736], [16.39770187, 48.17607315]]]}, "properties": {"id": 23052140, "bauperiode": "1946-1976"}}, {"type": "Feature", "geometry": {"type": "Polygon", "coordinates": [[[16.38885008, 48.17265867], [16.38878233, 48.17267084], [16.38875172, 48.17259091], [16.38875409, 48.17259048], [16.38879192, 48.1725837], [16.38881813, 48.172579], [16.38882217, 48.17258889], [16.38885008, 48.17265867]]]}, "properties": {"id": 25687059, "bauperiode": "1884-1918"}}, {"type": "Feature", "geometry": {"type": "Polygon", "coordinates": [[[16.38874684, 48.17267697], [16.38867962, 48.17268868], [16.38865172, 48.17261703], [16.38864916, 48.17261038], [16.38871637, 48.17259866], [16.38874684, 48.17267697]]]}, "properties": {"id": 25687057, "bauperiode": "1884-1918"}}, {"type": "Feature", "geometry": {"type": "Polygon", "coordinates": [[[16.37241648, 48.18903628], [16.3723923, 48.18907882], [16.37236325, 48.18907038], [16.37221057, 48.18902735], [16.37224079, 48.18897329], [16.37226245, 48.1889794], [16.37226715, 48.18897076], [16.37225679, 48.18896816], [16.37229212, 48.18890484], [16.37230261, 48.18890744], [16.37233821, 48.18884376], [16.37248389, 48.18888445], [16.37250044, 48.18888903], [16.37250022, 48.18888938], [16.37249977, 48.18889011], [16.37245302, 48.18897223], [16.37245211, 48.18897383], [16.37244111, 48.18899313], [16.37243999, 48.18899508], [16.37241648, 48.18903628]]]}, "properties": {"id": 27021046, "bauperiode": "1781-1848"}}, {"type": "Feature", "geometry": {"type": "Polygon", "coordinates": [[[16.37224079, 48.18897329], [16.37221057, 48.18902735], [16.37219254, 48.18902223], [16.37216274, 48.18901382], [16.37207026, 48.18898773], [16.37210371, 48.18893466], [16.37224079, 48.18897329]]]}, "properties": {"id": 27020653, "bauperiode": "1781-1848"}}, {"type": "Feature", "geometry": {"type": "Polygon", "coordinates": [[[16.38948494, 48.17216224], [16.38935898, 48.17218528], [16.38929988, 48.17202002], [16.38930426, 48.17201928], [16.38941514, 48.17199831], [16.38948303, 48.17216041], [16.38948494, 48.17216224]]]}, "properties": {"id": 27026399, "bauperiode": "1919-1945"}}, {"type": "Feature", "geometry": {"type": "Polygon", "coordinates": [[[16.39024641, 48.17184461], [16.39017296, 48.17185792], [16.39015034, 48.1718034], [16.39064155, 48.17171224], [16.39065209, 48.17173764], [16.39030426, 48.17179874], [16.39023415, 48.17181106], [16.39024641, 48.17184461]]]}, "properties": {"id": 27025504, "bauperiode": "1919-1945"}}, {"type": "Feature", "geometry": {"type": "Polygon", "coordinates": [[[16.39033179, 48.17187003], [16.39026012, 48.17188242], [16.39024641, 48.17184461], [16.39023415, 48.17181106], [16.39030426, 48.17179874], [16.39033179, 48.17187003]]]}, "properties": {"id": 27025506, "bauperiode": "1919-1945"}}, {"type": "Feature", "geometry": {"type": "MultiPolygon", "coordinates": [[[[16.39074846, 48.17192497], [16.39072331, 48.17192965], [16.39070414, 48.17187818], [16.3906565, 48.1717496], [16.39085765, 48.17171283], [16.39088095, 48.17170858], [16.39102085, 48.17168301], [16.391034, 48.17171485], [16.39108586, 48.17170537], [16.39107271, 48.17167352], [16.39120243, 48.17164982], [16.39122983, 48.17164481], [16.39140541, 48.17161272], [16.3914668, 48.17178871], [16.39146715, 48.17178972], [16.39146738, 48.17179021], [16.39114502, 48.17185065], [16.39082266, 48.17191108], [16.3907691, 48.17192113], [16.39074846, 48.17192497]], [[16.39125745, 48.17170592], [16.39126619, 48.1717302], [16.3913189, 48.17172172], [16.39131016, 48.17169743], [16.39125745, 48.17170592]], [[16.39094662, 48.17176413], [16.39096531, 48.17180846], [16.3909954, 48.17180279], [16.3909767, 48.17175845], [16.39094662, 48.17176413]], [[16.39091393, 48.17179111], [16.39093089, 48.17183201], [16.39096397, 48.17182583], [16.39094689, 48.17178494], [16.39091393, 48.17179111]], [[16.39091356, 48.17179115], [16.39090489, 48.17176948], [16.39083714, 48.17178161], [16.39084679, 48.17180574], [16.39091454, 48.17179361], [16.39091356, 48.17179115]], [[16.3912273, 48.17175953], [16.39123329, 48.17177444], [16.39126562, 48.17176862], [16.39124747, 48.17172346], [16.39121514, 48.17172927], [16.39121003, 48.17171656], [16.39117637, 48.17172261], [16.39119364, 48.17176558], [16.3912273, 48.17175953]]]]}, "properties": {"id": 27026392, "bauperiode": "1919-1945"}}, {"type": "Feature", "geometry": {"type": "Polygon", "coordinates": [[[16.39070414, 48.17187818], [16.39028712, 48.17195689], [16.39027222, 48.17191573], [16.39026038, 48.1718831], [16.39026012, 48.17188242], [16.39033179, 48.17187003], [16.39030426, 48.17179874], [16.39065209, 48.17173764], [16.3906565, 48.1717496], [16.39070414, 48.17187818]]]}, "properties": {"id": 27025507, "bauperiode": "1919-1945"}}, {"type": "Feature", "geometry": {"type": "MultiPolygon", "coordinates": [[[[16.38982867, 48.17209599], [16.38975541, 48.17210964], [16.38968741, 48.17194729], [16.39014621, 48.17186277], [16.39016214, 48.17190075], [16.39019281, 48.17197384], [16.39021383, 48.17202397], [16.38998135, 48.17206745], [16.3898535, 48.17209137], [16.38982867, 48.17209599]], [[16.38994827, 48.17204213], [16.38995398, 48.17205576], [16.38997263, 48.17205227], [16.38996693, 48.17203863], [16.38994827, 48.17204213]]]]}, "properties": {"id": 27026891, "bauperiode": "1919-1945"}}, {"type": "Feature", "geometry": {"type": "Polygon", "coordinates": [[[16.39030376, 48.17200714], [16.39021383, 48.17202397], [16.39019281, 48.17197384], [16.39026857, 48.17196022], [16.39026954, 48.17196243], [16.39028781, 48.17195885], [16.39028712, 48.17195689], [16.39070414, 48.17187818], [16.39072331, 48.17192965], [16.39066007, 48.17194143], [16.39065629, 48.17194213], [16.39065252, 48.17194284], [16.39064875, 48.17194354], [16.39064498, 48.17194424], [16.39064121, 48.17194494], [16.39042595, 48.17198504], [16.39038814, 48.17199209], [16.3903849, 48.17199269], [16.39030419, 48.17200773], [16.39030376, 48.17200714]]]}, "properties": {"id": 27026397, "bauperiode": "1919-1945"}}, {"type": "Feature", "geometry": {"type": "Polygon", "coordinates": [[[16.39026857, 48.17196022], [16.39019281, 48.17197384], [16.39016214, 48.17190075], [16.39026038, 48.1718831], [16.39027222, 48.17191573], [16.39025086, 48.17191993], [16.39026857, 48.17196022]]]}, "properties": {"id": 27026396, "bauperiode": "1919-1945"}}, {"type": "Feature", "geometry": {"type": "MultiPolygon", "coordinates": [[[[16.38975541, 48.17210964], [16.38952852, 48.17215194], [16.38946061, 48.17198979], [16.38968741, 48.17194729], [16.38975541, 48.17210964]], [[16.38955116, 48.17204711], [16.38956155, 48.17207206], [16.38961064, 48.17206291], [16.38960025, 48.17203796], [16.38955116, 48.17204711]]]]}, "properties": {"id": 27026892, "bauperiode": "1919-1945"}}, {"type": "Feature", "geometry": {"type": "Polygon", "coordinates": [[[16.38901505, 48.17101228], [16.38898155, 48.17101754], [16.38898015, 48.1710132], [16.38896855, 48.1709802], [16.38893548, 48.17098564], [16.38893231, 48.17098616], [16.38893149, 48.17098611], [16.38886278, 48.17079531], [16.38888984, 48.17079093], [16.38908045, 48.17076062], [16.38912128, 48.17075417], [16.38918955, 48.17094538], [16.38914559, 48.17095233], [16.38915719, 48.17098533], [16.38915873, 48.17098969], [16.38911698, 48.17099625], [16.38901505, 48.17101228]]]}, "properties": {"id": 27025573, "bauperiode": "1919-1945"}}, {"type": "Feature", "geometry": {"type": "Polygon", "coordinates": [[[16.38908045, 48.17076062], [16.38888984, 48.17079093], [16.38887973, 48.17076242], [16.38907034, 48.17073221], [16.38908045, 48.17076062]]]}, "properties": {"id": 27025353, "bauperiode": "1919-1945"}}, {"type": "Feature", "geometry": {"type": "Polygon", "coordinates": [[[16.38899538, 48.17115536], [16.38899221, 48.17115586], [16.38897155, 48.17109623], [16.38897469, 48.17109573], [16.38907071, 48.17108056], [16.38909161, 48.17114017], [16.38906115, 48.17114498], [16.38899538, 48.17115536]]]}, "properties": {"id": 27025348, "bauperiode": "1919-1945"}}, {"type": "Feature", "geometry": {"type": "Polygon", "coordinates": [[[16.38917902, 48.17104669], [16.3889997, 48.17107363], [16.38898155, 48.17101754], [16.38901505, 48.17101228], [16.38911698, 48.17099625], [16.38915873, 48.17098969], [16.38917902, 48.17104669]]]}, "properties": {"id": 27025574, "bauperiode": "1919-1945"}}, {"type": "Feature", "geometry": {"type": "Polygon", "coordinates": [[[16.38961811, 48.17087813], [16.38948685, 48.17090448], [16.38946882, 48.17086428], [16.38960005, 48.17083787], [16.38961327, 48.17086732], [16.38961811, 48.17087813]]]}, "properties": {"id": 27026352, "bauperiode": "1919-1945"}}, {"type": "Feature", "geometry": {"type": "Polygon", "coordinates": [[[16.39012322, 48.1708207], [16.39005249, 48.17083482], [16.39003496, 48.17079336], [16.39000937, 48.1707328], [16.39001268, 48.17073213], [16.39007585, 48.17071942], [16.39008648, 48.17074253], [16.3901818, 48.17072279], [16.39016901, 48.170695], [16.39034164, 48.17066031], [16.39037494, 48.17073456], [16.39010999, 48.17078787], [16.39012322, 48.1708207]]]}, "properties": {"id": 27026622, "bauperiode": "1919-1945"}}, {"type": "Feature", "geometry": {"type": "Polygon", "coordinates": [[[16.39003496, 48.17079336], [16.38994324, 48.17081177], [16.38993436, 48.17079198], [16.38991619, 48.1707515], [16.39000937, 48.1707328], [16.39003496, 48.17079336]]]}, "properties": {"id": 27026350, "bauperiode": "1919-1945"}}, {"type": "Feature", "geometry": {"type": "Polygon", "coordinates": [[[16.38963709, 48.17086254], [16.38961327, 48.17086732], [16.38960005, 48.17083787], [16.38960837, 48.17083619], [16.38962517, 48.17083286], [16.38961574, 48.17081182], [16.38991619, 48.1707515], [16.38993436, 48.17079198], [16.3896799, 48.17084307], [16.38967021, 48.17085589], [16.38964031, 48.1708619], [16.38963709, 48.17086254]]]}, "properties": {"id": 27026351, "bauperiode": "1919-1945"}}, {"type": "Feature", "geometry": {"type": "Polygon", "coordinates": [[[16.39016716, 48.17108473], [16.39014783, 48.17108862], [16.39003603, 48.17083811], [16.39005249, 48.17083482], [16.39012322, 48.1708207], [16.39013589, 48.17081817], [16.39024764, 48.17106854], [16.39016716, 48.17108473]]]}, "properties": {"id": 27026626, "bauperiode": "1919-1945"}}, {"type": "Feature", "geometry": {"type": "Polygon", "coordinates": [[[16.39007585, 48.17071942], [16.39001268, 48.17073213], [16.38999462, 48.17069186], [16.39002043, 48.17068644], [16.38999671, 48.17063564], [16.38996821, 48.17064159], [16.38993453, 48.17056966], [16.39045566, 48.17046239], [16.39053859, 48.17044527], [16.39060876, 48.17043093], [16.39060916, 48.17043183], [16.39067655, 48.17058424], [16.39068019, 48.17059233], [16.39061889, 48.17060459], [16.39061404, 48.1705938], [16.3905135, 48.17061426], [16.39051831, 48.17062488], [16.39045724, 48.17063714], [16.39045526, 48.17063274], [16.39033966, 48.1706559], [16.39034164, 48.17066031], [16.39016901, 48.170695], [16.39016401, 48.17068404], [16.39006871, 48.17070369], [16.39007329, 48.17071385], [16.39007585, 48.17071942]]]}, "properties": {"id": 27025355, "bauperiode": "1919-1945"}}, {"type": "Feature", "geometry": {"type": "Polygon", "coordinates": [[[16.38962517, 48.17083286], [16.38960837, 48.17083619], [16.38948899, 48.17058587], [16.38989237, 48.17050196], [16.38990219, 48.17049998], [16.38993453, 48.17056966], [16.38996821, 48.17064159], [16.38991028, 48.17065376], [16.38993413, 48.17070456], [16.38999462, 48.17069186], [16.39001268, 48.17073213], [16.39000937, 48.1707328], [16.38991619, 48.1707515], [16.38961574, 48.17081182], [16.38962517, 48.17083286]]]}, "properties": {"id": 27025352, "bauperiode": "1919-1945"}}, {"type": "Feature", "geometry": {"type": "Polygon", "coordinates": [[[16.39083521, 48.17073638], [16.39059626, 48.17078436], [16.39058139, 48.17075123], [16.39057161, 48.17072945], [16.39081383, 48.17068079], [16.39079651, 48.17064221], [16.39106107, 48.17058909], [16.39107061, 48.17058027], [16.39114682, 48.17056585], [16.39114732, 48.17056697], [16.39114845, 48.17056949], [16.39119103, 48.17066493], [16.39095448, 48.17071243], [16.39093875, 48.17067739], [16.39081948, 48.17070134], [16.39083521, 48.17073638]]]}, "properties": {"id": 27026621, "bauperiode": "1919-1945"}}, {"type": "Feature", "geometry": {"type": "Polygon", "coordinates": [[[16.38946882, 48.17086428], [16.38933913, 48.17089028], [16.38922876, 48.17064436], [16.38922458, 48.17063438], [16.38948643, 48.17058039], [16.38948899, 48.17058587], [16.38960837, 48.17083619], [16.38960005, 48.17083787], [16.38946882, 48.17086428]]]}, "properties": {"id": 27025351, "bauperiode": "1919-1945"}}, {"type": "Feature", "geometry": {"type": "Polygon", "coordinates": [[[16.39057161, 48.17072945], [16.39050467, 48.17074289], [16.39049054, 48.17071139], [16.39045724, 48.17063714], [16.39051831, 48.17062488], [16.39053021, 48.17065113], [16.39061868, 48.17063314], [16.39062585, 48.17064912], [16.39067083, 48.17064009], [16.39068215, 48.17066517], [16.39071226, 48.17065913], [16.39079651, 48.17064221], [16.39081383, 48.17068079], [16.39057161, 48.17072945]]]}, "properties": {"id": 27026349, "bauperiode": "1919-1945"}}, {"type": "Feature", "geometry": {"type": "Polygon", "coordinates": [[[16.39047842, 48.17071383], [16.39037494, 48.17073456], [16.39034164, 48.17066031], [16.39033966, 48.1706559], [16.39045526, 48.17063274], [16.39045724, 48.17063714], [16.39049054, 48.17071139], [16.39047842, 48.17071383]]]}, "properties": {"id": 27026348, "bauperiode": "1919-1945"}}, {"type": "Feature", "geometry": {"type": "Polygon", "coordinates": [[[16.38904465, 48.17129629], [16.38904155, 48.17129678], [16.38900162, 48.17118336], [16.38900482, 48.17118287], [16.38907124, 48.1711727], [16.38907679, 48.17118797], [16.38912743, 48.17118], [16.3891598, 48.171272], [16.38916182, 48.17127773], [16.38904465, 48.17129629]]]}, "properties": {"id": 27025345, "bauperiode": "1919-1945"}}, {"type": "Feature", "geometry": {"type": "MultiPolygon", "coordinates": [[[[16.39079651, 48.17064221], [16.39071226, 48.17065913], [16.39070107, 48.17063405], [16.3907129, 48.17063161], [16.39069039, 48.17058144], [16.39067655, 48.17058424], [16.39060916, 48.17043183], [16.39060876, 48.17043093], [16.3905775, 48.17036251], [16.39096934, 48.17027985], [16.39107241, 48.17050922], [16.39109303, 48.17055499], [16.39109451, 48.17055823], [16.39107061, 48.17058027], [16.39106107, 48.17058909], [16.39079651, 48.17064221]], [[16.39097799, 48.17052547], [16.3910013, 48.17058141], [16.39102146, 48.17057753], [16.39099816, 48.17052158], [16.39097799, 48.17052547]]]]}, "properties": {"id": 27025358, "bauperiode": "1919-1945"}}, {"type": "Feature", "geometry": {"type": "Polygon", "coordinates": [[[16.39096756, 48.1702759], [16.3909638, 48.17027671], [16.39077998, 48.16986041], [16.39087259, 48.16984391], [16.39105964, 48.17025697], [16.39096756, 48.1702759]]]}, "properties": {"id": 27025373, "bauperiode": "1919-1945"}}, {"type": "Feature", "geometry": {"type": "Polygon", "coordinates": [[[16.39133581, 48.1702854], [16.39120571, 48.17031194], [16.39108711, 48.17004507], [16.39121592, 48.17001978], [16.39121913, 48.17001915], [16.39135339, 48.16999279], [16.39139234, 48.17007892], [16.39139331, 48.17008107], [16.39141299, 48.17012459], [16.39141393, 48.17012666], [16.39147306, 48.1702574], [16.39133906, 48.17028474], [16.39133581, 48.1702854]]]}, "properties": {"id": 27025372, "bauperiode": "1919-1945"}}, {"type": "Feature", "geometry": {"type": "Polygon", "coordinates": [[[16.3911291, 48.17049785], [16.39107241, 48.17050922], [16.39096934, 48.17027985], [16.39096756, 48.1702759], [16.39105964, 48.17025697], [16.39106582, 48.1702558], [16.39117296, 48.17048939], [16.3911291, 48.17049785]]]}, "properties": {"id": 27025365, "bauperiode": "1919-1945"}}, {"type": "Feature", "geometry": {"type": "Polygon", "coordinates": [[[16.39145057, 48.17047028], [16.39135607, 48.17048975], [16.39128842, 48.17033816], [16.39135333, 48.17032506], [16.39135658, 48.1703244], [16.39138399, 48.17031887], [16.39139356, 48.1703409], [16.39145057, 48.17047028]]]}, "properties": {"id": 27025367, "bauperiode": "1919-1945"}}, {"type": "Feature", "geometry": {"type": "MultiPolygon", "coordinates": [[[[16.38948643, 48.17058039], [16.38922458, 48.17063438], [16.38917796, 48.17052999], [16.38984252, 48.17039352], [16.38989237, 48.17050196], [16.38948899, 48.17058587], [16.38948643, 48.17058039]], [[16.38926488, 48.17058665], [16.38934803, 48.17056958], [16.38933578, 48.17054289], [16.38925263, 48.17055997], [16.38926488, 48.17058665]], [[16.38946021, 48.17051734], [16.38947246, 48.17054403], [16.38960464, 48.17051689], [16.38959239, 48.1704902], [16.38946021, 48.17051734]]]]}, "properties": {"id": 27026729, "bauperiode": "1919-1945"}}, {"type": "Feature", "geometry": {"type": "Polygon", "coordinates": [[[16.38969523, 48.17007289], [16.38968925, 48.17007409], [16.38966398, 48.17001753], [16.39028676, 48.16989299], [16.39031193, 48.16994957], [16.38969523, 48.17007289]]]}, "properties": {"id": 27026724, "bauperiode": "1919-1945"}}, {"type": "Feature", "geometry": {"type": "Polygon", "coordinates": [[[16.38990219, 48.17049998], [16.38989237, 48.17050196], [16.38984252, 48.17039352], [16.38969523, 48.17007289], [16.39031193, 48.16994957], [16.39034285, 48.16994335], [16.39077853, 48.16985716], [16.39077998, 48.16986041], [16.3909638, 48.17027671], [16.39096756, 48.1702759], [16.39096934, 48.17027985], [16.3905775, 48.17036251], [16.39053757, 48.17037062], [16.39042386, 48.17039379], [16.38990219, 48.17049998]]]}, "properties": {"id": 27025366, "bauperiode": "1919-1945"}}, {"type": "Feature", "geometry": {"type": "Polygon", "coordinates": [[[16.39045566, 48.17046239], [16.38993453, 48.17056966], [16.38990219, 48.17049998], [16.39042386, 48.17039379], [16.39045566, 48.17046239]]]}, "properties": {"id": 27025362, "bauperiode": "1919-1945"}}, {"type": "Feature", "geometry": {"type": "Polygon", "coordinates": [[[16.39053859, 48.17044527], [16.39045566, 48.17046239], [16.39042386, 48.17039379], [16.39053757, 48.17037062], [16.39054391, 48.17038492], [16.39051353, 48.17039114], [16.39053859, 48.17044527]]]}, "properties": {"id": 27025369, "bauperiode": "1919-1945"}}, {"type": "Feature", "geometry": {"type": "Polygon", "coordinates": [[[16.39149102, 48.17046172], [16.39145057, 48.17047028], [16.39139356, 48.1703409], [16.39203875, 48.17021243], [16.39218031, 48.17032469], [16.39215975, 48.17032865], [16.39215826, 48.17032524], [16.39148941, 48.17045803], [16.39149102, 48.17046172]]]}, "properties": {"id": 27025368, "bauperiode": "1919-1945"}}, {"type": "Feature", "geometry": {"type": "Polygon", "coordinates": [[[16.39220247, 48.17042396], [16.39153496, 48.17055604], [16.39149102, 48.17046172], [16.39148941, 48.17045803], [16.39215826, 48.17032524], [16.39215975, 48.17032865], [16.39220247, 48.17042396]]]}, "properties": {"id": 27025363, "bauperiode": "1919-1945"}}, {"type": "Feature", "geometry": {"type": "Polygon", "coordinates": [[[16.38948479, 48.17216009], [16.38948303, 48.17216041], [16.38941514, 48.17199831], [16.38946061, 48.17198979], [16.38952852, 48.17215194], [16.38950953, 48.17215547], [16.38948479, 48.17216009]]]}, "properties": {"id": 27026398, "bauperiode": "1919-1945"}}, {"type": "Feature", "geometry": {"type": "Polygon", "coordinates": [[[16.38477957, 48.18981812], [16.38460799, 48.18983621], [16.38457267, 48.1898188], [16.38453519, 48.18959627], [16.38453432, 48.18959106], [16.38453356, 48.18958659], [16.38453349, 48.18958614], [16.38461656, 48.18957877], [16.38463591, 48.18970914], [16.3846458, 48.18977569], [16.38472499, 48.18976824], [16.38480823, 48.18976041], [16.38481896, 48.18981396], [16.38481019, 48.18981488], [16.38477957, 48.18981812]]]}, "properties": {"id": 23378417, "bauperiode": "1884-1918"}}, {"type": "Feature", "geometry": {"type": "Polygon", "coordinates": [[[16.38480823, 48.18976041], [16.38472499, 48.18976824], [16.38470867, 48.1897012], [16.38463591, 48.18970914], [16.38461656, 48.18957877], [16.38470949, 48.18957053], [16.38472626, 48.18966594], [16.38473369, 48.18970793], [16.38479636, 48.18970125], [16.38480823, 48.18976041]]]}, "properties": {"id": 23378422, "bauperiode": "1884-1918"}}, {"type": "Feature", "geometry": {"type": "Polygon", "coordinates": [[[16.38472499, 48.18976824], [16.3846458, 48.18977569], [16.38463591, 48.18970914], [16.38470867, 48.1897012], [16.38472499, 48.18976824]]]}, "properties": {"id": 23378419, "bauperiode": "1884-1918"}}, {"type": "Feature", "geometry": {"type": "Polygon", "coordinates": [[[16.38476939, 48.190194], [16.38463934, 48.19020378], [16.38463056, 48.19014812], [16.38462925, 48.19014811], [16.38460682, 48.19002126], [16.38460806, 48.1900211], [16.38460121, 48.18997911], [16.38460265, 48.18997879], [16.38460273, 48.18997835], [16.38460285, 48.18997791], [16.384603, 48.18997748], [16.38460318, 48.18997704], [16.38460332, 48.1899767], [16.38460351, 48.18997637], [16.38460374, 48.18997606], [16.38460405, 48.18997575], [16.38460504, 48.18997505], [16.38460615, 48.18997449], [16.38460737, 48.18997408], [16.38460869, 48.1899738], [16.38460819, 48.18997272], [16.38469422, 48.1899632], [16.38469442, 48.18996398], [16.38492141, 48.18994054], [16.38492121, 48.18993983], [16.38499204, 48.18993247], [16.38502928, 48.1899286], [16.38503749, 48.18992775], [16.38504869, 48.1899874], [16.3850599, 48.19004702], [16.38488251, 48.19006049], [16.38484015, 48.19006375], [16.38484339, 48.19008183], [16.38484637, 48.19009864], [16.38483507, 48.19009955], [16.38483547, 48.19010189], [16.38484458, 48.19015316], [16.38485076, 48.19018794], [16.38481229, 48.19019084], [16.38476939, 48.190194]]]}, "properties": {"id": 23378393, "bauperiode": "1884-1918"}}, {"type": "Feature", "geometry": {"type": "MultiPolygon", "coordinates": [[[[16.36780551, 48.18890379], [16.3677877, 48.18891866], [16.36778242, 48.18892307], [16.36778107, 48.18892244], [16.36764352, 48.18884817], [16.36764563, 48.18884642], [16.36774574, 48.18876327], [16.36766044, 48.18871815], [16.36765788, 48.1887168], [16.3676681, 48.18870817], [16.36768611, 48.18869287], [16.36775628, 48.18863359], [16.36776892, 48.18862288], [16.36776972, 48.18862261], [16.36777309, 48.18862432], [16.3677743, 48.18862351], [16.36782071, 48.18864805], [16.36782031, 48.18864832], [16.36795202, 48.18871816], [16.36795269, 48.18871753], [16.36799355, 48.18873872], [16.36799776, 48.1887409], [16.36799682, 48.18874162], [16.36799712, 48.18874193], [16.3679975, 48.18874315], [16.36799712, 48.18874409], [16.36799682, 48.18874441], [16.36799884, 48.18874522], [16.36796161, 48.18877611], [16.36794453, 48.18879029], [16.36794252, 48.18878948], [16.36780551, 48.18890379]], [[16.36777584, 48.18872864], [16.36780705, 48.18874518], [16.36782614, 48.18872908], [16.36779479, 48.18871254], [16.36777584, 48.18872864]]]]}, "properties": {"id": 25543249, "bauperiode": "1860-1883"}}, {"type": "Feature", "geometry": {"type": "Polygon", "coordinates": [[[16.37350464, 48.17808697], [16.37334746, 48.17809136], [16.37334366, 48.17803273], [16.3733329, 48.178033], [16.37333018, 48.17798984], [16.37334094, 48.17798956], [16.37333921, 48.17796239], [16.37333658, 48.17792139], [16.37349548, 48.17791685], [16.37349605, 48.17792609], [16.37349775, 48.17795377], [16.3734978, 48.17795486], [16.37350464, 48.17808697]]]}, "properties": {"id": 19005094, "bauperiode": "1884-1918"}}, {"type": "Feature", "geometry": {"type": "MultiPolygon", "coordinates": [[[[16.37306929, 48.17814478], [16.3730035, 48.17814768], [16.37300246, 48.17813689], [16.37299487, 48.17805811], [16.37298579, 48.17796378], [16.37298308, 48.17793536], [16.37318868, 48.17792657], [16.37319504, 48.17799312], [16.37319863, 48.17803001], [16.37320317, 48.17807666], [16.37320669, 48.17811398], [16.37320913, 48.1781388], [16.37316945, 48.17814054], [16.37314499, 48.17814161], [16.37306929, 48.17814478]], [[16.3730866, 48.17808371], [16.37308917, 48.17811591], [16.37311499, 48.178115], [16.37311241, 48.17808281], [16.3730866, 48.17808371]], [[16.37308035, 48.17800637], [16.37308293, 48.17803857], [16.37310875, 48.17803766], [16.37310617, 48.17800547], [16.37308035, 48.17800637]]]]}, "properties": {"id": 19005079, "bauperiode": "1884-1918"}}, {"type": "Feature", "geometry": {"type": "Polygon", "coordinates": [[[16.37327136, 48.17813971], [16.37320947, 48.17814232], [16.37320913, 48.1781388], [16.37320669, 48.17811398], [16.37323681, 48.17811271], [16.37323316, 48.1780753], [16.37320317, 48.17807666], [16.37319863, 48.17803001], [16.37325981, 48.17802743], [16.37326079, 48.17802739], [16.37327035, 48.17812884], [16.37327136, 48.17813971]]]}, "properties": {"id": 19064576, "bauperiode": "1884-1918"}}, {"type": "Feature", "geometry": {"type": "Polygon", "coordinates": [[[16.37311068, 48.17830583], [16.37301935, 48.17831173], [16.37300923, 48.17820695], [16.37307471, 48.1782027], [16.37308106, 48.17824703], [16.37312678, 48.17824414], [16.37312029, 48.17819974], [16.37315014, 48.17819782], [16.37314866, 48.17818748], [16.37321764, 48.17818305], [16.37321912, 48.1781933], [16.37327984, 48.17818939], [16.37331454, 48.17818715], [16.37334256, 48.17818534], [16.3733529, 48.17817671], [16.37335195, 48.17816223], [16.3733221, 48.17816314], [16.37332061, 48.17814093], [16.37335046, 48.17814011], [16.37334882, 48.17811358], [16.37334746, 48.17809136], [16.37350464, 48.17808697], [16.37350522, 48.17809427], [16.37350624, 48.17810683], [16.37351226, 48.17818185], [16.37351852, 48.17825972], [16.37348957, 48.17828397], [16.37335565, 48.17829011], [16.37324491, 48.17829717], [16.37322268, 48.17829859], [16.37316567, 48.17830228], [16.37311068, 48.17830583]]]}, "properties": {"id": 20220287, "bauperiode": "1884-1918"}}, {"type": "Feature", "geometry": {"type": "Polygon", "coordinates": [[[16.37307471, 48.1782027], [16.37300923, 48.17820695], [16.37300842, 48.17819885], [16.3730035, 48.17814768], [16.37306929, 48.17814478], [16.37307132, 48.17816529], [16.37310736, 48.17816375], [16.37310817, 48.17817224], [16.37311088, 48.17820035], [16.37307471, 48.1782027]]]}, "properties": {"id": 20677679, "bauperiode": "1884-1918"}}, {"type": "Feature", "geometry": {"type": "Polygon", "coordinates": [[[16.37703815, 48.18825586], [16.37701486, 48.18830023], [16.37700848, 48.18829883], [16.37684947, 48.18826398], [16.37685149, 48.18826209], [16.37685001, 48.18826182], [16.37685224, 48.1882578], [16.37685879, 48.18824599], [16.37686089, 48.18824221], [16.37686223, 48.18824212], [16.37693556, 48.18810549], [16.37693704, 48.18810585], [16.3770434, 48.18813337], [16.37709773, 48.18814742], [16.37707102, 48.18819809], [16.37707397, 48.18820005], [16.37707664, 48.18820217], [16.37707902, 48.18820445], [16.37708108, 48.18820686], [16.37708281, 48.18820937], [16.37708529, 48.18821026], [16.37708765, 48.18821129], [16.37708987, 48.18821244], [16.37709194, 48.18821373], [16.37709383, 48.18821512], [16.37709553, 48.18821662], [16.37709703, 48.18821821], [16.37709832, 48.18821989], [16.37709939, 48.18822162], [16.37710023, 48.18822342], [16.37710084, 48.18822526], [16.37710121, 48.18822712], [16.37710133, 48.188229], [16.37710121, 48.18823088], [16.37710084, 48.18823275], [16.37710024, 48.18823459], [16.37709941, 48.18823638], [16.37709834, 48.18823813], [16.37709705, 48.1882398], [16.37709555, 48.18824139], [16.37709385, 48.18824289], [16.37709196, 48.18824429], [16.3770899, 48.18824557], [16.37708768, 48.18824673], [16.37708532, 48.18824776], [16.37708283, 48.18824864], [16.37708025, 48.18824938], [16.37707757, 48.18824997], [16.37707483, 48.1882504], [16.37707204, 48.18825067], [16.37706923, 48.18825078], [16.37706768, 48.1882506], [16.37706607, 48.18825049], [16.37706441, 48.18825043], [16.3770627, 48.18825045], [16.37706097, 48.18825052], [16.37705922, 48.18825065], [16.37705748, 48.18825085], [16.37705575, 48.18825111], [16.37705406, 48.18825142], [16.3770489, 48.18825315], [16.37704359, 48.18825463], [16.37703815, 48.18825586]]]}, "properties": {"id": 23246024, "bauperiode": "1860-1883"}}, {"type": "Feature", "geometry": {"type": "Polygon", "coordinates": [[[16.37704357, 48.18813303], [16.3770434, 48.18813337], [16.37693704, 48.18810585], [16.37693744, 48.18810486], [16.37693582, 48.18810441], [16.37698637, 48.18800811], [16.37699443, 48.18799276], [16.37699719, 48.18798748], [16.37699854, 48.1879873], [16.37702553, 48.18793719], [16.37702432, 48.18793719], [16.37704567, 48.18789681], [16.37704769, 48.18789717], [16.37704769, 48.18789691], [16.37704769, 48.18789663], [16.37715818, 48.18792394], [16.37714096, 48.18795751], [16.37715961, 48.18796204], [16.37716758, 48.18797239], [16.37714975, 48.18800491], [16.37713958, 48.18800854], [16.3771248, 48.18800571], [16.37711461, 48.18802504], [16.37712642, 48.18802764], [16.37711722, 48.18804635], [16.37710433, 48.18804347], [16.37709456, 48.18806137], [16.37711865, 48.18806764], [16.37709628, 48.18811413], [16.37705762, 48.1881059], [16.37704357, 48.18813303]]]}, "properties": {"id": 23246069, "bauperiode": "1860-1883"}}, {"type": "Feature", "geometry": {"type": "Polygon", "coordinates": [[[16.37711178, 48.18812092], [16.37709773, 48.18814742], [16.3770434, 48.18813337], [16.37704357, 48.18813303], [16.37705762, 48.1881059], [16.37709628, 48.18811413], [16.37711865, 48.18806764], [16.37709456, 48.18806137], [16.37710433, 48.18804347], [16.37711722, 48.18804635], [16.3771597, 48.18805569], [16.3771689, 48.18803698], [16.37714789, 48.18803236], [16.37715776, 48.18801363], [16.37718345, 48.18801934], [16.37720252, 48.1879822], [16.37719705, 48.18796934], [16.37721655, 48.18797397], [16.37722417, 48.18798492], [16.3772052, 48.18801922], [16.37718926, 48.18802498], [16.37717771, 48.18802268], [16.37715306, 48.18807336], [16.37716787, 48.18807693], [16.3771734, 48.18808803], [16.37715594, 48.18812209], [16.37713826, 48.18812688], [16.37711178, 48.18812092]]]}, "properties": {"id": 23252987, "bauperiode": "1860-1883"}}, {"type": "Feature", "geometry": {"type": "MultiPolygon", "coordinates": [[[[16.37702075, 48.18754055], [16.37702024, 48.18754044], [16.3770197, 48.18754031], [16.37684967, 48.18750081], [16.37685081, 48.18749867], [16.37687398, 48.18745503], [16.37683228, 48.18744191], [16.37682339, 48.18742897], [16.3768344, 48.18740837], [16.37685336, 48.18740225], [16.37676674, 48.18737495], [16.37677596, 48.18736186], [16.37682357, 48.18729444], [16.37684307, 48.18726852], [16.37684371, 48.18726866], [16.37684422, 48.18726782], [16.37705077, 48.18733287], [16.37708518, 48.18734371], [16.37708733, 48.18734892], [16.37709047, 48.18734827], [16.37709372, 48.18734793], [16.37709701, 48.18734791], [16.37710027, 48.18734822], [16.37710342, 48.18734885], [16.3771064, 48.18734977], [16.37710915, 48.18735097], [16.3771116, 48.18735244], [16.3771137, 48.18735413], [16.37711491, 48.18735539], [16.37711541, 48.18735601], [16.37711669, 48.18735804], [16.37711751, 48.18736016], [16.37711786, 48.18736235], [16.37711771, 48.18736455], [16.3771171, 48.18736671], [16.37711601, 48.18736878], [16.37711448, 48.18737073], [16.37711253, 48.1873725], [16.37711023, 48.18737407], [16.37710759, 48.18737539], [16.3771047, 48.18737644], [16.37710847, 48.18738138], [16.37710261, 48.18739227], [16.37703536, 48.18751699], [16.37702692, 48.18753266], [16.37702254, 48.18754045], [16.37702095, 48.18754012], [16.37702075, 48.18754055]], [[16.37695964, 48.18744349], [16.37697847, 48.18744807], [16.37699472, 48.18741794], [16.37697589, 48.18741335], [16.37695964, 48.18744349]]]]}, "properties": {"id": 26618203, "bauperiode": "1860-1883"}}, {"type": "Feature", "geometry": {"type": "Polygon", "coordinates": [[[16.37548863, 48.18889947], [16.37545962, 48.18895281], [16.37528877, 48.18891603], [16.37528557, 48.18891534], [16.374995, 48.18885278], [16.37502153, 48.18880365], [16.3750455, 48.18875923], [16.37505074, 48.18874952], [16.3750921, 48.18867279], [16.37512877, 48.18860479], [16.37517015, 48.18861478], [16.37521957, 48.18862671], [16.37512704, 48.18880831], [16.3754489, 48.18887765], [16.37549508, 48.1888876], [16.37548863, 48.18889947]]]}, "properties": {"id": 23245879, "bauperiode": "1884-1918"}}, {"type": "Feature", "geometry": {"type": "Polygon", "coordinates": [[[16.37557968, 48.1888944], [16.37556895, 48.18891678], [16.37548863, 48.18889947], [16.37549508, 48.1888876], [16.37551181, 48.18885677], [16.37553805, 48.18880844], [16.37549285, 48.18879748], [16.37548531, 48.18878427], [16.37549471, 48.18876691], [16.37551179, 48.18876258], [16.37555699, 48.18877354], [16.37560803, 48.18867954], [16.37568497, 48.18869822], [16.37569531, 48.18867924], [16.37574238, 48.18868941], [16.37574562, 48.18869011], [16.3757445, 48.18869217], [16.37572292, 48.18873193], [16.37566853, 48.18883205], [16.37564113, 48.1888826], [16.37562895, 48.188905], [16.37557968, 48.1888944]]]}, "properties": {"id": 23245888, "bauperiode": "1884-1918"}}, {"type": "Feature", "geometry": {"type": "Polygon", "coordinates": [[[16.37559334, 48.18897054], [16.37558795, 48.18898046], [16.37545962, 48.18895281], [16.37548863, 48.18889947], [16.37556895, 48.18891678], [16.37561696, 48.18892712], [16.37561239, 48.18893549], [16.37559449, 48.18896843], [16.37559334, 48.18897054]]]}, "properties": {"id": 23245874, "bauperiode": "1884-1918"}}, {"type": "Feature", "geometry": {"type": "Polygon", "coordinates": [[[16.37584568, 48.18850589], [16.37583923, 48.18851785], [16.37521271, 48.18844945], [16.37521875, 48.18843812], [16.37521942, 48.18843596], [16.3752334, 48.18843748], [16.37526299, 48.18844072], [16.37559349, 48.18847685], [16.37580265, 48.18849972], [16.37583214, 48.18850295], [16.37584594, 48.18850445], [16.37584568, 48.18850589]]]}, "properties": {"id": 23245997, "bauperiode": "1884-1918"}}, {"type": "Feature", "geometry": {"type": "Polygon", "coordinates": [[[16.37583923, 48.18851785], [16.37579602, 48.18859855], [16.37537282, 48.18855246], [16.37537444, 48.18854571], [16.37530221, 48.18853782], [16.37530051, 48.18854466], [16.37516897, 48.18853031], [16.37521271, 48.18844945], [16.37583923, 48.18851785]]]}, "properties": {"id": 23245985, "bauperiode": "1884-1918"}}, {"type": "Feature", "geometry": {"type": "Polygon", "coordinates": [[[16.37566366, 48.18862098], [16.37565156, 48.18863069], [16.37560597, 48.18862567], [16.37559923, 48.18861398], [16.37557193, 48.18861103], [16.37557461, 48.18860005], [16.37539007, 48.18857988], [16.37538739, 48.18859085], [16.37536022, 48.18858781], [16.37534812, 48.18859752], [16.37530239, 48.1885925], [16.37529566, 48.18858081], [16.37526849, 48.18857786], [16.37527117, 48.18856688], [16.37526553, 48.18856626], [16.37515603, 48.18855424], [16.37516897, 48.18853031], [16.37530051, 48.18854466], [16.37529444, 48.18856939], [16.3752943, 48.18857119], [16.37529444, 48.1885729], [16.37529471, 48.1885747], [16.37529538, 48.18857641], [16.37529619, 48.18857812], [16.37529727, 48.18857973], [16.37529862, 48.18858126], [16.3753001, 48.1885827], [16.37530185, 48.18858405], [16.37530373, 48.18858531], [16.37530575, 48.18858639], [16.3753079, 48.18858737], [16.37531032, 48.18858827], [16.37531328, 48.18858926], [16.37531638, 48.18859007], [16.3753196, 48.18859079], [16.37532283, 48.18859142], [16.37532606, 48.18859178], [16.37532942, 48.18859213], [16.37533279, 48.18859222], [16.37533615, 48.18859222], [16.37533951, 48.18859204], [16.37534274, 48.18859177], [16.37534543, 48.1885915], [16.37534798, 48.18859105], [16.3753504, 48.18859042], [16.37535282, 48.18858961], [16.37535511, 48.18858871], [16.37535713, 48.18858763], [16.37535914, 48.18858646], [16.37536089, 48.1885852], [16.3753625, 48.18858376], [16.37536398, 48.18858223], [16.37536506, 48.1885807], [16.375366, 48.18857899], [16.3753668, 48.18857728], [16.37537282, 48.18855246], [16.37579602, 48.18859855], [16.37578887, 48.18861194], [16.37578228, 48.18862274], [16.37577892, 48.18862237], [16.37569351, 48.18861305], [16.37569083, 48.18862403], [16.37566366, 48.18862098]]]}, "properties": {"id": 23245974, "bauperiode": "1884-1918"}}, {"type": "Feature", "geometry": {"type": "Polygon", "coordinates": [[[16.37526553, 48.18856626], [16.37523293, 48.18863039], [16.37521957, 48.18862671], [16.37517015, 48.18861478], [16.37517525, 48.18860532], [16.37513387, 48.18859533], [16.375152, 48.18856171], [16.37515603, 48.18855424], [16.37526553, 48.18856626]]]}, "properties": {"id": 23245975, "bauperiode": "1884-1918"}}, {"type": "Feature", "geometry": {"type": "Polygon", "coordinates": [[[16.37515603, 48.18855424], [16.375152, 48.18856171], [16.37509578, 48.1885557], [16.37504669, 48.18855041], [16.37505178, 48.18852928], [16.37499516, 48.18852317], [16.37499193, 48.18852282], [16.37502574, 48.18841552], [16.3750351, 48.18841652], [16.37507408, 48.18842069], [16.37520582, 48.18843479], [16.37521403, 48.18843567], [16.37521673, 48.18843596], [16.3752162, 48.18843785], [16.37521875, 48.18843812], [16.37521271, 48.18844945], [16.37516897, 48.18853031], [16.37515603, 48.18855424]]]}, "properties": {"id": 23245990, "bauperiode": "1860-1883"}}, {"type": "Feature", "geometry": {"type": "Polygon", "coordinates": [[[16.37512877, 48.18860479], [16.3750921, 48.18867279], [16.37493485, 48.18863499], [16.37493628, 48.18863291], [16.37497502, 48.18857652], [16.37497825, 48.1885773], [16.37507187, 48.18859987], [16.37509578, 48.1885557], [16.375152, 48.18856171], [16.37513387, 48.18859533], [16.37512877, 48.18860479]]]}, "properties": {"id": 23245957, "bauperiode": "1860-1883"}}, {"type": "Feature", "geometry": {"type": "Polygon", "coordinates": [[[16.37341217, 48.18863151], [16.37341091, 48.18863369], [16.37335051, 48.18861788], [16.37335171, 48.18861581], [16.37336354, 48.1885954], [16.37328592, 48.18857537], [16.3732741, 48.18859569], [16.37327289, 48.18859776], [16.37317414, 48.18857209], [16.37312398, 48.18855905], [16.37313339, 48.18854286], [16.37309532, 48.18853307], [16.37308605, 48.18854917], [16.37297534, 48.18852034], [16.37297547, 48.18851908], [16.37297157, 48.18851854], [16.37297482, 48.1885128], [16.37298088, 48.18850209], [16.37298111, 48.18850169], [16.37298358, 48.18849719], [16.37298402, 48.1884973], [16.37298482, 48.1884975], [16.37298505, 48.18849701], [16.37298735, 48.18849753], [16.37298756, 48.1884971], [16.37303135, 48.18842175], [16.37303229, 48.18842022], [16.37319007, 48.18846126], [16.37318175, 48.18847557], [16.37318606, 48.18848277], [16.37336954, 48.18853046], [16.37338096, 48.18851094], [16.37343745, 48.1885256], [16.37344943, 48.18852873], [16.37346867, 48.18853376], [16.37341217, 48.18863151]]]}, "properties": {"id": 25543393, "bauperiode": "1884-1918"}}, {"type": "Feature", "geometry": {"type": "Polygon", "coordinates": [[[16.37363997, 48.18865889], [16.37362237, 48.18868866], [16.37355189, 48.18867034], [16.37354704, 48.18866908], [16.37358479, 48.18860495], [16.37366009, 48.1886247], [16.37363997, 48.18865889]]]}, "properties": {"id": 25543379, "bauperiode": "1884-1918"}}, {"type": "Feature", "geometry": {"type": "Polygon", "coordinates": [[[16.37253801, 48.18960628], [16.37251729, 48.18964224], [16.37248442, 48.18963377], [16.37235582, 48.18960062], [16.37238215, 48.18955502], [16.37243152, 48.18946932], [16.37244068, 48.1894534], [16.37244585, 48.18944442], [16.37253239, 48.18929418], [16.37255586, 48.18925342], [16.37256104, 48.18924443], [16.3725686, 48.18923129], [16.37256954, 48.18922967], [16.3725682, 48.1892294], [16.37256998, 48.18922636], [16.37258157, 48.18920652], [16.37258324, 48.18920368], [16.37258459, 48.18920386], [16.37263875, 48.18910941], [16.37264346, 48.18910118], [16.37265551, 48.18908018], [16.37265591, 48.18907928], [16.3726808, 48.18908586], [16.3727244, 48.1890974], [16.37273481, 48.18910015], [16.37272006, 48.18912535], [16.37267467, 48.18911406], [16.37253907, 48.18935011], [16.37263222, 48.18937222], [16.3727503, 48.18916879], [16.37279855, 48.18918131], [16.37278161, 48.18918635], [16.37278086, 48.18918764], [16.37277055, 48.18920538], [16.37273423, 48.18926758], [16.37272101, 48.18929025], [16.37270169, 48.18932337], [16.3726906, 48.18934239], [16.37268052, 48.18935965], [16.37266759, 48.18938184], [16.37265628, 48.18940123], [16.37265102, 48.18941023], [16.37264525, 48.18942026], [16.37262705, 48.18945183], [16.37261592, 48.18947114], [16.37259941, 48.18949979], [16.37258767, 48.18952014], [16.3725635, 48.18956209], [16.37255298, 48.18958032], [16.37252494, 48.18957309], [16.37251365, 48.18959268], [16.37254169, 48.1895999], [16.37253801, 48.18960628]]]}, "properties": {"id": 25543692, "bauperiode": "1781-1848"}}, {"type": "Feature", "geometry": {"type": "Polygon", "coordinates": [[[16.372755, 48.1895814], [16.37270513, 48.18967001], [16.37266125, 48.18965861], [16.37264304, 48.18965846], [16.37258512, 48.18964062], [16.37259505, 48.18961704], [16.37260275, 48.18959877], [16.37262203, 48.18955303], [16.37272564, 48.18957514], [16.372755, 48.1895814]]]}, "properties": {"id": 25543544, "bauperiode": "1781-1848"}}, {"type": "Feature", "geometry": {"type": "Polygon", "coordinates": [[[16.37270513, 48.18967001], [16.37269454, 48.18968883], [16.37251174, 48.18965187], [16.37251729, 48.18964224], [16.37253801, 48.18960628], [16.37259505, 48.18961704], [16.37258512, 48.18964062], [16.37264304, 48.18965846], [16.37266125, 48.18965861], [16.37270513, 48.18967001]]]}, "properties": {"id": 25543540, "bauperiode": "1781-1848"}}, {"type": "Feature", "geometry": {"type": "Polygon", "coordinates": [[[16.37299746, 48.18916966], [16.37296362, 48.18922381], [16.37296225, 48.18922346], [16.3729349, 48.18921642], [16.37283123, 48.18918972], [16.37281101, 48.18918451], [16.37280608, 48.18918325], [16.37282899, 48.18914797], [16.37281757, 48.18914404], [16.37283178, 48.18912582], [16.37285632, 48.18913231], [16.37299746, 48.18916966]]]}, "properties": {"id": 25543326, "bauperiode": "1781-1848"}}, {"type": "Feature", "geometry": {"type": "Polygon", "coordinates": [[[16.3727503, 48.18916879], [16.37263222, 48.18937222], [16.37253907, 48.18935011], [16.37267467, 48.18911406], [16.37272006, 48.18912535], [16.37273481, 48.18910015], [16.37280025, 48.18911747], [16.37280401, 48.18911847], [16.37283178, 48.18912582], [16.37281757, 48.18914404], [16.37282899, 48.18914797], [16.37280608, 48.18918325], [16.37279855, 48.18918131], [16.3727503, 48.18916879]]]}, "properties": {"id": 25543308, "bauperiode": "1781-1848"}}, {"type": "Feature", "geometry": {"type": "Polygon", "coordinates": [[[16.37262203, 48.18955303], [16.37260146, 48.18958873], [16.37258246, 48.18958383], [16.37259091, 48.18956916], [16.37261509, 48.1895272], [16.37262683, 48.18950685], [16.37264334, 48.1894782], [16.37265446, 48.1894589], [16.37267266, 48.18942733], [16.37268252, 48.18941022], [16.3726838, 48.18940798], [16.37269498, 48.18938835], [16.37270745, 48.18936643], [16.37271691, 48.18934981], [16.37272797, 48.18933039], [16.37274665, 48.18929756], [16.37275818, 48.18927732], [16.3727953, 48.18921209], [16.37280563, 48.18919396], [16.37281101, 48.18918451], [16.37283123, 48.18918972], [16.37270437, 48.18941022], [16.37262203, 48.18955303]]]}, "properties": {"id": 25543690, "bauperiode": "1781-1848"}}, {"type": "Feature", "geometry": {"type": "Polygon", "coordinates": [[[16.37282073, 48.18941018], [16.37272564, 48.18957514], [16.37262203, 48.18955303], [16.37270437, 48.18941022], [16.37283123, 48.18918972], [16.3729349, 48.18921642], [16.37282073, 48.18941018]]]}, "properties": {"id": 25543689, "bauperiode": "1781-1848"}}, {"type": "Feature", "geometry": {"type": "Polygon", "coordinates": [[[16.37279065, 48.18951967], [16.372755, 48.1895814], [16.37272564, 48.18957514], [16.37282073, 48.18941018], [16.3729349, 48.18921642], [16.37296225, 48.18922346], [16.37285388, 48.18941017], [16.37283762, 48.18943834], [16.3728293, 48.18945273], [16.37281017, 48.18948586], [16.37280055, 48.18950253], [16.37279186, 48.18951757], [16.37279065, 48.18951967]]]}, "properties": {"id": 25543965, "bauperiode": "1781-1848"}}, {"type": "Feature", "geometry": {"type": "Polygon", "coordinates": [[[16.37441977, 48.18993127], [16.37436282, 48.19003821], [16.37427081, 48.19001909], [16.3742131, 48.19000715], [16.37417699, 48.18999963], [16.37414745, 48.18999349], [16.37413455, 48.18999081], [16.37411665, 48.18998712], [16.37410657, 48.18998497], [16.37410683, 48.18998461], [16.37396102, 48.18995417], [16.37407388, 48.18974239], [16.37409801, 48.1896971], [16.37424894, 48.18972879], [16.3742597, 48.18973104], [16.37418449, 48.18987226], [16.37419163, 48.18988332], [16.37441669, 48.18993062], [16.37441977, 48.18993127]]]}, "properties": {"id": 23393631, "bauperiode": "1781-1848"}}, {"type": "Feature", "geometry": {"type": "Polygon", "coordinates": [[[16.3744465, 48.18988125], [16.37442339, 48.18992443], [16.37442015, 48.18992375], [16.37434484, 48.18990791], [16.37438069, 48.18983145], [16.37446369, 48.18984887], [16.3744465, 48.18988125]]]}, "properties": {"id": 23398497, "bauperiode": "1781-1848"}}, {"type": "Feature", "geometry": {"type": "Polygon", "coordinates": [[[16.36777082, 48.18559764], [16.36762446, 48.18574886], [16.36749613, 48.18569268], [16.36748819, 48.18568927], [16.36749005, 48.18568737], [16.36753926, 48.18563709], [16.36749612, 48.18561821], [16.36749756, 48.18561674], [16.36747326, 48.1856061], [16.36747183, 48.18560757], [16.36742963, 48.1855891], [16.36738041, 48.18563947], [16.36737855, 48.18564137], [16.36737344, 48.18563912], [16.3672404, 48.18558097], [16.36729806, 48.18552223], [16.36729887, 48.18552259], [16.36729994, 48.18552143], [16.36731189, 48.18550863], [16.36731298, 48.18550747], [16.36731231, 48.18550711], [16.3673873, 48.18543002], [16.36738916, 48.18543083], [16.36752586, 48.1854906], [16.36748124, 48.18553639], [16.36751541, 48.18555131], [16.36751971, 48.1855469], [16.3675567, 48.18556308], [16.3675524, 48.18556748], [16.36759087, 48.18558429], [16.36763563, 48.1855385], [16.36777082, 48.18559764]]]}, "properties": {"id": 23245598, "bauperiode": "1884-1918"}}, {"type": "Feature", "geometry": {"type": "Polygon", "coordinates": [[[16.36989606, 48.18862893], [16.36985935, 48.18863551], [16.36984668, 48.18863059], [16.3697559, 48.18859534], [16.36974339, 48.18859049], [16.36973355, 48.18856594], [16.36978073, 48.18851151], [16.36981757, 48.18850494], [16.3698461, 48.18851599], [16.36985514, 48.18851949], [16.36985993, 48.18852135], [16.3698604, 48.18852153], [16.36986158, 48.18852199], [16.36988953, 48.18853282], [16.36989044, 48.18853317], [16.36989104, 48.1885334], [16.369904, 48.18853842], [16.36990448, 48.18853861], [16.36993354, 48.18854987], [16.36994324, 48.18857442], [16.36989606, 48.18862893]]]}, "properties": {"id": 23244771, "bauperiode": "1683-1740"}}, {"type": "Feature", "geometry": {"type": "Polygon", "coordinates": [[[16.37003747, 48.18869974], [16.36999688, 48.18874653], [16.36984513, 48.18868776], [16.36986569, 48.18866392], [16.36982991, 48.18865], [16.36984668, 48.18863059], [16.36985935, 48.18863551], [16.36989606, 48.18862893], [16.36994324, 48.18857442], [16.37007515, 48.18862554], [16.37009512, 48.18863328], [16.3700502, 48.18868506], [16.37003747, 48.18869974]]]}, "properties": {"id": 23244729, "bauperiode": "1683-1740"}}, {"type": "Feature", "geometry": {"type": "Polygon", "coordinates": [[[16.36979363, 48.18870765], [16.36978462, 48.18870792], [16.36977548, 48.18870766], [16.36976633, 48.18870676], [16.36975732, 48.18870532], [16.3697479, 48.18870308], [16.36974416, 48.1887019], [16.36973875, 48.1887002], [16.36972987, 48.18869697], [16.36972893, 48.18869661], [16.36972786, 48.18869616], [16.36971925, 48.18869266], [16.36971735, 48.18869176], [16.36971104, 48.18868879], [16.36970337, 48.18868439], [16.36969705, 48.18867989], [16.3696914, 48.18867504], [16.36968642, 48.18866991], [16.36968238, 48.18866452], [16.36967901, 48.18865885], [16.36967686, 48.18865301], [16.36967605, 48.18864806], [16.36967604, 48.18864716], [16.36967577, 48.18864455], [16.36967577, 48.18864204], [16.36967617, 48.18863943], [16.36967658, 48.18863691], [16.36967738, 48.18863439], [16.36967832, 48.18863187], [16.36967953, 48.18862944], [16.36968101, 48.18862711], [16.36968262, 48.18862477], [16.36970318, 48.18860093], [16.3697391, 48.18861486], [16.3697559, 48.18859534], [16.36984668, 48.18863059], [16.36982991, 48.18865], [16.36986569, 48.18866392], [16.36984513, 48.18868776], [16.36984284, 48.18868983], [16.36984056, 48.18869181], [16.36983801, 48.1886937], [16.36983518, 48.1886955], [16.36983236, 48.18869721], [16.36982927, 48.18869883], [16.36982604, 48.18870027], [16.36982281, 48.18870153], [16.36981932, 48.1887027], [16.36981811, 48.18870315], [16.36981125, 48.18870513], [16.36980264, 48.18870675], [16.36979363, 48.18870765]]]}, "properties": {"id": 23244749, "bauperiode": "1683-1740"}}, {"type": "Feature", "geometry": {"type": "Polygon", "coordinates": [[[16.36995799, 48.18934887], [16.36993368, 48.18937689], [16.36986466, 48.189352], [16.36986636, 48.18934999], [16.37011826, 48.18905254], [16.37018714, 48.1890786], [16.37014763, 48.18912528], [16.37012098, 48.18915675], [16.37011276, 48.18916646], [16.37011106, 48.18916846], [16.36997444, 48.18932986], [16.36997278, 48.18933182], [16.36995799, 48.18934887]]]}, "properties": {"id": 23244577, "bauperiode": "1683-1740"}}, {"type": "Feature", "geometry": {"type": "Polygon", "coordinates": [[[16.36970318, 48.18860093], [16.36968262, 48.18862477], [16.3695302, 48.18856573], [16.36955029, 48.18854257], [16.36956176, 48.18852935], [16.36962844, 48.18845247], [16.36965336, 48.18846213], [16.36978073, 48.18851151], [16.36973355, 48.18856594], [16.36974339, 48.18859049], [16.3697559, 48.18859534], [16.3697391, 48.18861486], [16.36970318, 48.18860093]]]}, "properties": {"id": 23244774, "bauperiode": "1683-1740"}}, {"type": "Feature", "geometry": {"type": "Polygon", "coordinates": [[[16.37300273, 48.18863805], [16.37291381, 48.18879843], [16.37285596, 48.18878343], [16.37294488, 48.18862296], [16.37300273, 48.18863805]]]}, "properties": {"id": 25543366, "bauperiode": "1884-1918"}}, {"type": "Feature", "geometry": {"type": "Polygon", "coordinates": [[[16.37296773, 48.18878564], [16.37295416, 48.18880894], [16.37291381, 48.18879843], [16.37300273, 48.18863805], [16.37303595, 48.18864667], [16.3730158, 48.18868301], [16.37305804, 48.18869352], [16.37305079, 48.18870665], [16.37301922, 48.18876341], [16.37300767, 48.18878437], [16.37298373, 48.18877844], [16.37297822, 48.18878842], [16.37296773, 48.18878564]]]}, "properties": {"id": 25543360, "bauperiode": "1884-1918"}}, {"type": "Feature", "geometry": {"type": "Polygon", "coordinates": [[[16.37315993, 48.18879997], [16.3731285, 48.18885421], [16.37303202, 48.18882919], [16.37299896, 48.18882061], [16.37299828, 48.18882043], [16.37298954, 48.18881819], [16.37300311, 48.18879489], [16.37297822, 48.18878842], [16.37298373, 48.18877844], [16.37300767, 48.18878437], [16.37301922, 48.18876341], [16.37304546, 48.18877024], [16.37315683, 48.18879916], [16.37315993, 48.18879997]]]}, "properties": {"id": 25543353, "bauperiode": "1884-1918"}}, {"type": "Feature", "geometry": {"type": "Polygon", "coordinates": [[[16.37322118, 48.18869482], [16.37319271, 48.18874357], [16.37318961, 48.18874276], [16.37307689, 48.18871348], [16.37305079, 48.18870665], [16.37305804, 48.18869352], [16.3730158, 48.18868301], [16.37303595, 48.18864667], [16.37304604, 48.18864928], [16.37303637, 48.18866673], [16.3730474, 48.18866942], [16.37304082, 48.18868129], [16.37306194, 48.1886865], [16.37306852, 48.18867463], [16.3730848, 48.18867867], [16.3730942, 48.18866185], [16.37322118, 48.18869482]]]}, "properties": {"id": 25543373, "bauperiode": "1884-1918"}}, {"type": "Feature", "geometry": {"type": "Polygon", "coordinates": [[[16.38899079, 48.17247397], [16.38890185, 48.17249037], [16.38889913, 48.17248355], [16.38888835, 48.17248559], [16.38886436, 48.17242556], [16.38887526, 48.17242356], [16.38896437, 48.17240717], [16.38899079, 48.17247397]]]}, "properties": {"id": 25687085, "bauperiode": "1884-1918"}}, {"type": "Feature", "geometry": {"type": "MultiPolygon", "coordinates": [[[[16.36689735, 48.1865151], [16.36685407, 48.18655927], [16.36683941, 48.1865528], [16.36670112, 48.18649231], [16.36672827, 48.1864646], [16.36672234, 48.18645039], [16.36668374, 48.18643351], [16.36672558, 48.18638941], [16.36670752, 48.18638237], [16.36674219, 48.18634742], [16.36675623, 48.18635357], [16.36675907, 48.18635481], [16.36679882, 48.18637222], [16.36682114, 48.18636979], [16.36684695, 48.18634334], [16.3669999, 48.18641021], [16.36696106, 48.18644997], [16.36694626, 48.18644359], [16.36688255, 48.18650863], [16.36689735, 48.1865151]], [[16.36676765, 48.18642997], [16.36679886, 48.18644354], [16.36682292, 48.18641889], [16.36679185, 48.18640523], [16.36676765, 48.18642997]]]]}, "properties": {"id": 23245376, "bauperiode": "1884-1918"}}, {"type": "Feature", "geometry": {"type": "MultiPolygon", "coordinates": [[[[16.36662495, 48.18640779], [16.36658987, 48.18644369], [16.36654857, 48.18642562], [16.36645535, 48.18638481], [16.36652283, 48.18631576], [16.36653353, 48.18630484], [16.36660104, 48.18623576], [16.3667357, 48.18629463], [16.36670989, 48.18632108], [16.36673814, 48.18633348], [16.36674219, 48.18634742], [16.36670752, 48.18638237], [16.36672558, 48.18638941], [16.36668374, 48.18643351], [16.36668267, 48.18643304], [16.36667983, 48.1864318], [16.36662495, 48.18640779]], [[16.36660286, 48.18635789], [16.36662735, 48.18636858], [16.36665141, 48.18634384], [16.36662706, 48.18633324], [16.36660286, 48.18635789]]]]}, "properties": {"id": 23245409, "bauperiode": "1884-1918"}}, {"type": "Feature", "geometry": {"type": "MultiPolygon", "coordinates": [[[[16.36653401, 48.18658543], [16.36645538, 48.18666594], [16.36630875, 48.18660276], [16.36630587, 48.18660173], [16.36630041, 48.18659929], [16.36629547, 48.1865964], [16.36629114, 48.1865931], [16.36628749, 48.18658945], [16.36628458, 48.18658551], [16.36628266, 48.18658182], [16.36628247, 48.18658136], [16.36628118, 48.18657705], [16.36628075, 48.18657267], [16.36628118, 48.18656829], [16.36628246, 48.18656398], [16.36628457, 48.18655982], [16.36628747, 48.18655588], [16.36628841, 48.18655483], [16.36630249, 48.1865405], [16.36633203, 48.18651041], [16.36637704, 48.18646457], [16.36638745, 48.18645397], [16.36639269, 48.18644864], [16.36642222, 48.18641857], [16.36645535, 48.18638481], [16.36654857, 48.18642562], [16.36653164, 48.18644289], [16.36657939, 48.18646374], [16.36659447, 48.18644837], [16.36659633, 48.18644647], [16.36664487, 48.1864677], [16.36664771, 48.18646894], [16.36664586, 48.18647084], [16.36662056, 48.18649674], [16.36661773, 48.1864955], [16.36656084, 48.18647058], [16.36652643, 48.18650558], [16.36653221, 48.18650755], [16.36653732, 48.18651034], [16.3665415, 48.18651376], [16.36654473, 48.18651762], [16.36654701, 48.18652176], [16.36654809, 48.18652616], [16.36654796, 48.18653057], [16.36654675, 48.1865348], [16.36654407, 48.18653885], [16.3665399, 48.18654253], [16.36653452, 48.1865455], [16.36652847, 48.18654775], [16.36652175, 48.1865491], [16.36651475, 48.18654974], [16.36650776, 48.18654947], [16.36650104, 48.18654839], [16.36649471, 48.18654632], [16.36648933, 48.18654345], [16.36647401, 48.18655919], [16.36653401, 48.18658543]], [[16.36639776, 48.1865629], [16.36642426, 48.18657449], [16.36644617, 48.18655209], [16.36641967, 48.1865405], [16.36639776, 48.1865629]], [[16.36649591, 48.18652879], [16.36651352, 48.18653652], [16.36652574, 48.1865241], [16.36650813, 48.18651636], [16.36649591, 48.18652879]], [[16.36646469, 48.18649876], [16.36647573, 48.18650352], [16.36648218, 48.18649695], [16.36647115, 48.18649219], [16.36646469, 48.18649876]]]]}, "properties": {"id": 23247649, "bauperiode": "1884-1918"}}, {"type": "Feature", "geometry": {"type": "MultiPolygon", "coordinates": [[[[16.37570052, 48.19002814], [16.37569582, 48.19003695], [16.37568492, 48.1900348], [16.37568479, 48.19003525], [16.37562869, 48.19002394], [16.37562869, 48.19002304], [16.37561766, 48.19002079], [16.37561928, 48.19001917], [16.37549108, 48.18999314], [16.37549028, 48.18999503], [16.37532495, 48.18996199], [16.37532589, 48.18995965], [16.37523684, 48.1899416], [16.37523671, 48.18994196], [16.37522631, 48.18993978], [16.37520208, 48.18993471], [16.37519299, 48.1899328], [16.37510058, 48.18991413], [16.37512502, 48.18986888], [16.37512663, 48.18986736], [16.37512838, 48.18986592], [16.3751304, 48.18986466], [16.37513268, 48.18986349], [16.37513497, 48.18986241], [16.37513739, 48.18986151], [16.37514008, 48.18986079], [16.37514277, 48.18986025], [16.37514546, 48.18985979], [16.37514828, 48.18985952], [16.37515111, 48.18985943], [16.37516024, 48.18984252], [16.37518294, 48.18980034], [16.37520554, 48.18980572], [16.37520916, 48.18979916], [16.37523054, 48.18979429], [16.37525153, 48.18979869], [16.37525046, 48.18980796], [16.37526217, 48.18982315], [16.37527414, 48.18982567], [16.37526595, 48.18984276], [16.37537359, 48.18986566], [16.37536162, 48.18989093], [16.37538247, 48.18989533], [16.37539912, 48.18986025], [16.37537827, 48.18985585], [16.37540002, 48.18980989], [16.37534226, 48.18979742], [16.37536635, 48.18974658], [16.37541841, 48.18975763], [16.37549427, 48.18977361], [16.37549325, 48.18977578], [16.37545077, 48.18986536], [16.37542965, 48.18986087], [16.37542253, 48.18987598], [16.37557265, 48.18990767], [16.37557843, 48.18989562], [16.37560641, 48.18990155], [16.37561608, 48.18988095], [16.37557021, 48.18987125], [16.37558524, 48.18983968], [16.37560437, 48.18979928], [16.37560539, 48.18979713], [16.37563345, 48.18980306], [16.3756717, 48.18981114], [16.37566311, 48.18982931], [16.37570629, 48.18983847], [16.37571488, 48.1898203], [16.3757981, 48.18983723], [16.37580003, 48.18983835], [16.37579703, 48.18984387], [16.37578834, 48.18985981], [16.37578499, 48.18986596], [16.37578405, 48.18986578], [16.37572214, 48.18998218], [16.37572429, 48.18998262], [16.37571959, 48.18999171], [16.37572067, 48.18999153], [16.37570146, 48.1900285], [16.37570052, 48.19002814]], [[16.37560508, 48.18992726], [16.37563897, 48.18993368], [16.37564736, 48.18991338], [16.37561347, 48.18990696], [16.37560508, 48.18992726]]]]}, "properties": {"id": 23393632, "bauperiode": "1884-1918"}}, {"type": "Feature", "geometry": {"type": "Polygon", "coordinates": [[[16.37537827, 48.18985585], [16.37537359, 48.18986566], [16.37526595, 48.18984276], [16.37527414, 48.18982567], [16.37526217, 48.18982315], [16.37525046, 48.18980796], [16.37527009, 48.18980265], [16.3753083, 48.18981073], [16.37532135, 48.18982646], [16.37532041, 48.18982853], [16.37532687, 48.18982988], [16.37534226, 48.18979742], [16.37540002, 48.18980989], [16.37537827, 48.18985585]]]}, "properties": {"id": 23393651, "bauperiode": "1884-1918"}}, {"type": "Feature", "geometry": {"type": "Polygon", "coordinates": [[[16.37557843, 48.18989562], [16.37557265, 48.18990767], [16.37542253, 48.18987598], [16.37542965, 48.18986087], [16.37545077, 48.18986536], [16.37553457, 48.18988304], [16.37555794, 48.18983393], [16.37558524, 48.18983968], [16.37557021, 48.18987125], [16.37561608, 48.18988095], [16.37560641, 48.18990155], [16.37557843, 48.18989562]]]}, "properties": {"id": 23393647, "bauperiode": "1884-1918"}}, {"type": "Feature", "geometry": {"type": "Polygon", "coordinates": [[[16.37646224, 48.1885707], [16.37646906, 48.18857843], [16.3764788, 48.18858949], [16.37646403, 48.18861755], [16.37642455, 48.18869187], [16.37641822, 48.18870378], [16.37641514, 48.18870957], [16.37638845, 48.18870666], [16.37625898, 48.18869254], [16.37626879, 48.1886723], [16.37625761, 48.18865935], [16.3762259, 48.1886559], [16.37620138, 48.18865323], [16.37607576, 48.18863954], [16.37613177, 48.18853637], [16.37646224, 48.1885707]]]}, "properties": {"id": 26618202, "bauperiode": "1860-1883"}}, {"type": "Feature", "geometry": {"type": "Polygon", "coordinates": [[[16.37193614, 48.18982452], [16.37193595, 48.18982487], [16.37190918, 48.18981732], [16.37180436, 48.18978803], [16.37180183, 48.18978732], [16.37178586, 48.18978287], [16.37178152, 48.18978166], [16.37181443, 48.18972364], [16.37178349, 48.18971583], [16.37179181, 48.18969568], [16.37182786, 48.18970592], [16.37184237, 48.18967965], [16.37184479, 48.18967525], [16.37184599, 48.18967057], [16.37186483, 48.18967209], [16.37186509, 48.1896658], [16.37186428, 48.1896595], [16.37186185, 48.18965267], [16.37185809, 48.18964611], [16.37188649, 48.18959389], [16.37191069, 48.18960072], [16.3720418, 48.18963768], [16.37204129, 48.18963859], [16.37199257, 48.18972474], [16.37198488, 48.18973834], [16.37193614, 48.18982452]]]}, "properties": {"id": 27020743, "bauperiode": "1884-1918"}}, {"type": "Feature", "geometry": {"type": "Polygon", "coordinates": [[[16.37173412, 48.18970334], [16.37170242, 48.18975956], [16.37162843, 48.1897389], [16.37155041, 48.18971707], [16.37165549, 48.18953115], [16.37165666, 48.18952908], [16.37173376, 48.18955081], [16.37177463, 48.18956233], [16.37181498, 48.18957372], [16.37178481, 48.18962724], [16.37177759, 48.18962958], [16.37177328, 48.18963129], [16.37175824, 48.189638], [16.37177177, 48.18964548], [16.3717634, 48.18964982], [16.37175964, 48.18965306], [16.37175708, 48.18965657], [16.37175574, 48.18966034], [16.37173412, 48.18970334]]]}, "properties": {"id": 27021059, "bauperiode": "1884-1918"}}, {"type": "Feature", "geometry": {"type": "Polygon", "coordinates": [[[16.37179181, 48.18969568], [16.37178349, 48.18971583], [16.37173412, 48.18970334], [16.37175574, 48.18966034], [16.37175708, 48.18965657], [16.37175964, 48.18965306], [16.3717634, 48.18964982], [16.37177177, 48.18964548], [16.37177456, 48.18964406], [16.37178155, 48.18964163], [16.37178908, 48.18964001], [16.37179688, 48.1896392], [16.37180482, 48.18963928], [16.37181262, 48.18964018], [16.37182002, 48.18964207], [16.37182647, 48.18964467], [16.37183212, 48.18964791], [16.37183697, 48.18965178], [16.37184087, 48.189656], [16.37184383, 48.18966068], [16.37184545, 48.18966553], [16.37184599, 48.18967057], [16.37184479, 48.18967525], [16.37184237, 48.18967965], [16.37182786, 48.18970592], [16.37179181, 48.18969568]]]}, "properties": {"id": 27020747, "bauperiode": "1884-1918"}}, {"type": "Feature", "geometry": {"type": "Polygon", "coordinates": [[[16.36670187, 48.18842658], [16.36664447, 48.18847435], [16.36654087, 48.18841817], [16.3665687, 48.18839631], [16.36660238, 48.18836843], [16.36662825, 48.18834701], [16.36663079, 48.18834846], [16.36665879, 48.18836454], [16.36668017, 48.18834807], [16.36665135, 48.18833146], [16.36664882, 48.18833], [16.36668913, 48.18829671], [16.3666913, 48.18829492], [16.3666939, 48.18829642], [16.36673664, 48.18832108], [16.3667603, 48.18830282], [16.36677078, 48.18829463], [16.3667993, 48.18831099], [16.36682258, 48.18832438], [16.3667879, 48.18835128], [16.36680256, 48.18835982], [16.36671034, 48.18843143], [16.36670187, 48.18842658]]]}, "properties": {"id": 23244840, "bauperiode": "1781-1848"}}, {"type": "Feature", "geometry": {"type": "Polygon", "coordinates": [[[16.36712832, 48.18839715], [16.36701312, 48.18848513], [16.3669328, 48.18843803], [16.36705822, 48.1883424], [16.36701732, 48.18831848], [16.36701288, 48.1883219], [16.36692718, 48.18827165], [16.36693175, 48.18826824], [16.36688763, 48.18824244], [16.36681839, 48.18829614], [16.3667993, 48.18831099], [16.36677078, 48.18829463], [16.3667603, 48.18830282], [16.36671735, 48.18827811], [16.36671482, 48.18827666], [16.36677857, 48.1882271], [16.36681228, 48.18820091], [16.36683729, 48.18818148], [16.36690308, 48.18822004], [16.36694932, 48.18818477], [16.36696922, 48.18816849], [16.36708251, 48.188235], [16.36709297, 48.18824113], [16.36716227, 48.18828182], [16.3671745, 48.18828901], [16.36722861, 48.18832077], [16.3672157, 48.18833057], [16.36729885, 48.18837453], [16.36729663, 48.18837618], [16.36721039, 48.18844056], [16.36714069, 48.18840369], [16.36712832, 48.18839715]]]}, "properties": {"id": 23247878, "bauperiode": "1781-1848"}}, {"type": "Feature", "geometry": {"type": "Polygon", "coordinates": [[[16.37268449, 48.18850454], [16.37268367, 48.18850602], [16.37255483, 48.18847014], [16.37251116, 48.18845798], [16.37251235, 48.1884559], [16.37254149, 48.18840491], [16.3725504, 48.18840718], [16.37256148, 48.18838778], [16.37253139, 48.18838009], [16.37252884, 48.18838456], [16.37248353, 48.18837299], [16.37247017, 48.18836957], [16.37246179, 48.18836744], [16.3724835, 48.18832939], [16.37248471, 48.18832732], [16.37249265, 48.18832935], [16.37257295, 48.18834986], [16.37261486, 48.18827646], [16.37265965, 48.18828742], [16.37270189, 48.18829784], [16.37278953, 48.18831865], [16.3727858, 48.1883258], [16.37276475, 48.18836266], [16.37274366, 48.18839954], [16.37274568, 48.18840008], [16.37274199, 48.18840654], [16.3727342, 48.18842023], [16.37273103, 48.18842581], [16.37272902, 48.18842536], [16.37271624, 48.18844788], [16.37270343, 48.18847057], [16.3726884, 48.18849748], [16.37268449, 48.18850454]]]}, "properties": {"id": 27020813, "bauperiode": "1884-1918"}}, {"type": "Feature", "geometry": {"type": "Polygon", "coordinates": [[[16.37243295, 48.18843623], [16.37243196, 48.18843801], [16.37239024, 48.18842722], [16.3722575, 48.18839291], [16.37225889, 48.18839042], [16.3722601, 48.18838826], [16.37236463, 48.18820107], [16.37238066, 48.18820558], [16.37246956, 48.18823067], [16.37247038, 48.18823091], [16.37248343, 48.1882346], [16.37252558, 48.18824648], [16.37252867, 48.18824735], [16.37253711, 48.18824973], [16.37249265, 48.18832935], [16.37248471, 48.18832732], [16.3724835, 48.18832939], [16.37246179, 48.18836744], [16.37247017, 48.18836957], [16.37243412, 48.18843415], [16.37243295, 48.18843623]]]}, "properties": {"id": 27021008, "bauperiode": "1884-1918"}}, {"type": "Feature", "geometry": {"type": "Polygon", "coordinates": [[[16.37231354, 48.18818672], [16.37228156, 48.18823286], [16.37221174, 48.18820384], [16.37221309, 48.18820169], [16.37227165, 48.18810894], [16.3722465, 48.18810184], [16.37224529, 48.18810382], [16.37224395, 48.18810562], [16.37224233, 48.18810742], [16.37224045, 48.18810913], [16.37223844, 48.18811075], [16.37223615, 48.18811219], [16.37223373, 48.18811354], [16.37223118, 48.1881148], [16.37222849, 48.18811579], [16.37222553, 48.18811669], [16.3722227, 48.18811741], [16.37221961, 48.18811795], [16.37221652, 48.1881184], [16.37221343, 48.18811858], [16.37221033, 48.18811867], [16.3722071, 48.18811849], [16.37220401, 48.18811822], [16.37220092, 48.18811768], [16.37219796, 48.18811706], [16.37219513, 48.18811625], [16.37219231, 48.18811526], [16.37218962, 48.18811418], [16.3721872, 48.18811292], [16.37218477, 48.18811148], [16.37218276, 48.18810996], [16.37218074, 48.18810825], [16.37217899, 48.18810654], [16.37217751, 48.18810474], [16.37217616, 48.18810276], [16.37217522, 48.18810079], [16.37217441, 48.18809872], [16.37217387, 48.18809665], [16.3721736, 48.18809458], [16.3721736, 48.18809251], [16.37217387, 48.18809044], [16.3721744, 48.18808837], [16.37217521, 48.18808631], [16.37217628, 48.18808433], [16.37217763, 48.18808244], [16.37215624, 48.18807642], [16.37209697, 48.18815341], [16.37209537, 48.18815549], [16.37202353, 48.18812557], [16.37202504, 48.1881236], [16.37208467, 48.18804605], [16.37211695, 48.18805512], [16.37213375, 48.18803344], [16.37210181, 48.18802447], [16.37215817, 48.18795069], [16.37231194, 48.18799012], [16.37233454, 48.1879959], [16.37242868, 48.18802004], [16.37237655, 48.18809542], [16.3723374, 48.18808446], [16.37232048, 48.18811135], [16.37235828, 48.18812195], [16.37234739, 48.18813769], [16.37231354, 48.18818672]]]}, "properties": {"id": 27020671, "bauperiode": "1884-1918"}}, {"type": "Feature", "geometry": {"type": "Polygon", "coordinates": [[[16.36864493, 48.19001307], [16.36861013, 48.19005401], [16.36845193, 48.18999371], [16.36847867, 48.18996223], [16.36846333, 48.18995648], [16.36850369, 48.18990902], [16.36850263, 48.18990788], [16.36850162, 48.18990672], [16.36850067, 48.18990554], [16.36849978, 48.18990433], [16.36849896, 48.1899031], [16.36849817, 48.18990182], [16.36849746, 48.18990054], [16.36849681, 48.18989922], [16.36849625, 48.1898979], [16.36849574, 48.18989657], [16.36848931, 48.18989418], [16.36851447, 48.18986381], [16.36852086, 48.18986618], [16.3685226, 48.18986565], [16.36852438, 48.18986519], [16.36852618, 48.18986475], [16.36852801, 48.18986438], [16.36852985, 48.18986403], [16.36853172, 48.18986374], [16.36853355, 48.18986351], [16.36853539, 48.18986331], [16.36853725, 48.18986317], [16.36853912, 48.18986306], [16.36854097, 48.189863], [16.36854284, 48.189863], [16.36857045, 48.18983045], [16.36858578, 48.18983629], [16.36862275, 48.18979276], [16.36862974, 48.18979527], [16.36878243, 48.18985009], [16.36878297, 48.18985063], [16.36874774, 48.18989208], [16.36872468, 48.18991922], [16.36870338, 48.18994429], [16.36869041, 48.18995955], [16.36866814, 48.18998576], [16.36864493, 48.19001307]]]}, "properties": {"id": 24146716, "bauperiode": "1884-1918"}}, {"type": "Feature", "geometry": {"type": "MultiPolygon", "coordinates": [[[[16.36598079, 48.18753527], [16.36597106, 48.1875439], [16.36577666, 48.18744629], [16.36587398, 48.18735867], [16.3659395, 48.1873912], [16.36597418, 48.18736044], [16.36595158, 48.18734902], [16.36594619, 48.18732375], [16.36595828, 48.18731305], [16.36599594, 48.18730953], [16.36601867, 48.18732095], [16.36604341, 48.187299], [16.36597386, 48.18726871], [16.36603112, 48.18721716], [16.3660317, 48.18721664], [16.36606085, 48.18723109], [16.36608196, 48.18721211], [16.36614774, 48.18724078], [16.36614587, 48.18724268], [16.3661351, 48.18725365], [16.36612502, 48.18726399], [16.36610121, 48.18725209], [16.36608064, 48.18727049], [16.36611274, 48.18728653], [16.36613331, 48.18726814], [16.36622807, 48.1873155], [16.36618815, 48.18735121], [16.36612904, 48.18740367], [16.36611661, 48.18741471], [16.36602123, 48.18749938], [16.36598079, 48.18753527]], [[16.36595749, 48.1873385], [16.36599422, 48.18735702], [16.36601922, 48.1873348], [16.36598249, 48.18731628], [16.36596272, 48.18731808], [16.36595466, 48.18732528], [16.36595749, 48.1873385]], [[16.36591788, 48.18744337], [16.36595124, 48.18745991], [16.36596845, 48.18744453], [16.36593495, 48.18742799], [16.36591788, 48.18744337]], [[16.36603913, 48.187349], [16.36604882, 48.18735394], [16.36605688, 48.18734675], [16.3660472, 48.18734189], [16.36603913, 48.187349]]]]}, "properties": {"id": 23247672, "bauperiode": "1884-1918"}}, {"type": "Feature", "geometry": {"type": "MultiPolygon", "coordinates": [[[[16.36907958, 48.1869933], [16.36905432, 48.18702163], [16.36891562, 48.18696663], [16.36896112, 48.18691594], [16.36897331, 48.18690236], [16.3690628, 48.18680263], [16.36906828, 48.18679653], [16.36908241, 48.18678078], [16.36908336, 48.18678024], [16.36908476, 48.18677962], [16.36908626, 48.18677912], [16.36908785, 48.18677876], [16.36908841, 48.18677867], [16.3690895, 48.18677854], [16.36909118, 48.18677847], [16.36909285, 48.18677854], [16.3690945, 48.18677876], [16.36909518, 48.18677889], [16.36909666, 48.18677871], [16.36932562, 48.18687182], [16.36923853, 48.18697005], [16.36913657, 48.18692934], [16.36911856, 48.18694958], [16.36912138, 48.18695066], [16.36912394, 48.18695191], [16.36912636, 48.18695326], [16.36912865, 48.1869547], [16.36913067, 48.18695632], [16.36913255, 48.18695803], [16.36913416, 48.18695983], [16.36913565, 48.1869618], [16.36913672, 48.18696369], [16.36913767, 48.18696576], [16.36913834, 48.18696783], [16.36913874, 48.1869699], [16.36913888, 48.18697205], [16.36913875, 48.18697421], [16.36913834, 48.18697628], [16.36913767, 48.18697835], [16.36913687, 48.18698042], [16.36913566, 48.1869824], [16.36913431, 48.18698429], [16.3691327, 48.18698609], [16.36913082, 48.1869878], [16.3691288, 48.18698941], [16.36912652, 48.18699094], [16.3691241, 48.18699229], [16.36912154, 48.18699355], [16.36911872, 48.18699463], [16.3691159, 48.18699553], [16.36911294, 48.18699625], [16.36910998, 48.18699688], [16.36910689, 48.18699733], [16.36910366, 48.18699752], [16.36910057, 48.18699761], [16.36909734, 48.18699752], [16.36909425, 48.18699725], [16.36909115, 48.1869968], [16.36908806, 48.18699617], [16.3690851, 48.18699536], [16.36908227, 48.18699446], [16.36907958, 48.1869933]], [[16.36909699, 48.18687287], [16.36912645, 48.18688464], [16.36914406, 48.18686485], [16.36911473, 48.18685317], [16.36909699, 48.18687287]]]]}, "properties": {"id": 23245233, "bauperiode": "1884-1918"}}, {"type": "Feature", "geometry": {"type": "MultiPolygon", "coordinates": [[[[16.36961948, 48.1899433], [16.36961771, 48.18994526], [16.36947853, 48.18989502], [16.36947336, 48.18989315], [16.36947495, 48.18989116], [16.3695007, 48.18985887], [16.36954002, 48.18980958], [16.36949885, 48.18979493], [16.36951216, 48.18977811], [16.36951341, 48.18977659], [16.36953178, 48.18975472], [16.3695794, 48.18977252], [16.36959372, 48.18975535], [16.3696048, 48.18975949], [16.36962004, 48.18974121], [16.36960894, 48.18973707], [16.36965117, 48.18968643], [16.36968655, 48.18969964], [16.36970362, 48.18967922], [16.36962048, 48.18964831], [16.36966107, 48.18959964], [16.3696866, 48.18956906], [16.36977387, 48.18959839], [16.36978452, 48.18958486], [16.36979865, 48.18958989], [16.36980848, 48.18957753], [16.3698182, 48.18958099], [16.36983238, 48.18956314], [16.36980534, 48.18955355], [16.36980364, 48.18955568], [16.36972194, 48.18952669], [16.36973321, 48.18951319], [16.36980607, 48.18942576], [16.36981926, 48.18943052], [16.36981845, 48.1894316], [16.36985518, 48.18944463], [16.36985612, 48.18944364], [16.36986687, 48.18944746], [16.36990696, 48.18946171], [16.37000079, 48.18949505], [16.37003087, 48.18950573], [16.3700409, 48.18950929], [16.37004172, 48.18950958], [16.3700576, 48.1895152], [16.37006744, 48.18951869], [16.37009518, 48.18952851], [16.37010418, 48.1895317], [16.37002543, 48.18962589], [16.37001992, 48.18963254], [16.36987544, 48.18958123], [16.36985112, 48.18961182], [16.36989968, 48.18963033], [16.36961948, 48.1899433]], [[16.36965176, 48.18976017], [16.36967772, 48.18976988], [16.36968753, 48.1897581], [16.36966157, 48.18974839], [16.36965176, 48.18976017]], [[16.36957542, 48.18985166], [16.36960152, 48.18986136], [16.36961133, 48.18984958], [16.36958523, 48.18983987], [16.36957542, 48.18985166]]]]}, "properties": {"id": 26780961, "bauperiode": "1884-1918"}}, {"type": "Feature", "geometry": {"type": "Polygon", "coordinates": [[[16.36887586, 48.19019567], [16.36884328, 48.19023693], [16.36870087, 48.19018394], [16.36870686, 48.19017698], [16.36873003, 48.19015008], [16.36878863, 48.19008202], [16.36878715, 48.19008148], [16.36879494, 48.19007224], [16.36880817, 48.19005656], [16.36881591, 48.19004739], [16.36881699, 48.19004793], [16.36881732, 48.19004754], [16.36882175, 48.19004234], [16.3688445, 48.19001561], [16.36884872, 48.19001065], [16.36885099, 48.19000799], [16.36885301, 48.19000889], [16.36885354, 48.19000826], [16.36892834, 48.1900327], [16.36890805, 48.19005842], [16.36895083, 48.19007352], [16.36885917, 48.19018974], [16.36887586, 48.19019567]]]}, "properties": {"id": 24146673, "bauperiode": "1884-1918"}}, {"type": "Feature", "geometry": {"type": "MultiPolygon", "coordinates": [[[[16.36536816, 48.18968019], [16.36537814, 48.18968033], [16.36540756, 48.18970045], [16.36541178, 48.18969735], [16.36542809, 48.18968534], [16.36546699, 48.18965673], [16.36546779, 48.18964719], [16.36544114, 48.18962049], [16.36546319, 48.18960619], [16.36553701, 48.18955807], [16.36556506, 48.1895398], [16.36556564, 48.18954051], [16.36556792, 48.18953961], [16.36565499, 48.18962631], [16.3656545, 48.18962651], [16.36565098, 48.18962793], [16.36564297, 48.18963117], [16.36565589, 48.18964381], [16.36565271, 48.18967689], [16.36563723, 48.18968855], [16.36564396, 48.18969295], [16.36564662, 48.18969469], [16.36564694, 48.1896949], [16.36546086, 48.18983172], [16.3654469, 48.18984198], [16.36544006, 48.18984703], [16.36531319, 48.18976981], [16.36533873, 48.18975102], [16.3653714, 48.18972699], [16.36534072, 48.18970586], [16.36534098, 48.18969309], [16.36536098, 48.18968009], [16.36536816, 48.18968019]], [[16.36534455, 48.18969555], [16.36536045, 48.18970648], [16.36538407, 48.18969113], [16.36536816, 48.18968019], [16.36534455, 48.18969555]]]]}, "properties": {"id": 24487868, "bauperiode": "1884-1918"}}, {"type": "Feature", "geometry": {"type": "Polygon", "coordinates": [[[16.3633202, 48.1756176], [16.36331566, 48.17561789], [16.36331349, 48.17560699], [16.36331071, 48.17558892], [16.36331622, 48.17558856], [16.36331069, 48.17554872], [16.36332803, 48.17554755], [16.36340144, 48.17554276], [16.36340213, 48.17554272], [16.36340221, 48.1755434], [16.36340276, 48.17554751], [16.36341142, 48.17561154], [16.3633202, 48.1756176]]]}, "properties": {"id": 19174739, "bauperiode": "1946-1976"}}, {"type": "Feature", "geometry": {"type": "Polygon", "coordinates": [[[16.36276966, 48.17562466], [16.36276415, 48.17562502], [16.36275848, 48.17558527], [16.36277462, 48.17558419], [16.36277138, 48.1755618], [16.36275524, 48.17556288], [16.36275133, 48.17553509], [16.36270239, 48.17553834], [16.3626951, 48.17548717], [16.36269038, 48.17545408], [16.36268107, 48.17538978], [16.3626964, 48.17538896], [16.36283394, 48.17538138], [16.36283853, 48.17541267], [16.36284771, 48.17547706], [16.36285499, 48.17552814], [16.36290192, 48.17552498], [16.36290354, 48.17553667], [16.36295302, 48.17553334], [16.3629514, 48.17552173], [16.36310347, 48.17551172], [16.36310509, 48.17552332], [16.3631547, 48.17552007], [16.36315065, 48.17549138], [16.36317741, 48.17548967], [16.36317255, 48.17545558], [16.36319272, 48.17545432], [16.36318367, 48.17538984], [16.36317976, 48.1753623], [16.36331865, 48.17535464], [16.36333223, 48.17535392], [16.36334019, 48.17541112], [16.36334492, 48.17544421], [16.36335207, 48.17549538], [16.36330367, 48.17549863], [16.36330758, 48.17552633], [16.36329145, 48.17552741], [16.36329455, 48.1755498], [16.36331069, 48.17554872], [16.36331622, 48.17558856], [16.36331071, 48.17558892], [16.36311709, 48.17560174], [16.36296462, 48.17561184], [16.36276966, 48.17562466]]]}, "properties": {"id": 19174735, "bauperiode": "1946-1976"}}, {"type": "Feature", "geometry": {"type": "Polygon", "coordinates": [[[16.36295302, 48.17553334], [16.36290354, 48.17553667], [16.36290192, 48.17552498], [16.36285499, 48.17552814], [16.36284771, 48.17547706], [16.36286774, 48.1754758], [16.36287273, 48.17550979], [16.36315065, 48.17549138], [16.3631547, 48.17552007], [16.36310509, 48.17552332], [16.36310347, 48.17551172], [16.3629514, 48.17552173], [16.36295302, 48.17553334]]]}, "properties": {"id": 19174762, "bauperiode": "1946-1976"}}, {"type": "Feature", "geometry": {"type": "Polygon", "coordinates": [[[16.36276868, 48.17565409], [16.36267692, 48.17566001], [16.36266719, 48.17559225], [16.36266705, 48.17559132], [16.36274114, 48.17558644], [16.36275848, 48.17558527], [16.36276415, 48.17562502], [16.36276966, 48.17562466], [16.36277243, 48.17564265], [16.36277402, 48.17565375], [16.36276868, 48.17565409]]]}, "properties": {"id": 19174724, "bauperiode": "1946-1976"}}, {"type": "Feature", "geometry": {"type": "Polygon", "coordinates": [[[16.36321977, 48.17562411], [16.36312141, 48.17563063], [16.36311709, 48.17560174], [16.36331071, 48.17558892], [16.36331349, 48.17560699], [16.36329954, 48.17560809], [16.36329633, 48.17560834], [16.36329784, 48.17561811], [16.36322571, 48.1756228], [16.36322436, 48.1756226], [16.36322426, 48.17562384], [16.36321977, 48.17562411]]]}, "properties": {"id": 19174734, "bauperiode": "1946-1976"}}, {"type": "Feature", "geometry": {"type": "Polygon", "coordinates": [[[16.36286405, 48.17564683], [16.36279256, 48.17565159], [16.362791, 48.17564103], [16.36278695, 48.17564138], [16.36277243, 48.17564265], [16.36276966, 48.17562466], [16.36296462, 48.17561184], [16.36296881, 48.1756408], [16.36296596, 48.17564099], [16.36287406, 48.17564707], [16.36286985, 48.17564736], [16.36286569, 48.17564771], [16.36286569, 48.1756463], [16.36286405, 48.17564683]]]}, "properties": {"id": 19174726, "bauperiode": "1946-1976"}}, {"type": "Feature", "geometry": {"type": "MultiPolygon", "coordinates": [[[[16.36815545, 48.18516622], [16.3680767, 48.1852595], [16.36799733, 48.18522957], [16.36798484, 48.18524442], [16.36797222, 48.18523964], [16.3679981, 48.18521084], [16.36794415, 48.18518916], [16.36793051, 48.18520433], [16.36785529, 48.18517592], [16.36782127, 48.18518187], [16.36779842, 48.18520526], [16.36766135, 48.18515358], [16.36765879, 48.18515251], [16.36778513, 48.18502351], [16.36804654, 48.18512265], [16.368065, 48.18512965], [16.36815477, 48.1851637], [16.36815343, 48.18516532], [16.36815545, 48.18516622]], [[16.36786656, 48.18514139], [16.36788607, 48.18514867], [16.36789897, 48.18513328], [16.3678796, 48.185126], [16.36786656, 48.18514139]], [[16.36801559, 48.18517732], [16.36800792, 48.18517444], [16.36799502, 48.18518982], [16.36800269, 48.1851927], [16.36801559, 48.18517732]]]]}, "properties": {"id": 23248281, "bauperiode": "1884-1918"}}, {"type": "Feature", "geometry": {"type": "MultiPolygon", "coordinates": [[[[16.37913612, 48.18860543], [16.37910771, 48.18872181], [16.37901787, 48.18871198], [16.37899338, 48.1887093], [16.37890461, 48.18869959], [16.3789038, 48.18870229], [16.3788392, 48.18869542], [16.3788313, 48.18869458], [16.37880559, 48.18866194], [16.37880814, 48.18865739], [16.3788311, 48.18861652], [16.37883541, 48.18861688], [16.3789035, 48.1885012], [16.37906436, 48.18851355], [16.37903992, 48.18855493], [16.37905727, 48.18855555], [16.37907248, 48.18857254], [16.37906604, 48.18858414], [16.37908433, 48.18858612], [16.37908165, 48.18859736], [16.37913666, 48.18860336], [16.37913612, 48.18860543]], [[16.37893063, 48.18861945], [16.3789535, 48.18862196], [16.37895993, 48.18859551], [16.37894567, 48.18859399], [16.37893063, 48.18861945]]]]}, "properties": {"id": 25543375, "bauperiode": "1884-1918"}}, {"type": "Feature", "geometry": {"type": "MultiPolygon", "coordinates": [[[[16.37784161, 48.18852476], [16.37784807, 48.18858369], [16.37782587, 48.18858118], [16.37782561, 48.18858235], [16.37780247, 48.18857984], [16.37777463, 48.18857697], [16.37775176, 48.18857446], [16.37775364, 48.18857141], [16.37769217, 48.18856504], [16.37769083, 48.18856729], [16.37768478, 48.18856666], [16.37768531, 48.18856334], [16.37765344, 48.1885602], [16.37765223, 48.1885629], [16.37764564, 48.18856254], [16.37764631, 48.18855993], [16.37758578, 48.18855321], [16.37752499, 48.18854676], [16.37752431, 48.18854937], [16.37751746, 48.18854874], [16.37751772, 48.18854523], [16.37748705, 48.18854209], [16.37748598, 48.18854533], [16.37747831, 48.18854444], [16.37747885, 48.18854138], [16.37742128, 48.18853546], [16.37742021, 48.18853834], [16.37739909, 48.18853574], [16.37737111, 48.18853287], [16.37735053, 48.18853045], [16.37735094, 48.18852865], [16.37737439, 48.18841929], [16.37737666, 48.18840886], [16.37737997, 48.18840923], [16.37745969, 48.18841814], [16.37746284, 48.18840428], [16.37742421, 48.18840135], [16.37741426, 48.18839225], [16.37741899, 48.18836897], [16.37743158, 48.18836231], [16.37746811, 48.18836571], [16.37747159, 48.18835087], [16.37739112, 48.18834214], [16.37739804, 48.18830897], [16.37741487, 48.18822825], [16.37741818, 48.18822861], [16.37756454, 48.18824455], [16.37757951, 48.18824618], [16.37781406, 48.18827173], [16.37782673, 48.18838938], [16.37779669, 48.18838612], [16.37776935, 48.18838316], [16.37776503, 48.18840031], [16.37779224, 48.18840329], [16.37780859, 48.18840561], [16.3778192, 48.18841438], [16.37781448, 48.18843572], [16.37780012, 48.18844158], [16.37776611, 48.18843792], [16.37776307, 48.18845206], [16.37783452, 48.18846011], [16.37783698, 48.18848257], [16.37784161, 48.18852476]], [[16.37761062, 48.18843501], [16.37770946, 48.18844607], [16.37772481, 48.18837833], [16.37752722, 48.1883569], [16.37751275, 48.18842407], [16.37761062, 48.18843501]]]]}, "properties": {"id": 23253049, "bauperiode": "1884-1918"}}, {"type": "Feature", "geometry": {"type": "MultiPolygon", "coordinates": [[[[16.38076451, 48.18885563], [16.38073833, 48.1889025], [16.38066435, 48.18889398], [16.38066489, 48.18889263], [16.38053139, 48.18887808], [16.38051098, 48.18887586], [16.38028504, 48.18885123], [16.38028451, 48.18885411], [16.38023684, 48.18884895], [16.38021162, 48.18884621], [16.38020723, 48.18884574], [16.38017404, 48.18884215], [16.38009257, 48.18883332], [16.38009377, 48.18883053], [16.37980308, 48.18879862], [16.37978157, 48.18879625], [16.3797142, 48.18878886], [16.37971379, 48.18879039], [16.37963928, 48.18878232], [16.37963955, 48.18878052], [16.37965721, 48.18867089], [16.37968034, 48.1886734], [16.3797074, 48.18856178], [16.37970795, 48.18855953], [16.37985415, 48.18856964], [16.37985361, 48.18857188], [16.37982735, 48.18868008], [16.37992917, 48.18869111], [16.37995637, 48.18857904], [16.37995691, 48.18857679], [16.3801097, 48.18858735], [16.38013808, 48.18858931], [16.38013756, 48.18859147], [16.3801086, 48.18871064], [16.38023167, 48.188724], [16.38026799, 48.18872794], [16.38030323, 48.1887317], [16.38030055, 48.18874322], [16.38033364, 48.1887468], [16.38034262, 48.18871028], [16.38032984, 48.18870885], [16.38035476, 48.18860659], [16.3803553, 48.18860434], [16.38040668, 48.18860792], [16.38045497, 48.18861123], [16.38053541, 48.18861684], [16.38050216, 48.18875339], [16.38061905, 48.18876603], [16.3806968, 48.18862804], [16.38086576, 48.1886706], [16.38086832, 48.18867114], [16.38084186, 48.18871792], [16.38083998, 48.18871747], [16.38076304, 48.18885509], [16.38076451, 48.18885563]], [[16.38038681, 48.18880263], [16.38045837, 48.18881034], [16.38046319, 48.18879019], [16.38039177, 48.18878248], [16.38038681, 48.18880263]], [[16.3799463, 48.18875369], [16.3800067, 48.18876033], [16.380013, 48.18873433], [16.3799526, 48.18872779], [16.3799463, 48.18875369]]]]}, "properties": {"id": 25543428, "bauperiode": "1884-1918"}}, {"type": "Feature", "geometry": {"type": "Polygon", "coordinates": [[[16.37616379, 48.18967346], [16.37606371, 48.18986247], [16.3760384, 48.18985705], [16.37600865, 48.18985069], [16.37600596, 48.18985006], [16.37609755, 48.18967708], [16.3760958, 48.18967664], [16.37610628, 48.18965685], [16.37610651, 48.18965642], [16.37611357, 48.18964314], [16.37611393, 48.18964245], [16.37612427, 48.18962267], [16.376214, 48.18964224], [16.37621319, 48.18964368], [16.37637639, 48.18967863], [16.37640368, 48.18968448], [16.37641524, 48.18968696], [16.37641499, 48.18968747], [16.3763947, 48.18972293], [16.37616379, 48.18967346]]]}, "properties": {"id": 23385457, "bauperiode": "1860-1883"}}, {"type": "Feature", "geometry": {"type": "Polygon", "coordinates": [[[16.37613789, 48.18983688], [16.37611816, 48.18987413], [16.37606371, 48.18986247], [16.37616379, 48.18967346], [16.3763947, 48.18972293], [16.37638287, 48.18974365], [16.37635962, 48.18973807], [16.37634488, 48.18973452], [16.37632949, 48.18976359], [16.37632628, 48.18976965], [16.37628836, 48.18976154], [16.37628316, 48.18977135], [16.37623831, 48.18976174], [16.37625081, 48.18973814], [16.37620595, 48.18972854], [16.37620076, 48.18973836], [16.37619442, 48.18973686], [16.37616589, 48.1897301], [16.37615355, 48.18975342], [16.3761789, 48.18975942], [16.37614912, 48.18981569], [16.37617447, 48.18982169], [16.37616325, 48.18984288], [16.37613789, 48.18983688]]]}, "properties": {"id": 23385485, "bauperiode": "1860-1883"}}, {"type": "Feature", "geometry": {"type": "Polygon", "coordinates": [[[16.37619802, 48.18979671], [16.37617242, 48.18984505], [16.37616325, 48.18984288], [16.37617447, 48.18982169], [16.37614912, 48.18981569], [16.3761789, 48.18975942], [16.37618208, 48.18976017], [16.37619442, 48.18973686], [16.37620076, 48.18973836], [16.37620595, 48.18972854], [16.37625081, 48.18973814], [16.37623831, 48.18976174], [16.37623028, 48.18977692], [16.37627427, 48.18978814], [16.37628316, 48.18977135], [16.37628836, 48.18976154], [16.37632628, 48.18976965], [16.37632949, 48.18976359], [16.37634488, 48.18973452], [16.37635962, 48.18973807], [16.37634372, 48.18976766], [16.37636613, 48.18977298], [16.37635367, 48.1897948], [16.37634491, 48.18981013], [16.37629476, 48.18979734], [16.37623439, 48.18978193], [16.3762061, 48.1897747], [16.37619487, 48.18979591], [16.37619802, 48.18979671]]]}, "properties": {"id": 23387454, "bauperiode": "1860-1883"}}, {"type": "Feature", "geometry": {"type": "Polygon", "coordinates": [[[16.36850154, 48.1867146], [16.36844722, 48.1867802], [16.36834431, 48.18673792], [16.36833207, 48.18673288], [16.36837131, 48.18669033], [16.36838638, 48.18669654], [16.36848798, 48.18658607], [16.36847883, 48.18658229], [16.36848676, 48.18657357], [16.36847775, 48.18656988], [16.36849199, 48.18655423], [16.36850114, 48.18655801], [16.368508, 48.18655045], [16.36851728, 48.18655423], [16.36852293, 48.18654804], [16.36852467, 48.18654613], [16.36852575, 48.18654541], [16.36853597, 48.1865499], [16.36853691, 48.18654918], [16.36859301, 48.1865721], [16.36860775, 48.18657829], [16.36862668, 48.18658625], [16.36865961, 48.18660008], [16.36871657, 48.18662401], [16.36872242, 48.18662647], [16.36872201, 48.18662701], [16.36871027, 48.18664006], [16.36869196, 48.18666039], [16.36867467, 48.18667959], [16.36861357, 48.18665486], [16.3685875, 48.18664431], [16.36857023, 48.18666376], [16.36855037, 48.1866556], [16.36853907, 48.18666925], [16.36852004, 48.18669223], [16.36850154, 48.1867146]]]}, "properties": {"id": 23249933, "bauperiode": "1884-1918"}}, {"type": "Feature", "geometry": {"type": "Polygon", "coordinates": [[[16.36854873, 48.18674227], [16.36849565, 48.18680011], [16.36844722, 48.1867802], [16.36850154, 48.1867146], [16.36854824, 48.18673333], [16.36855875, 48.18672074], [16.3685523, 48.18670401], [16.36852004, 48.18669223], [16.36853907, 48.18666925], [16.36856353, 48.1866796], [16.36858738, 48.18668945], [16.36860018, 48.18667285], [16.36861357, 48.18665486], [16.36867467, 48.18667959], [16.36867065, 48.18668404], [16.36864124, 48.18671661], [16.3685799, 48.18669135], [16.36856377, 48.18670908], [16.36856606, 48.18670979], [16.36856821, 48.18671078], [16.36857037, 48.18671186], [16.36857225, 48.18671303], [16.36857386, 48.18671438], [16.36857534, 48.18671582], [16.36857669, 48.18671735], [16.36857763, 48.18671896], [16.36857844, 48.18672058], [16.36857898, 48.18672229], [16.36857925, 48.18672409], [16.36857925, 48.1867258], [16.36857898, 48.18672751], [16.36857858, 48.18672922], [16.36857777, 48.18673093], [16.36857683, 48.18673254], [16.36857562, 48.18673407], [16.36857415, 48.18673551], [16.3685724, 48.18673686], [16.36857065, 48.18673812], [16.3685685, 48.1867392], [16.36856635, 48.1867401], [16.36856406, 48.18674091], [16.36856164, 48.18674163], [16.36855909, 48.18674208], [16.36855653, 48.18674235], [16.36855398, 48.18674253], [16.36855142, 48.18674253], [16.36854873, 48.18674227]]]}, "properties": {"id": 23249934, "bauperiode": "1884-1918"}}, {"type": "Feature", "geometry": {"type": "Polygon", "coordinates": [[[16.36673757, 48.18629273], [16.3667357, 48.18629463], [16.36660104, 48.18623576], [16.36660131, 48.1862354], [16.36663263, 48.18620337], [16.36666767, 48.18616753], [16.36667837, 48.18615658], [16.36674472, 48.18608868], [16.36683821, 48.18612957], [16.36687951, 48.18614764], [16.36685586, 48.18617184], [16.36688411, 48.18618424], [16.36688815, 48.18619818], [16.36690204, 48.18620426], [16.36690482, 48.18620548], [16.36682849, 48.18628372], [16.36682565, 48.18628247], [16.36677105, 48.18625856], [16.36674014, 48.18629013], [16.36673757, 48.18629273]]]}, "properties": {"id": 23248292, "bauperiode": "1884-1918"}}, {"type": "Feature", "geometry": {"type": "Polygon", "coordinates": [[[16.36704076, 48.18636847], [16.3669999, 48.18641021], [16.36684695, 48.18634334], [16.3668488, 48.18634143], [16.36687423, 48.18631537], [16.36686831, 48.18630116], [16.36682849, 48.18628372], [16.36690482, 48.18620548], [16.36694478, 48.18622299], [16.36695864, 48.1862291], [16.36699076, 48.18619626], [16.36712919, 48.18625684], [16.36714371, 48.18626322], [16.36710447, 48.18630334], [16.36708981, 48.18629696], [16.3670261, 48.186362], [16.36704076, 48.18636847]]]}, "properties": {"id": 23248296, "bauperiode": "1884-1918"}}, {"type": "Feature", "geometry": {"type": "Polygon", "coordinates": [[[16.37140695, 48.18791332], [16.37140526, 48.18791522], [16.3713497, 48.1878942], [16.37131338, 48.18788045], [16.37134845, 48.18784123], [16.37130527, 48.18782397], [16.37132509, 48.1878017], [16.37130977, 48.18779571], [16.37132228, 48.18778042], [16.37125559, 48.18775384], [16.37133286, 48.18766254], [16.37141815, 48.18769623], [16.37141936, 48.18769488], [16.37142098, 48.1876956], [16.37142259, 48.18769425], [16.37143568, 48.18769944], [16.37145419, 48.18770677], [16.37146658, 48.18771169], [16.37146537, 48.18771331], [16.37146752, 48.18771403], [16.37146618, 48.1877151], [16.37155282, 48.18774943], [16.37147205, 48.18784011], [16.37142577, 48.18782169], [16.37139849, 48.18785227], [16.37144477, 48.18787078], [16.37140695, 48.18791332]]]}, "properties": {"id": 23245006, "bauperiode": "1884-1918"}}, {"type": "Feature", "geometry": {"type": "Polygon", "coordinates": [[[16.36697511, 48.18923089], [16.36692004, 48.18927754], [16.36682782, 48.18922227], [16.36676236, 48.18927112], [16.36661691, 48.18918392], [16.36661637, 48.18918338], [16.36665982, 48.18915086], [16.36667347, 48.18914064], [16.36673642, 48.18909351], [16.36680479, 48.18913208], [16.36680256, 48.18913375], [16.36678837, 48.18914431], [16.36683277, 48.18917091], [16.36684821, 48.18915939], [16.36685038, 48.18915778], [16.36685321, 48.18915931], [16.36697511, 48.18923089]]]}, "properties": {"id": 24143821, "bauperiode": "1860-1883"}}, {"type": "Feature", "geometry": {"type": "Polygon", "coordinates": [[[16.3611675, 48.17021556], [16.36106439, 48.17022737], [16.3610279, 48.17008424], [16.36106486, 48.17007997], [16.36105651, 48.17004705], [16.3609628, 48.17005778], [16.36095405, 48.17002405], [16.36095378, 48.17002297], [16.36101172, 48.1700164], [16.36094639, 48.16976019], [16.36109454, 48.16974334], [16.36110505, 48.16978435], [16.36105907, 48.16978958], [16.36112238, 48.17003778], [16.36116849, 48.17003255], [16.36117738, 48.17006753], [16.36113114, 48.17007276], [16.3611675, 48.17021556]]]}, "properties": {"id": 21189037, "bauperiode": "1946-1976"}}, {"type": "Feature", "geometry": {"type": "Polygon", "coordinates": [[[16.3612275, 48.17028003], [16.36102544, 48.1703031], [16.36101795, 48.17027361], [16.36101493, 48.17026146], [16.36123138, 48.17023677], [16.36118372, 48.17005035], [16.36120661, 48.17004767], [16.36124282, 48.17004344], [16.36125306, 48.17004225], [16.36125738, 48.17004174], [16.36131259, 48.17025816], [16.36123394, 48.17026716], [16.3612244, 48.17026825], [16.3612275, 48.17028003]]]}, "properties": {"id": 21189008, "bauperiode": "1946-1976"}}, {"type": "Feature", "geometry": {"type": "Polygon", "coordinates": [[[16.36086692, 48.17028928], [16.3607876, 48.17029838], [16.36076598, 48.17021208], [16.36075883, 48.1701835], [16.36070961, 48.16998687], [16.36093802, 48.16996083], [16.36095378, 48.17002297], [16.36095405, 48.17002405], [16.3609628, 48.17005778], [16.36093336, 48.1700612], [16.36094171, 48.17009402], [16.36097129, 48.17009069], [16.36100631, 48.17022792], [16.36085561, 48.17024513], [16.36086692, 48.17028928]]]}, "properties": {"id": 21189009, "bauperiode": "1946-1976"}}, {"type": "Feature", "geometry": {"type": "Polygon", "coordinates": [[[16.36087138, 48.17028882], [16.36086692, 48.17028928], [16.36085561, 48.17024513], [16.36100631, 48.17022792], [16.36101493, 48.17026146], [16.36101795, 48.17027361], [16.36095794, 48.17027984], [16.36095462, 48.17028018], [16.36093843, 48.17028186], [16.36093511, 48.17028221], [16.36090852, 48.17028497], [16.3609052, 48.17028531], [16.36087471, 48.17028848], [16.36087138, 48.17028882]]]}, "properties": {"id": 21201785, "bauperiode": "1946-1976"}}, {"type": "Feature", "geometry": {"type": "Polygon", "coordinates": [[[16.39262829, 48.17352536], [16.39256756, 48.17353594], [16.39256398, 48.17352676], [16.39251443, 48.17353529], [16.39251118, 48.17353585], [16.39250917, 48.17353064], [16.39247035, 48.17342976], [16.39258264, 48.17341047], [16.39258444, 48.17341019], [16.39258646, 48.17340985], [16.39261352, 48.17340525], [16.3926156, 48.1734049], [16.39267428, 48.17339486], [16.39267456, 48.17339548], [16.39268529, 48.17350252], [16.39268563, 48.17350585], [16.39268236, 48.17350641], [16.39262477, 48.17351631], [16.39262829, 48.17352536]]]}, "properties": {"id": 26270176, "bauperiode": "1884-1918"}}, {"type": "Feature", "geometry": {"type": "Polygon", "coordinates": [[[16.39261404, 48.17363385], [16.39254899, 48.17364273], [16.39253172, 48.17359612], [16.39253499, 48.17359559], [16.39264114, 48.17357832], [16.39269824, 48.17356889], [16.39270152, 48.17356834], [16.39270863, 48.17359801], [16.39271392, 48.1736201], [16.39266472, 48.17362687], [16.39264119, 48.17363012], [16.39261404, 48.17363385]]]}, "properties": {"id": 26265719, "bauperiode": "1884-1918"}}, {"type": "Feature", "geometry": {"type": "Polygon", "coordinates": [[[16.38911268, 48.17254299], [16.38909507, 48.17254578], [16.38909295, 48.17253996], [16.38908141, 48.17250824], [16.38907066, 48.1724787], [16.38908827, 48.17247582], [16.38918734, 48.17245976], [16.38919919, 48.17245787], [16.38920337, 48.17246941], [16.38920667, 48.17247853], [16.38922361, 48.17252533], [16.38922269, 48.17252547], [16.38921944, 48.172526], [16.38921215, 48.1725272], [16.38911268, 48.17254299]]]}, "properties": {"id": 25687078, "bauperiode": "1884-1918"}}, {"type": "Feature", "geometry": {"type": "Polygon", "coordinates": [[[16.36704354, 48.18919334], [16.36698654, 48.1892376], [16.36697511, 48.18923089], [16.36685321, 48.18915931], [16.36685038, 48.18915778], [16.36686893, 48.18914392], [16.36682467, 48.18911732], [16.36680479, 48.18913208], [16.36673642, 48.18909351], [16.36680035, 48.18904571], [16.36681292, 48.1890363], [16.36687597, 48.18898915], [16.36687691, 48.18898987], [16.36700913, 48.1890636], [16.36701266, 48.18906556], [16.36701037, 48.18906726], [16.36695862, 48.18910595], [16.3669866, 48.18912276], [16.36698688, 48.18913103], [16.36696577, 48.18914678], [16.36704354, 48.18919334]]]}, "properties": {"id": 24143827, "bauperiode": "1860-1883"}}, {"type": "Feature", "geometry": {"type": "MultiPolygon", "coordinates": [[[[16.3874185, 48.18477318], [16.38741029, 48.18477975], [16.38640732, 48.18422009], [16.38638715, 48.18420897], [16.38639508, 48.18420197], [16.38639723, 48.18420024], [16.38651753, 48.18410365], [16.38653154, 48.18411146], [16.38653418, 48.18411294], [16.38662627, 48.18416432], [16.38743899, 48.18461781], [16.38754178, 48.18467517], [16.38742064, 48.18477148], [16.3874185, 48.18477318]], [[16.38733348, 48.18469046], [16.38740399, 48.18472946], [16.38746244, 48.18468231], [16.3873918, 48.18464331], [16.38733348, 48.18469046]], [[16.38646102, 48.18420368], [16.38653045, 48.18424349], [16.38659011, 48.18419706], [16.38652055, 48.18415716], [16.38646102, 48.18420368]]]]}, "properties": {"id": 26101864, "bauperiode": "1849-1859"}}, {"type": "Feature", "geometry": {"type": "Polygon", "coordinates": [[[16.38746244, 48.18468231], [16.38740399, 48.18472946], [16.38733348, 48.18469046], [16.3873918, 48.18464331], [16.38746244, 48.18468231]]]}, "properties": {"id": 26101867, "bauperiode": "1849-1859"}}, {"type": "Feature", "geometry": {"type": "Polygon", "coordinates": [[[16.38659011, 48.18419706], [16.38653045, 48.18424349], [16.38646102, 48.18420368], [16.38652055, 48.18415716], [16.38659011, 48.18419706]]]}, "properties": {"id": 26101887, "bauperiode": "1849-1859"}}, {"type": "Feature", "geometry": {"type": "Polygon", "coordinates": [[[16.38505679, 48.18978867], [16.38481896, 48.18981396], [16.38480823, 48.18976041], [16.38479636, 48.18970125], [16.38479433, 48.18969136], [16.38496526, 48.18967321], [16.38500843, 48.18966861], [16.38500627, 48.18965997], [16.38505885, 48.18965438], [16.38506088, 48.18966301], [16.38508874, 48.18978528], [16.38507744, 48.18978648], [16.38505679, 48.18978867]]]}, "properties": {"id": 23378418, "bauperiode": "1884-1918"}}, {"type": "Feature", "geometry": {"type": "Polygon", "coordinates": [[[16.36203123, 48.17680959], [16.36202129, 48.17681028], [16.36202083, 48.17680659], [16.36201256, 48.17674065], [16.36198642, 48.17653235], [16.36198632, 48.17653074], [16.3620835, 48.17652402], [16.36208231, 48.17651523], [16.36241536, 48.17649233], [16.3624619, 48.17648913], [16.36246356, 48.17649805], [16.36256062, 48.17649139], [16.36256115, 48.17649353], [16.36257461, 48.17658761], [16.3625724, 48.17658768], [16.36258362, 48.17666551], [16.36258399, 48.17666809], [16.36258648, 48.17668541], [16.36258688, 48.17668813], [16.36259855, 48.17676797], [16.36259717, 48.17677253], [16.36259708, 48.17677283], [16.36241138, 48.1767833], [16.36240157, 48.17671991], [16.36243856, 48.17671735], [16.36243646, 48.17670375], [16.36237866, 48.17670774], [16.36236608, 48.17662636], [16.36242387, 48.17662236], [16.36242154, 48.17660725], [16.36215464, 48.17662571], [16.36215697, 48.17664082], [16.36221483, 48.17663682], [16.36222742, 48.1767182], [16.36216956, 48.1767222], [16.36217167, 48.17673581], [16.36220357, 48.1767336], [16.36221337, 48.176797], [16.36203123, 48.17680959]]]}, "properties": {"id": 25219280, "bauperiode": "1884-1918"}}, {"type": "Feature", "geometry": {"type": "MultiPolygon", "coordinates": [[[[16.37181057, 48.18785619], [16.37167404, 48.18801649], [16.37167095, 48.18801578], [16.37152606, 48.18796096], [16.37152775, 48.18795901], [16.37155979, 48.1879221], [16.3715524, 48.18791887], [16.37150345, 48.18792832], [16.37148674, 48.18788957], [16.37153556, 48.18788011], [16.37153972, 48.18787543], [16.37146939, 48.18784745], [16.37146654, 48.18784632], [16.37147205, 48.18784011], [16.37155282, 48.18774943], [16.37155335, 48.18774853], [16.37156073, 48.18775149], [16.37157934, 48.18775896], [16.37172367, 48.18781683], [16.37172313, 48.18781773], [16.37174062, 48.18782519], [16.37174304, 48.18782285], [16.37174989, 48.18782556], [16.37175892, 48.18782913], [16.37180667, 48.18784801], [16.37181057, 48.18785619]], [[16.37163279, 48.18787549], [16.3716145, 48.18786875], [16.37157617, 48.18787614], [16.37158978, 48.18790752], [16.3716281, 48.18790014], [16.37163818, 48.1878879], [16.37163279, 48.18787549]]]]}, "properties": {"id": 23244976, "bauperiode": "1884-1918"}}, {"type": "Feature", "geometry": {"type": "Polygon", "coordinates": [[[16.37684298, 48.18787646], [16.37679772, 48.18796012], [16.37665354, 48.18794776], [16.37666018, 48.18793547], [16.37666401, 48.18792842], [16.37663294, 48.18792213], [16.37661738, 48.18792681], [16.37660097, 48.18792349], [16.37657529, 48.18791829], [16.3764303, 48.18788895], [16.37647011, 48.18780096], [16.37660142, 48.18782755], [16.37660449, 48.18782816], [16.37662418, 48.18783215], [16.3766274, 48.18783281], [16.37684298, 48.18787646]]]}, "properties": {"id": 23246120, "bauperiode": "1884-1918"}}, {"type": "Feature", "geometry": {"type": "Polygon", "coordinates": [[[16.37671788, 48.18884906], [16.37669647, 48.18888977], [16.37652688, 48.18884686], [16.37653166, 48.18883769], [16.37655667, 48.1887911], [16.37658036, 48.18874519], [16.37658806, 48.18873051], [16.37659188, 48.18872327], [16.37674279, 48.18875903], [16.37676274, 48.18876375], [16.37674006, 48.18880689], [16.37674258, 48.18880847], [16.3767446, 48.18881], [16.37674648, 48.18881162], [16.37674823, 48.18881332], [16.37674971, 48.18881512], [16.37675092, 48.18881701], [16.37675187, 48.18881899], [16.37675254, 48.18882097], [16.37675295, 48.18882304], [16.37675308, 48.1888251], [16.37675295, 48.18882717], [16.37675268, 48.18882915], [16.37675201, 48.18883122], [16.37675107, 48.1888332], [16.37675, 48.18883509], [16.37674852, 48.18883689], [16.37674691, 48.18883869], [16.37674516, 48.18884031], [16.37674301, 48.18884184], [16.37674086, 48.18884327], [16.37673844, 48.18884453], [16.37673575, 48.18884571], [16.37673306, 48.1888467], [16.37673024, 48.18884751], [16.37672728, 48.18884814], [16.37672432, 48.18884859], [16.37672136, 48.18884886], [16.37671788, 48.18884906]]]}, "properties": {"id": 23248878, "bauperiode": "1860-1883"}}, {"type": "Feature", "geometry": {"type": "Polygon", "coordinates": [[[16.37722027, 48.18791425], [16.37720947, 48.18793662], [16.37718787, 48.18793128], [16.37715818, 48.18792394], [16.37704769, 48.18789663], [16.37704782, 48.18789636], [16.37704802, 48.187896], [16.37709715, 48.18780365], [16.37710417, 48.18779045], [16.37710463, 48.18778959], [16.37710726, 48.18778465], [16.37711809, 48.18776432], [16.37712057, 48.18775966], [16.37713901, 48.18776414], [16.37720287, 48.18777967], [16.37725771, 48.187793], [16.37729, 48.18780085], [16.3772728, 48.18783998], [16.37726434, 48.18783792], [16.3772612, 48.18784335], [16.3772502, 48.18784697], [16.37723976, 48.18785128], [16.37722999, 48.18785624], [16.37722099, 48.18786181], [16.3771826, 48.18785225], [16.37717322, 48.18786906], [16.3772116, 48.18787862], [16.37721552, 48.18790476], [16.37721157, 48.1879124], [16.37722027, 48.18791425]]]}, "properties": {"id": 23252959, "bauperiode": "1884-1918"}}, {"type": "Feature", "geometry": {"type": "MultiPolygon", "coordinates": [[[[16.37752243, 48.18796071], [16.37752221, 48.18796295], [16.37747927, 48.18796243], [16.37747588, 48.18796239], [16.37744821, 48.18796205], [16.37735508, 48.18796091], [16.377355, 48.18793656], [16.37731434, 48.18792925], [16.37734001, 48.18787974], [16.37733737, 48.18787935], [16.37734754, 48.18786106], [16.37734084, 48.18785939], [16.37736385, 48.18786019], [16.37736886, 48.18781924], [16.37738302, 48.1878199], [16.37747312, 48.18782405], [16.37753308, 48.18782682], [16.37753582, 48.18782694], [16.37752243, 48.18796071]], [[16.37737993, 48.1879093], [16.3774247, 48.18791145], [16.37742663, 48.18789346], [16.37738186, 48.18789131], [16.37737993, 48.1879093]]]]}, "properties": {"id": 23252960, "bauperiode": "1884-1918"}}, {"type": "Feature", "geometry": {"type": "Polygon", "coordinates": [[[16.37791051, 48.18791477], [16.37790755, 48.18796512], [16.37777932, 48.18796375], [16.37772773, 48.1879632], [16.37772779, 48.18796095], [16.37773089, 48.18783425], [16.37787346, 48.18784178], [16.37787698, 48.18784197], [16.37791466, 48.18784396], [16.37791453, 48.18784621], [16.37791051, 48.18791477]]]}, "properties": {"id": 23252961, "bauperiode": "1884-1918"}}, {"type": "Feature", "geometry": {"type": "Polygon", "coordinates": [[[16.37731434, 48.18792925], [16.37731201, 48.18793374], [16.37722027, 48.18791425], [16.37721157, 48.1879124], [16.37721552, 48.18790476], [16.3772116, 48.18787862], [16.37722099, 48.18786181], [16.37722999, 48.18785624], [16.37723976, 48.18785128], [16.3772502, 48.18784697], [16.3772612, 48.18784335], [16.37726434, 48.18783792], [16.3772728, 48.18783998], [16.37728674, 48.18784339], [16.37728783, 48.1878475], [16.37729079, 48.18784653], [16.37729386, 48.18784573], [16.37729703, 48.18784511], [16.37730027, 48.18784468], [16.37730356, 48.18784443], [16.37730686, 48.18784438], [16.37731016, 48.18784452], [16.37731343, 48.18784485], [16.37731664, 48.18784537], [16.37731978, 48.18784607], [16.37732281, 48.18784696], [16.37732571, 48.18784801], [16.37732847, 48.18784923], [16.37733106, 48.1878506], [16.37733346, 48.18785212], [16.37733566, 48.18785377], [16.37733763, 48.18785554], [16.37733936, 48.18785742], [16.37734084, 48.18785939], [16.37734754, 48.18786106], [16.37733737, 48.18787935], [16.37734001, 48.18787974], [16.37731434, 48.18792925]]]}, "properties": {"id": 23252956, "bauperiode": "1884-1918"}}, {"type": "Feature", "geometry": {"type": "Polygon", "coordinates": [[[16.37595822, 48.18864588], [16.37593953, 48.18865299], [16.3759168, 48.18865048], [16.37590469, 48.18864005], [16.37590616, 48.18863411], [16.37587119, 48.18863026], [16.37587347, 48.18862082], [16.37578887, 48.18861194], [16.37579602, 48.18859855], [16.37583923, 48.18851785], [16.37584568, 48.18850589], [16.3759362, 48.18851566], [16.37593646, 48.18851503], [16.37594817, 48.18851638], [16.37594803, 48.18851692], [16.37596471, 48.18851871], [16.37596485, 48.18851799], [16.37597655, 48.18851934], [16.37597641, 48.18851997], [16.37597965, 48.1885203], [16.37599916, 48.18852231], [16.37600157, 48.18852256], [16.37600183, 48.18852193], [16.37601327, 48.1885231], [16.376013, 48.18852382], [16.37602995, 48.18852561], [16.37603021, 48.18852507], [16.37604192, 48.18852624], [16.37604178, 48.18852687], [16.37613177, 48.18853637], [16.37607576, 48.18863954], [16.37607402, 48.18864269], [16.37607065, 48.18864233], [16.37599869, 48.18863453], [16.37599641, 48.18864398], [16.37598458, 48.18864272], [16.37595969, 48.18863994], [16.37595822, 48.18864588]]]}, "properties": {"id": 23245970, "bauperiode": "1860-1883"}}, {"type": "Feature", "geometry": {"type": "MultiPolygon", "coordinates": [[[[16.37616071, 48.19012753], [16.37615856, 48.19013086], [16.37613946, 48.190127], [16.37611484, 48.19012206], [16.37601073, 48.19010115], [16.37600853, 48.19009829], [16.37599174, 48.19007642], [16.37599042, 48.19007661], [16.37598909, 48.19007678], [16.37598775, 48.19007693], [16.37598639, 48.19007705], [16.37598502, 48.19007715], [16.37598363, 48.19007722], [16.37598225, 48.19007728], [16.37598085, 48.19007731], [16.37597945, 48.19007731], [16.37597804, 48.19007729], [16.37597664, 48.19007724], [16.37597524, 48.19007717], [16.37597383, 48.19007708], [16.37597244, 48.19007696], [16.37597104, 48.19007681], [16.37596966, 48.19007664], [16.37596829, 48.19007645], [16.37596693, 48.19007622], [16.37596557, 48.19007598], [16.37596424, 48.1900757], [16.37596292, 48.19007541], [16.37596161, 48.19007508], [16.37596109, 48.19007494], [16.37596056, 48.1900748], [16.37596005, 48.19007464], [16.37595954, 48.19007448], [16.37595904, 48.19007432], [16.37595856, 48.19007415], [16.37595808, 48.19007398], [16.3759576, 48.1900738], [16.37595713, 48.19007361], [16.37595666, 48.19007342], [16.37595621, 48.19007323], [16.37595575, 48.19007303], [16.37595529, 48.19007283], [16.37595485, 48.19007262], [16.3759544, 48.19007241], [16.37595397, 48.19007218], [16.37595353, 48.19007196], [16.3759531, 48.19007173], [16.37595267, 48.1900715], [16.37595224, 48.19007126], [16.37595182, 48.19007102], [16.37595139, 48.19007077], [16.37595094, 48.19007051], [16.3759505, 48.19007024], [16.37595006, 48.19006998], [16.37594961, 48.19006971], [16.37594918, 48.19006945], [16.37594875, 48.19006918], [16.37594832, 48.19006891], [16.3759479, 48.19006864], [16.37594747, 48.19006837], [16.37594706, 48.1900681], [16.37594665, 48.19006782], [16.37594623, 48.19006754], [16.37594583, 48.19006726], [16.37594543, 48.19006698], [16.37594504, 48.19006669], [16.37594463, 48.1900664], [16.37594426, 48.1900661], [16.37594387, 48.19006581], [16.37594349, 48.1900655], [16.37594311, 48.1900652], [16.37594274, 48.19006488], [16.37594237, 48.19006457], [16.37593292, 48.19005116], [16.37593268, 48.19005081], [16.3759325, 48.19005045], [16.37593233, 48.19005009], [16.37593217, 48.19004973], [16.37593195, 48.19004925], [16.37593174, 48.19004877], [16.37593155, 48.19004828], [16.37593136, 48.1900478], [16.37593118, 48.19004732], [16.375931, 48.19004684], [16.37593087, 48.19004648], [16.37593074, 48.19004611], [16.37593056, 48.19004563], [16.37593039, 48.19004515], [16.37593021, 48.19004467], [16.37593004, 48.19004418], [16.37592986, 48.19004369], [16.37592971, 48.1900432], [16.37592959, 48.19004284], [16.37592952, 48.19004258], [16.37592942, 48.19004222], [16.37592931, 48.19004173], [16.37592921, 48.19004124], [16.37592913, 48.19004075], [16.37592908, 48.19004038], [16.37592904, 48.19004002], [16.37592902, 48.19003953], [16.37592901, 48.19003916], [16.37592903, 48.19003879], [16.37592914, 48.19003773], [16.3759293, 48.19003678], [16.37592953, 48.19003584], [16.37592981, 48.1900349], [16.37593015, 48.19003396], [16.37593055, 48.19003303], [16.37593101, 48.1900321], [16.37593151, 48.19003117], [16.37593206, 48.19003025], [16.37593266, 48.19002934], [16.37593331, 48.19002843], [16.37593399, 48.19002752], [16.37593472, 48.19002662], [16.3759355, 48.19002573], [16.3759363, 48.19002485], [16.37593715, 48.19002397], [16.37593804, 48.19002311], [16.37593895, 48.19002225], [16.37593989, 48.1900214], [16.37594086, 48.19002056], [16.37594187, 48.19001974], [16.37594289, 48.19001892], [16.37594394, 48.19001812], [16.37594501, 48.19001733], [16.3759461, 48.19001654], [16.37593063, 48.18999469], [16.3759286, 48.18999177], [16.37600421, 48.18985069], [16.37600824, 48.18985149], [16.37600865, 48.18985069], [16.3760384, 48.18985705], [16.3759559, 48.19001954], [16.37595342, 48.19002064], [16.37595113, 48.19002182], [16.37594896, 48.19002309], [16.37594692, 48.19002446], [16.37594503, 48.19002591], [16.37594328, 48.19002744], [16.37594168, 48.19002905], [16.37594025, 48.19003073], [16.37593899, 48.19003246], [16.3759379, 48.19003425], [16.37593727, 48.19003548], [16.37593672, 48.19003673], [16.37593626, 48.19003799], [16.37593588, 48.19003926], [16.37593559, 48.19004054], [16.37593538, 48.19004183], [16.37593526, 48.19004313], [16.37593522, 48.19004443], [16.37593528, 48.19004572], [16.37593541, 48.19004702], [16.37593564, 48.19004831], [16.37593595, 48.19004959], [16.37593636, 48.19005092], [16.37593687, 48.19005223], [16.37593746, 48.19005353], [16.37593815, 48.19005481], [16.37593893, 48.19005606], [16.37593979, 48.19005729], [16.37594074, 48.19005849], [16.37594177, 48.19005966], [16.37594288, 48.1900608], [16.37594407, 48.1900619], [16.37594533, 48.19006297], [16.37594667, 48.19006398], [16.37594807, 48.19006495], [16.37594954, 48.19006588], [16.37595108, 48.19006676], [16.37595267, 48.19006759], [16.37595432, 48.19006837], [16.37595602, 48.1900691], [16.37595777, 48.19006977], [16.37595957, 48.19007039], [16.37596141, 48.19007095], [16.37596328, 48.19007146], [16.37596519, 48.19007191], [16.37596705, 48.19007228], [16.37596894, 48.1900726], [16.37597085, 48.19007286], [16.37597277, 48.19007306], [16.37597471, 48.19007321], [16.37597665, 48.1900733], [16.3759786, 48.19007333], [16.37598054, 48.1900733], [16.37598248, 48.19007322], [16.37598442, 48.19007307], [16.37598634, 48.19007287], [16.37598825, 48.19007261], [16.37599014, 48.19007229], [16.37599279, 48.19007175], [16.37599538, 48.19007109], [16.3759979, 48.19007032], [16.37600035, 48.19006945], [16.37600271, 48.19006848], [16.37600497, 48.1900674], [16.37600712, 48.19006624], [16.37600916, 48.19006498], [16.37601107, 48.19006364], [16.37601286, 48.19006222], [16.3760145, 48.19006073], [16.376016, 48.19005917], [16.37601735, 48.19005755], [16.37601854, 48.19005588], [16.37601957, 48.19005415], [16.3760205, 48.19005223], [16.37602123, 48.19005026], [16.37602175, 48.19004827], [16.37602207, 48.19004625], [16.37602218, 48.19004423], [16.37602207, 48.19004225], [16.37603437, 48.19004442], [16.3760807, 48.19003148], [16.37609538, 48.19000231], [16.37606217, 48.18999468], [16.37606971, 48.18997795], [16.37609658, 48.18998832], [16.37613349, 48.189957], [16.37612334, 48.18997592], [16.37614555, 48.19000514], [16.37622115, 48.19002059], [16.37622438, 48.19002125], [16.37622415, 48.19002164], [16.37618979, 48.19008183], [16.37616313, 48.19012852], [16.37616071, 48.19012753]], [[16.37608599, 48.19002836], [16.37610482, 48.19003277], [16.37611059, 48.19001999], [16.37608599, 48.19002836]]]]}, "properties": {"id": 23385491, "bauperiode": "1860-1883"}}, {"type": "Feature", "geometry": {"type": "Polygon", "coordinates": [[[16.37595833, 48.19001861], [16.3759559, 48.19001954], [16.3760384, 48.18985705], [16.37606371, 48.18986247], [16.37611816, 48.18987413], [16.37614566, 48.18988001], [16.37611847, 48.1899278], [16.37611777, 48.18992634], [16.37611657, 48.1899244], [16.37611511, 48.18992254], [16.37611342, 48.18992078], [16.37611151, 48.18991912], [16.37610939, 48.18991758], [16.37610707, 48.18991617], [16.37610457, 48.1899149], [16.37610192, 48.18991378], [16.37609913, 48.18991282], [16.37609623, 48.18991203], [16.37609338, 48.18991144], [16.37609047, 48.18991101], [16.37608751, 48.18991075], [16.37608454, 48.18991065], [16.37608156, 48.18991072], [16.3760786, 48.18991095], [16.37607567, 48.18991134], [16.37607281, 48.1899119], [16.37607003, 48.18991262], [16.37606735, 48.18991349], [16.37606478, 48.18991451], [16.37606235, 48.18991566], [16.37606008, 48.18991695], [16.37605797, 48.18991836], [16.37605604, 48.18991988], [16.37604115, 48.18991692], [16.3759898, 48.19001618], [16.37598802, 48.19001588], [16.3759849, 48.1900155], [16.37598174, 48.19001528], [16.37597857, 48.19001521], [16.3759754, 48.1900153], [16.37597225, 48.19001554], [16.37596913, 48.19001593], [16.37596633, 48.19001642], [16.3759636, 48.19001703], [16.37596092, 48.19001776], [16.37595833, 48.19001861]]]}, "properties": {"id": 23385488, "bauperiode": "1860-1883"}}, {"type": "Feature", "geometry": {"type": "Polygon", "coordinates": [[[16.3760807, 48.19003148], [16.37603437, 48.19004442], [16.37602207, 48.19004225], [16.37602176, 48.19004019], [16.37602123, 48.19003819], [16.3760205, 48.19003623], [16.37601957, 48.1900343], [16.37601844, 48.19003242], [16.37601711, 48.1900306], [16.3760156, 48.19002885], [16.37601391, 48.19002717], [16.37601205, 48.19002557], [16.37600992, 48.19002399], [16.37600762, 48.19002253], [16.37600517, 48.19002118], [16.37600258, 48.19001996], [16.37599986, 48.19001886], [16.37599703, 48.1900179], [16.3759941, 48.19001708], [16.3759911, 48.19001641], [16.3759898, 48.19001618], [16.37604115, 48.18991692], [16.37605604, 48.18991988], [16.37605797, 48.18991836], [16.37606008, 48.18991695], [16.37606235, 48.18991566], [16.37606478, 48.18991451], [16.37606735, 48.18991349], [16.37607003, 48.18991262], [16.37607281, 48.1899119], [16.37607567, 48.18991134], [16.3760786, 48.18991095], [16.37608156, 48.18991072], [16.37608454, 48.18991065], [16.37608751, 48.18991075], [16.37609047, 48.18991101], [16.37609338, 48.18991144], [16.37609623, 48.18991203], [16.37609913, 48.18991282], [16.37610192, 48.18991378], [16.37610457, 48.1899149], [16.37610707, 48.18991617], [16.37610939, 48.18991758], [16.37611151, 48.18991912], [16.37611342, 48.18992078], [16.37611511, 48.18992254], [16.37611657, 48.1899244], [16.37611777, 48.18992634], [16.37611847, 48.1899278], [16.37611871, 48.18992834], [16.37611939, 48.18993038], [16.37611979, 48.18993246], [16.37611993, 48.18993456], [16.37611978, 48.18993665], [16.37611278, 48.18994922], [16.37613442, 48.18995527], [16.37613349, 48.189957], [16.37609658, 48.18998832], [16.37606971, 48.18997795], [16.37606217, 48.18999468], [16.37609538, 48.19000231], [16.3760807, 48.19003148]]]}, "properties": {"id": 23383154, "bauperiode": "1860-1883"}}, {"type": "Feature", "geometry": {"type": "Polygon", "coordinates": [[[16.36716192, 48.17439823], [16.36695801, 48.17441249], [16.36693278, 48.17427049], [16.36700928, 48.17426508], [16.36702574, 48.17435806], [16.36715409, 48.17434912], [16.36716192, 48.17439823]]]}, "properties": {"id": 25087879, "bauperiode": "1884-1918"}}, {"type": "Feature", "geometry": {"type": "Polygon", "coordinates": [[[16.36711832, 48.17445341], [16.36691141, 48.17446776], [16.3668847, 48.17445335], [16.36686051, 48.17429675], [16.36685811, 48.17428118], [16.36685732, 48.174276], [16.36685847, 48.17427576], [16.36693278, 48.17427049], [16.36695801, 48.17441249], [16.36716192, 48.17439823], [16.36716559, 48.17442125], [16.36711331, 48.17442459], [16.36711832, 48.17445341]]]}, "properties": {"id": 25087871, "bauperiode": "1884-1918"}}, {"type": "Feature", "geometry": {"type": "Polygon", "coordinates": [[[16.36687223, 48.17567192], [16.36672831, 48.17568195], [16.36672115, 48.17563672], [16.36672263, 48.17562287], [16.36670353, 48.1756137], [16.36668552, 48.175628], [16.36669534, 48.17563295], [16.36669534, 48.17563367], [16.36669507, 48.17563547], [16.36669467, 48.17563726], [16.36669386, 48.17563906], [16.36669279, 48.17564068], [16.36669158, 48.1756423], [16.3666901, 48.17564383], [16.36668835, 48.17564527], [16.36668647, 48.17564653], [16.36668445, 48.1756477], [16.36668217, 48.17564878], [16.36667975, 48.17564959], [16.36667733, 48.17565031], [16.36667464, 48.17565085], [16.36667195, 48.17565121], [16.36666926, 48.17565139], [16.36666657, 48.17565139], [16.36666388, 48.17565121], [16.36666119, 48.17565085], [16.36665864, 48.1756504], [16.36665608, 48.17564968], [16.36665366, 48.17564879], [16.36665151, 48.1756478], [16.36664936, 48.17564663], [16.36664748, 48.17564537], [16.36664573, 48.17564402], [16.36664425, 48.17564249], [16.3666429, 48.17564087], [16.36664196, 48.17563917], [16.36664115, 48.17563746], [16.36664061, 48.17563566], [16.36663872, 48.17562397], [16.36661219, 48.17562576], [16.36660325, 48.17556869], [16.36659693, 48.17552835], [16.3665975, 48.17552831], [16.36660447, 48.17552783], [16.36683957, 48.17551139], [16.36683924, 48.17551207], [16.36684063, 48.17551217], [16.366842, 48.17551239], [16.36684318, 48.17551266], [16.36684426, 48.1755131], [16.36684511, 48.17551373], [16.36684571, 48.17551447], [16.36684628, 48.17551533], [16.36684668, 48.17551623], [16.36684794, 48.17551619], [16.36686869, 48.1756492], [16.36687136, 48.17566638], [16.36687223, 48.17567192]]]}, "properties": {"id": 25087747, "bauperiode": "1884-1918"}}, {"type": "Feature", "geometry": {"type": "Polygon", "coordinates": [[[16.36461527, 48.17583792], [16.36461374, 48.17583803], [16.36461267, 48.17583125], [16.36461052, 48.17581771], [16.36458732, 48.17567145], [16.36458908, 48.17567134], [16.3645965, 48.17566546], [16.36459611, 48.17566442], [16.36474541, 48.17565499], [16.36486692, 48.17564693], [16.36486709, 48.17564833], [16.36488357, 48.17575536], [16.36488446, 48.1757611], [16.36485274, 48.17576355], [16.36485373, 48.17577003], [16.36482697, 48.17577192], [16.36482601, 48.17576562], [16.36477987, 48.1757692], [16.36477455, 48.17577359], [16.36476937, 48.1757741], [16.36477254, 48.17579402], [16.36479599, 48.17579244], [16.36479768, 48.17580305], [16.36477885, 48.17580431], [16.36478209, 48.17582545], [16.36461527, 48.17583792]]]}, "properties": {"id": 25219187, "bauperiode": "1884-1918"}}, {"type": "Feature", "geometry": {"type": "MultiPolygon", "coordinates": [[[[16.36944278, 48.1871098], [16.36939924, 48.1871585], [16.36925933, 48.18710296], [16.36928406, 48.1870749], [16.36928137, 48.18707382], [16.36927868, 48.18707265], [16.36927626, 48.1870713], [16.36927397, 48.18706977], [16.36927195, 48.18706815], [16.36927007, 48.18706645], [16.36926845, 48.18706465], [16.36926697, 48.18706276], [16.36926576, 48.18706078], [16.36926482, 48.1870588], [16.36926414, 48.18705674], [16.36926374, 48.18705458], [16.3692636, 48.18705251], [16.36926374, 48.18705035], [16.369264, 48.18704828], [16.36926467, 48.18704621], [16.36926561, 48.18704414], [16.36926669, 48.18704217], [16.36926803, 48.18704028], [16.36926965, 48.18703848], [16.36927153, 48.18703668], [16.36927354, 48.18703506], [16.36927583, 48.18703362], [16.36927825, 48.18703218], [16.3692808, 48.18703101], [16.36928349, 48.18702984], [16.36928632, 48.18702894], [16.36928927, 48.18702822], [16.36929237, 48.18702759], [16.36929546, 48.18702714], [16.36929855, 48.18702687], [16.36930178, 48.18702678], [16.36930487, 48.18702687], [16.3693081, 48.18702713], [16.3693112, 48.18702758], [16.36931415, 48.18702821], [16.36931711, 48.18702893], [16.36931994, 48.18702992], [16.36932276, 48.187031], [16.3693405, 48.18701076], [16.36924148, 48.18697122], [16.36923853, 48.18697005], [16.36932562, 48.18687182], [16.36955202, 48.18696249], [16.36955862, 48.18698021], [16.3694551, 48.187096], [16.36944278, 48.1871098]], [[16.36940451, 48.18699482], [16.36943397, 48.18700641], [16.36945144, 48.18698653], [16.36942185, 48.18697494], [16.36940451, 48.18699482]]]]}, "properties": {"id": 23245179, "bauperiode": "1884-1918"}}, {"type": "Feature", "geometry": {"type": "Polygon", "coordinates": [[[16.37482985, 48.17886224], [16.37469915, 48.17886281], [16.37469911, 48.17880363], [16.37476244, 48.17880361], [16.37491896, 48.17880362], [16.37491802, 48.17886186], [16.37482985, 48.17886224]]]}, "properties": {"id": 19064913, "bauperiode": "1860-1883"}}, {"type": "Feature", "geometry": {"type": "MultiPolygon", "coordinates": [[[[16.37471211, 48.17907685], [16.37471193, 48.17908119], [16.37464674, 48.17908046], [16.37462134, 48.17908018], [16.37455679, 48.17907945], [16.37455618, 48.17907516], [16.37435401, 48.17907293], [16.37435517, 48.17893925], [16.37435526, 48.17892975], [16.3746992, 48.17893098], [16.37469915, 48.17886281], [16.37482985, 48.17886224], [16.37491802, 48.17886186], [16.37491763, 48.17888686], [16.37491734, 48.17890405], [16.37491601, 48.17898746], [16.37492203, 48.17898812], [16.37492294, 48.17907919], [16.37471211, 48.17907685]], [[16.37475384, 48.17898996], [16.3747841, 48.17899031], [16.37478475, 48.17896126], [16.37470635, 48.17896038], [16.3747057, 48.17898943], [16.37473771, 48.17898978], [16.37475384, 48.17898996]]]]}, "properties": {"id": 19064925, "bauperiode": "1860-1883"}}, {"type": "Feature", "geometry": {"type": "Polygon", "coordinates": [[[16.39258265, 48.17518427], [16.39244297, 48.17520543], [16.39242423, 48.17514672], [16.39240243, 48.17515018], [16.39240108, 48.17514589], [16.39239712, 48.17513331], [16.39235834, 48.17514302], [16.392327, 48.17512784], [16.39231784, 48.17510283], [16.3922968, 48.17510709], [16.39228597, 48.17510911], [16.39227942, 48.17509492], [16.39219107, 48.17511284], [16.39215799, 48.1750425], [16.39214729, 48.17501949], [16.39214724, 48.17501884], [16.39220877, 48.175007], [16.3922088, 48.17500738], [16.39243457, 48.17496401], [16.39243444, 48.17496318], [16.39249746, 48.17495123], [16.3924982, 48.17495182], [16.39249956, 48.17495182], [16.39250091, 48.17495191], [16.39250215, 48.17495207], [16.39250336, 48.17495236], [16.39250444, 48.17495282], [16.39250538, 48.17495339], [16.39250631, 48.17495406], [16.39250714, 48.17495479], [16.39250827, 48.17495495], [16.39252491, 48.17500595], [16.39252422, 48.17500602], [16.392548, 48.1750772], [16.39255337, 48.17509329], [16.39258372, 48.17518413], [16.39258265, 48.17518427]]]}, "properties": {"id": 26265012, "bauperiode": "1884-1918"}}, {"type": "Feature", "geometry": {"type": "Polygon", "coordinates": [[[16.37280655, 48.18776793], [16.37280534, 48.18777008], [16.37264514, 48.18772958], [16.37264631, 48.1877275], [16.37273486, 48.18757073], [16.37288755, 48.18760933], [16.37289507, 48.18761123], [16.37289385, 48.18761339], [16.37286001, 48.18767339], [16.37285261, 48.1876715], [16.37283085, 48.18771], [16.37283825, 48.18771189], [16.37280655, 48.18776793]]]}, "properties": {"id": 23246181, "bauperiode": "1884-1918"}}, {"type": "Feature", "geometry": {"type": "Polygon", "coordinates": [[[16.3731054, 48.18776252], [16.37306415, 48.18783547], [16.37290147, 48.18779432], [16.37290263, 48.18779227], [16.3729343, 48.18773623], [16.37283825, 48.18771189], [16.37283085, 48.18771], [16.37285261, 48.1876715], [16.37286001, 48.18767339], [16.37292848, 48.18769063], [16.37295606, 48.18769764], [16.37296532, 48.18768118], [16.37298999, 48.18763764], [16.37299117, 48.18763556], [16.37315388, 48.1876768], [16.37315041, 48.18768293], [16.37314765, 48.18768218], [16.37314694, 48.18768345], [16.37313385, 48.18770654], [16.37313321, 48.18770765], [16.37313601, 48.1877084], [16.37313338, 48.18771306], [16.37311216, 48.18775058], [16.3731054, 48.18776252]]]}, "properties": {"id": 23246166, "bauperiode": "1884-1918"}}, {"type": "Feature", "geometry": {"type": "MultiPolygon", "coordinates": [[[[16.37235112, 48.18909213], [16.37225874, 48.18925693], [16.37210391, 48.18921327], [16.37208817, 48.18920887], [16.37210939, 48.189171], [16.37207805, 48.1891631], [16.37207159, 48.18916148], [16.37209523, 48.1891193], [16.37209846, 48.18911345], [16.37209657, 48.18910877], [16.37210893, 48.18908656], [16.3721272, 48.1890817], [16.37213098, 48.1890807], [16.37215627, 48.18908699], [16.37219254, 48.18902223], [16.37221057, 48.18902735], [16.37236325, 48.18907038], [16.3723619, 48.1890729], [16.37236048, 48.18907542], [16.37235112, 48.18909213]], [[16.37221214, 48.1891155], [16.37217898, 48.18910724], [16.37216131, 48.18913894], [16.37219449, 48.18914721], [16.37221214, 48.1891155]]]]}, "properties": {"id": 27021049, "bauperiode": "1884-1918"}}, {"type": "Feature", "geometry": {"type": "Polygon", "coordinates": [[[16.37194498, 48.18907698], [16.37189594, 48.1891547], [16.37187646, 48.18914919], [16.37183594, 48.18913772], [16.37186241, 48.18909572], [16.37188498, 48.18906001], [16.37194498, 48.18907698]]]}, "properties": {"id": 27020647, "bauperiode": "1884-1918"}}, {"type": "Feature", "geometry": {"type": "Polygon", "coordinates": [[[16.37207805, 48.1891631], [16.37205736, 48.18920016], [16.37204162, 48.18919576], [16.37189594, 48.1891547], [16.37194498, 48.18907698], [16.37209523, 48.1891193], [16.37207159, 48.18916148], [16.37207805, 48.1891631]]]}, "properties": {"id": 27020646, "bauperiode": "1884-1918"}}, {"type": "Feature", "geometry": {"type": "Polygon", "coordinates": [[[16.37182817, 48.18898511], [16.37174111, 48.18911104], [16.37168528, 48.18909523], [16.37179212, 48.18892758], [16.37180042, 48.18891461], [16.37186563, 48.18893082], [16.37182817, 48.18898511]]]}, "properties": {"id": 27020906, "bauperiode": "1884-1918"}}, {"type": "Feature", "geometry": {"type": "Polygon", "coordinates": [[[16.36704465, 48.18903713], [16.36700913, 48.1890636], [16.36687691, 48.18898987], [16.36694317, 48.18894055], [16.36695589, 48.18893109], [16.3670221, 48.18888182], [16.36715462, 48.18895508], [16.36715225, 48.18895684], [16.36711066, 48.18898783], [16.36712411, 48.18899592], [16.36712438, 48.18899969], [16.36711632, 48.18900572], [16.36712251, 48.18900941], [16.36712413, 48.18902847], [16.36710652, 48.18904161], [16.36707801, 48.1890426], [16.36707182, 48.18903892], [16.36706375, 48.18904495], [16.36705811, 48.18904513], [16.36704465, 48.18903713]]]}, "properties": {"id": 24143852, "bauperiode": "1860-1883"}}, {"type": "Feature", "geometry": {"type": "MultiPolygon", "coordinates": [[[[16.39046969, 48.17519902], [16.39044693, 48.17520345], [16.39039191, 48.17505045], [16.39038658, 48.17503567], [16.3903591, 48.17495924], [16.39051968, 48.17493364], [16.39052046, 48.17493582], [16.39053465, 48.17497527], [16.39059649, 48.17496544], [16.3906097, 48.17500231], [16.39057529, 48.17500781], [16.39051923, 48.17501674], [16.39052638, 48.1750367], [16.39055515, 48.1750321], [16.3905658, 48.17506159], [16.39057696, 48.17506572], [16.39071691, 48.17503902], [16.39072013, 48.17503841], [16.39072229, 48.17504326], [16.39076468, 48.17514249], [16.39049618, 48.17519404], [16.39046969, 48.17519902]], [[16.39046185, 48.17499855], [16.39046901, 48.17501787], [16.39047811, 48.17501635], [16.39047095, 48.17499704], [16.39046185, 48.17499855]], [[16.39064973, 48.17508988], [16.39065607, 48.17510454], [16.39067717, 48.17510048], [16.39067097, 48.17508582], [16.39064973, 48.17508988]]]]}, "properties": {"id": 26270588, "bauperiode": "1884-1918"}}, {"type": "Feature", "geometry": {"type": "MultiPolygon", "coordinates": [[[[16.39077147, 48.17514196], [16.39076495, 48.17514321], [16.39076468, 48.17514249], [16.39072229, 48.17504326], [16.39083736, 48.17502135], [16.39083372, 48.1750129], [16.39085079, 48.17500966], [16.39084527, 48.17499644], [16.39085426, 48.17498267], [16.39087752, 48.17497826], [16.39089608, 48.1749867], [16.39090174, 48.17499992], [16.39091882, 48.17499667], [16.39092245, 48.17500503], [16.39098537, 48.17499304], [16.39098811, 48.17499944], [16.39098995, 48.17500374], [16.39102149, 48.17507747], [16.39102524, 48.1750862], [16.39102778, 48.17509208], [16.39102794, 48.17509244], [16.39102804, 48.17509274], [16.39080137, 48.17513622], [16.39077147, 48.17514196]], [[16.39081011, 48.17505941], [16.39081698, 48.17507532], [16.39082747, 48.17507334], [16.39082032, 48.17505742], [16.39081011, 48.17505941]]]]}, "properties": {"id": 26265019, "bauperiode": "1884-1918"}}, {"type": "Feature", "geometry": {"type": "Polygon", "coordinates": [[[16.39087711, 48.1749334], [16.39076674, 48.17495367], [16.39074647, 48.17489756], [16.39075279, 48.17489657], [16.39080328, 48.17488856], [16.39080655, 48.17488804], [16.3909336, 48.17486788], [16.3909545, 48.17491904], [16.39095488, 48.17491996], [16.39087711, 48.1749334]]]}, "properties": {"id": 26270531, "bauperiode": "1884-1918"}}, {"type": "Feature", "geometry": {"type": "Polygon", "coordinates": [[[16.36804881, 48.17662252], [16.36789054, 48.1766333], [16.36788549, 48.17660138], [16.36788077, 48.17656864], [16.36786826, 48.17656901], [16.36786528, 48.17652755], [16.36788047, 48.17652737], [16.36787102, 48.1764635], [16.36802276, 48.17645339], [16.36804383, 48.17659021], [16.36804788, 48.17661649], [16.36804881, 48.17662252]]]}, "properties": {"id": 26851492, "bauperiode": "1884-1918"}}, {"type": "Feature", "geometry": {"type": "Polygon", "coordinates": [[[16.36788549, 48.17660138], [16.36771245, 48.17661294], [16.36770988, 48.17659657], [16.36773167, 48.17659549], [16.3677287, 48.17657624], [16.36770665, 48.17657697], [16.36769193, 48.17647553], [16.36778833, 48.17646902], [16.36781469, 48.17646725], [16.36786403, 48.17646397], [16.36787102, 48.1764635], [16.36788047, 48.17652737], [16.36786528, 48.17652755], [16.36786826, 48.17656901], [16.36788077, 48.17656864], [16.36788549, 48.17660138]]]}, "properties": {"id": 26851498, "bauperiode": "1884-1918"}}, {"type": "Feature", "geometry": {"type": "Polygon", "coordinates": [[[16.36771744, 48.17664504], [16.36763919, 48.17665037], [16.36761376, 48.17648078], [16.36769193, 48.17647553], [16.36770665, 48.17657697], [16.3677287, 48.17657624], [16.36773167, 48.17659549], [16.36770988, 48.17659657], [16.36771245, 48.17661294], [16.36771744, 48.17664504]]]}, "properties": {"id": 26851487, "bauperiode": "1884-1918"}}, {"type": "Feature", "geometry": {"type": "MultiPolygon", "coordinates": [[[[16.3734477, 48.18850913], [16.37343745, 48.1885256], [16.37338096, 48.18851094], [16.37335527, 48.1885042], [16.37335653, 48.18850215], [16.37344675, 48.18835516], [16.3733382, 48.18834197], [16.37331336, 48.18838569], [16.37324126, 48.18837312], [16.37319131, 48.18845911], [16.37319007, 48.18846126], [16.37303229, 48.18842022], [16.37303054, 48.18841995], [16.37303175, 48.18841798], [16.37310483, 48.18828917], [16.37312736, 48.18824867], [16.37312545, 48.1882482], [16.37313452, 48.18823189], [16.37314196, 48.18821833], [16.37315092, 48.18820236], [16.37317621, 48.18820527], [16.37319727, 48.18820754], [16.37322322, 48.18821033], [16.3732228, 48.18821209], [16.37338383, 48.18823018], [16.37338485, 48.18822852], [16.3733952, 48.1882294], [16.37342697, 48.18823293], [16.37343769, 48.18823409], [16.37343685, 48.18823744], [16.37360188, 48.18825517], [16.37360632, 48.18825564], [16.37360605, 48.18825699], [16.3736083, 48.18825734], [16.37355867, 48.18833276], [16.37351088, 48.18832726], [16.37350244, 48.18836036], [16.37353499, 48.18836875], [16.37350695, 48.18841384], [16.37349344, 48.18843556], [16.37348602, 48.1884475], [16.37346673, 48.18845084], [16.37346082, 48.18846091], [16.37347594, 48.18846371], [16.3734477, 48.18850913]], [[16.37319762, 48.188285], [16.37323946, 48.18829569], [16.37324522, 48.18827312], [16.37320689, 48.18826872], [16.37319762, 48.188285]]]]}, "properties": {"id": 25543405, "bauperiode": "1884-1918"}}, {"type": "Feature", "geometry": {"type": "Polygon", "coordinates": [[[16.36729938, 48.1893241], [16.36723826, 48.18937504], [16.36723732, 48.18937477], [16.36713951, 48.18932408], [16.36715631, 48.18930995], [16.36710236, 48.18928173], [16.36708637, 48.18929531], [16.36698761, 48.18923823], [16.36698654, 48.1892376], [16.36704354, 48.18919334], [16.36704623, 48.18919469], [16.36714578, 48.18924448], [16.3671603, 48.18923243], [16.36717939, 48.1892166], [16.36722266, 48.18918053], [16.36723544, 48.18918745], [16.36737363, 48.18926223], [16.36736602, 48.18926857], [16.36734165, 48.18928889], [16.36731269, 48.189313], [16.36729938, 48.1893241]]]}, "properties": {"id": 24143808, "bauperiode": "1860-1883"}}, {"type": "Feature", "geometry": {"type": "MultiPolygon", "coordinates": [[[[16.3765045, 48.18843974], [16.37650424, 48.18844127], [16.37645891, 48.18843616], [16.37645918, 48.18843517], [16.37639556, 48.18842809], [16.37639502, 48.18842926], [16.37638693, 48.18842849], [16.3763611, 48.18842603], [16.37635265, 48.18842523], [16.37635319, 48.18842343], [16.37629161, 48.18841707], [16.37629216, 48.18841588], [16.37629903, 48.18839008], [16.37632256, 48.18830158], [16.3763734, 48.18830732], [16.37635766, 48.1882923], [16.37635671, 48.18829032], [16.37635617, 48.18828826], [16.37635577, 48.18828619], [16.37635563, 48.18828412], [16.37635577, 48.18828205], [16.37635603, 48.18827998], [16.3763567, 48.188278], [16.37635751, 48.18827594], [16.37635872, 48.18827405], [16.37636006, 48.18827216], [16.37636167, 48.18827036], [16.37636342, 48.18826865], [16.37636544, 48.18826703], [16.37636759, 48.18826559], [16.37637001, 48.18826424], [16.37637243, 48.18826298], [16.37637512, 48.1882619], [16.37637794, 48.188261], [16.37638076, 48.18826019], [16.37638372, 48.18825965], [16.37638682, 48.1882592], [16.37638991, 48.18825893], [16.376393, 48.18825875], [16.3763961, 48.18825883], [16.37639919, 48.1882591], [16.37640228, 48.18825946], [16.37640524, 48.18826], [16.3764082, 48.18826081], [16.37641089, 48.18826162], [16.37641358, 48.1882627], [16.37641627, 48.18826386], [16.37641856, 48.18826521], [16.37642085, 48.18826665], [16.37642287, 48.18826818], [16.37642475, 48.18826989], [16.37644318, 48.18827438], [16.37647246, 48.18822041], [16.37663643, 48.18826028], [16.37658984, 48.18835221], [16.37656781, 48.18839178], [16.37656943, 48.18839214], [16.37655466, 48.18842174], [16.3765525, 48.1884212], [16.37654968, 48.18842722], [16.37651338, 48.18844118], [16.3765045, 48.18843974]], [[16.37637447, 48.1882905], [16.37641027, 48.18832439], [16.37644428, 48.18830837], [16.37640848, 48.18827448], [16.37637447, 48.1882905]], [[16.37640654, 48.18836972], [16.37645509, 48.1883751], [16.37646193, 48.18834758], [16.37641485, 48.18833617], [16.37640654, 48.18836972]]]]}, "properties": {"id": 23246006, "bauperiode": "1860-1883"}}, {"type": "Feature", "geometry": {"type": "Polygon", "coordinates": [[[16.36757333, 48.17594227], [16.36738302, 48.17595499], [16.36737803, 48.1759219], [16.36736669, 48.17584609], [16.3673699, 48.17584586], [16.36744763, 48.17584049], [16.36744574, 48.17582772], [16.36749858, 48.17582411], [16.3675006, 48.17583679], [16.36751432, 48.17583583], [16.3675185, 48.17586277], [16.36755332, 48.17586034], [16.36754913, 48.17583342], [16.36764191, 48.17582695], [16.36764332, 48.1758354], [16.3676577, 48.17592182], [16.36766002, 48.17593599], [16.36765998, 48.17593648], [16.36760736, 48.17593999], [16.36757333, 48.17594227]]]}, "properties": {"id": 25088912, "bauperiode": "1884-1918"}}, {"type": "Feature", "geometry": {"type": "Polygon", "coordinates": [[[16.36745117, 48.17575779], [16.36735386, 48.17576451], [16.3673463, 48.17571533], [16.36736365, 48.17571416], [16.36760782, 48.17569709], [16.36761551, 48.17574628], [16.36745117, 48.17575779]]]}, "properties": {"id": 25087716, "bauperiode": "1884-1918"}}, {"type": "Feature", "geometry": {"type": "Polygon", "coordinates": [[[16.36736654, 48.17582409], [16.36736318, 48.17582432], [16.36735822, 48.17579254], [16.36735386, 48.17576451], [16.36745117, 48.17575779], [16.36746039, 48.17581755], [16.3674378, 48.17581909], [16.36736654, 48.17582409]]]}, "properties": {"id": 25087707, "bauperiode": "1884-1918"}}, {"type": "Feature", "geometry": {"type": "Polygon", "coordinates": [[[16.36429732, 48.17555189], [16.36410053, 48.17556559], [16.36408496, 48.17545806], [16.36408433, 48.17545366], [16.36412465, 48.17545086], [16.36412235, 48.17543593], [16.36414642, 48.1754343], [16.36414871, 48.17544923], [16.36418193, 48.17544698], [16.36418918, 48.17544113], [16.36418567, 48.17541577], [16.36418258, 48.17541604], [16.36417949, 48.17541604], [16.3641764, 48.17541595], [16.3641733, 48.17541559], [16.36417021, 48.17541514], [16.36416725, 48.17541451], [16.36416443, 48.17541371], [16.3641616, 48.17541272], [16.36415905, 48.17541164], [16.36415649, 48.17541038], [16.36415421, 48.17540894], [16.36415205, 48.1754075], [16.36415004, 48.1754058], [16.36414829, 48.17540409], [16.36414681, 48.17540229], [16.3641456, 48.1754004], [16.36414452, 48.17539842], [16.36414371, 48.17539635], [16.36414317, 48.17539438], [16.3641429, 48.17539222], [16.3641429, 48.17539015], [16.36414303, 48.17538808], [16.36414357, 48.17538601], [16.36414438, 48.17538403], [16.36414532, 48.17538205], [16.36414653, 48.17538008], [16.364148, 48.17537828], [16.36414975, 48.17537648], [16.36415163, 48.17537486], [16.36415378, 48.17537333], [16.36415607, 48.17537189], [16.36415849, 48.17537063], [16.36416118, 48.17536946], [16.36416386, 48.17536847], [16.36416682, 48.17536766], [16.36416978, 48.17536703], [16.36417274, 48.17536649], [16.36417583, 48.17536613], [16.36417892, 48.17536595], [16.3641769, 48.17535138], [16.36415579, 48.17535264], [16.36415336, 48.17533475], [16.36417447, 48.17533348], [16.36417096, 48.17530695], [16.36419529, 48.1753056], [16.36424733, 48.1753028], [16.36433658, 48.17529788], [16.36434778, 48.17537784], [16.36434959, 48.17539071], [16.36436547, 48.17550397], [16.36436643, 48.17550399], [16.36437169, 48.17554245], [16.36436953, 48.17554259], [16.36436582, 48.17554629], [16.36436605, 48.1755478], [16.36429758, 48.17555252], [16.36429732, 48.17555189]]]}, "properties": {"id": 19174754, "bauperiode": "1884-1918"}}, {"type": "Feature", "geometry": {"type": "Polygon", "coordinates": [[[16.39831688, 48.17559662], [16.39808214, 48.17561958], [16.3980594, 48.17551724], [16.39806209, 48.1755169], [16.39816333, 48.17550687], [16.39815876, 48.1754859], [16.39813, 48.17548873], [16.39812156, 48.17545037], [16.39815033, 48.17544754], [16.39813953, 48.17539905], [16.39828973, 48.17538436], [16.39830729, 48.17546948], [16.39831134, 48.17548844], [16.39833156, 48.1755829], [16.39831688, 48.17559662]]]}, "properties": {"id": 23442331, "bauperiode": "1884-1918"}}, {"type": "Feature", "geometry": {"type": "Polygon", "coordinates": [[[16.36401708, 48.17307587], [16.36385373, 48.1730888], [16.36384812, 48.17304963], [16.36383252, 48.17305062], [16.36382942, 48.17302967], [16.36381826, 48.17303039], [16.36379567, 48.17302374], [16.36379256, 48.17300171], [16.36381272, 48.17299226], [16.36383961, 48.17299055], [16.36383354, 48.17294828], [16.36381727, 48.17293461], [16.3638014, 48.17293228], [16.36379764, 48.17294406], [16.36376645, 48.17294893], [16.36376241, 48.17293733], [16.36372046, 48.17294399], [16.36368288, 48.17283706], [16.36368226, 48.17283622], [16.3639535, 48.17279381], [16.36397796, 48.17280473], [16.36399742, 48.17294209], [16.36400799, 48.17301157], [16.36401366, 48.17305167], [16.3640164, 48.17307101], [16.36401708, 48.17307587]]]}, "properties": {"id": 19229224, "bauperiode": "1884-1918"}}, {"type": "Feature", "geometry": {"type": "Polygon", "coordinates": [[[16.3643438, 48.17037877], [16.36418119, 48.17039833], [16.36418059, 48.17039612], [16.36416987, 48.1703567], [16.36413815, 48.17036048], [16.36411286, 48.17034898], [16.36410842, 48.17033252], [16.36412723, 48.17032064], [16.36414108, 48.17031893], [16.36413847, 48.1703105], [16.36415904, 48.17030806], [16.36415603, 48.17029596], [16.3641507, 48.17027603], [16.36414575, 48.1702576], [16.36413338, 48.17025148], [16.36401683, 48.17027265], [16.36392731, 48.17028888], [16.36392156, 48.17027478], [16.36388401, 48.17018269], [16.36388354, 48.17018098], [16.36419396, 48.17012436], [16.36426054, 48.1701122], [16.36427415, 48.17011767], [16.36433296, 48.17033812], [16.36433719, 48.17035398], [16.36434189, 48.17037158], [16.3643438, 48.17037877]]]}, "properties": {"id": 21201787, "bauperiode": "1884-1918"}}, {"type": "Feature", "geometry": {"type": "Polygon", "coordinates": [[[16.36406728, 48.17040937], [16.36398474, 48.17042019], [16.36392731, 48.17028888], [16.36401683, 48.17027265], [16.36406728, 48.17040937]]]}, "properties": {"id": 21201788, "bauperiode": "1884-1918"}}, {"type": "Feature", "geometry": {"type": "Polygon", "coordinates": [[[16.36088118, 48.17296537], [16.36079441, 48.17297964], [16.36075684, 48.17287263], [16.3608656, 48.17285552], [16.36086964, 48.17286694], [16.36096523, 48.1728519], [16.36096119, 48.17284057], [16.36101349, 48.17283228], [16.36101754, 48.17284374], [16.36105117, 48.1729394], [16.36095679, 48.17295405], [16.36094132, 48.17291027], [16.36088432, 48.17291919], [16.36089951, 48.17296236], [16.36089807, 48.17296259], [16.36088118, 48.17296537]]]}, "properties": {"id": 19175340, "bauperiode": "1946-1976"}}, {"type": "Feature", "geometry": {"type": "Polygon", "coordinates": [[[16.36062594, 48.17300559], [16.36053884, 48.17301956], [16.36051486, 48.17295119], [16.3605053, 48.17292412], [16.36056056, 48.17291548], [16.36055652, 48.17290406], [16.36060895, 48.17289586], [16.36061272, 48.17290755], [16.36070455, 48.17289287], [16.36070051, 48.17288145], [16.36075684, 48.17287263], [16.36079441, 48.17297964], [16.36070103, 48.1729941], [16.36068562, 48.17295034], [16.36062902, 48.17295926], [16.36064434, 48.17300264], [16.3606429, 48.17300287], [16.36062594, 48.17300559]]]}, "properties": {"id": 19175332, "bauperiode": "1946-1976"}}, {"type": "Feature", "geometry": {"type": "Polygon", "coordinates": [[[16.36038327, 48.17308477], [16.36029631, 48.17309838], [16.36025875, 48.17299135], [16.36036698, 48.17297433], [16.36037088, 48.17298575], [16.36046257, 48.17297135], [16.36045881, 48.17296081], [16.36045853, 48.17296002], [16.36051486, 48.17295119], [16.36053884, 48.17301956], [16.36054583, 48.1730394], [16.36055218, 48.17305739], [16.36055245, 48.17305817], [16.36054866, 48.17305872], [16.36054819, 48.17305879], [16.36049878, 48.17306662], [16.36049556, 48.17306712], [16.36045846, 48.17307276], [16.3604431, 48.173029], [16.3603861, 48.17303791], [16.36040166, 48.1730819], [16.36040038, 48.17308209], [16.36038327, 48.17308477]]]}, "properties": {"id": 19175301, "bauperiode": "1946-1976"}}, {"type": "Feature", "geometry": {"type": "Polygon", "coordinates": [[[16.359835, 48.17317079], [16.35974765, 48.17318446], [16.35971413, 48.17308886], [16.35976669, 48.17308058], [16.35976266, 48.17306925], [16.35981764, 48.1730606], [16.35982155, 48.17307202], [16.35991324, 48.17305762], [16.3599092, 48.1730462], [16.35996419, 48.17303755], [16.35996822, 48.17304897], [16.36000748, 48.17304276], [16.360041, 48.17313838], [16.35991086, 48.17315859], [16.35989552, 48.17311491], [16.35983797, 48.173124], [16.35985336, 48.17316791], [16.35985207, 48.17316812], [16.359835, 48.17317079]]]}, "properties": {"id": 19175279, "bauperiode": "1946-1976"}}, {"type": "Feature", "geometry": {"type": "Polygon", "coordinates": [[[16.36012806, 48.17312499], [16.360041, 48.17313838], [16.36000748, 48.17304276], [16.36000344, 48.17303143], [16.36007981, 48.17301946], [16.36009676, 48.17301679], [16.36011086, 48.17301459], [16.3601149, 48.17302592], [16.36020646, 48.1730116], [16.36020242, 48.17300018], [16.36025875, 48.17299135], [16.36029631, 48.17309838], [16.36020329, 48.17311282], [16.36018806, 48.17306898], [16.36013294, 48.17307763], [16.36014673, 48.17312212], [16.36014543, 48.17312232], [16.36012806, 48.17312499]]]}, "properties": {"id": 19175291, "bauperiode": "1946-1976"}}, {"type": "Feature", "geometry": {"type": "Polygon", "coordinates": [[[16.36041252, 48.17205305], [16.36030255, 48.1720698], [16.36028149, 48.1720078], [16.36027934, 48.17200144], [16.36027072, 48.17197595], [16.36037954, 48.17195962], [16.36038135, 48.17195935], [16.36047634, 48.17194483], [16.36063657, 48.17192034], [16.36070772, 48.17190946], [16.36073232, 48.17190569], [16.3607849, 48.17189766], [16.36081704, 48.1719916], [16.3607753, 48.17199789], [16.360722, 48.17200595], [16.36070733, 48.17196306], [16.36065019, 48.17197179], [16.36066473, 48.17201469], [16.3606451, 48.17201767], [16.36046966, 48.17204432], [16.36045512, 48.17200142], [16.36039785, 48.17201016], [16.36041252, 48.17205305]]]}, "properties": {"id": 19175513, "bauperiode": "1946-1976"}}, {"type": "Feature", "geometry": {"type": "Polygon", "coordinates": [[[16.36062611, 48.17251247], [16.36051749, 48.17252949], [16.36049271, 48.17245899], [16.36048006, 48.17242302], [16.3605762, 48.17240788], [16.36058869, 48.17240591], [16.36059326, 48.17241913], [16.36061277, 48.17241606], [16.36068885, 48.17240409], [16.36068427, 48.17239096], [16.36084439, 48.17236584], [16.36084897, 48.17237897], [16.36094456, 48.17236393], [16.36093984, 48.1723508], [16.36099232, 48.17234271], [16.36099687, 48.17235576], [16.36102961, 48.17244939], [16.36100067, 48.17245387], [16.36093513, 48.172464], [16.36091998, 48.17242113], [16.36086284, 48.17243005], [16.36087792, 48.17247294], [16.36068312, 48.17250347], [16.36066817, 48.17246066], [16.36061103, 48.17246958], [16.36062611, 48.17251247]]]}, "properties": {"id": 19175425, "bauperiode": "1946-1976"}}, {"type": "Feature", "geometry": {"type": "Polygon", "coordinates": [[[16.35965524, 48.17221005], [16.35954796, 48.17222644], [16.35951564, 48.17213186], [16.35962304, 48.17211548], [16.35971478, 48.17210147], [16.35984204, 48.17208206], [16.35987863, 48.17207648], [16.35997047, 48.17206246], [16.36013516, 48.17203733], [16.36016843, 48.17203225], [16.36022686, 48.17202333], [16.36028152, 48.17201499], [16.36027926, 48.17200815], [16.36028149, 48.1720078], [16.36030255, 48.1720698], [16.36030433, 48.17207501], [16.36031601, 48.17210919], [16.3602215, 48.17212369], [16.36020683, 48.1720808], [16.36014982, 48.17208944], [16.3601645, 48.17213234], [16.35996607, 48.17216259], [16.35995153, 48.17211979], [16.35989627, 48.17212817], [16.35991095, 48.17217106], [16.35971049, 48.17220168], [16.35969582, 48.17215878], [16.3596407, 48.17216716], [16.35965524, 48.17221005]]]}, "properties": {"id": 19175480, "bauperiode": "1946-1976"}}, {"type": "Feature", "geometry": {"type": "Polygon", "coordinates": [[[16.3597731, 48.1726873], [16.3597645, 48.17268874], [16.35975203, 48.1726532], [16.35972613, 48.1725793], [16.35976994, 48.17257242], [16.35978957, 48.17256934], [16.35983341, 48.17256246], [16.35983799, 48.17257559], [16.35992968, 48.17256127], [16.3599251, 48.17254815], [16.36008872, 48.17252239], [16.36009329, 48.17253552], [16.36018498, 48.1725212], [16.36018041, 48.17250807], [16.36034483, 48.17248223], [16.36034941, 48.17249536], [16.36044096, 48.17248095], [16.36043638, 48.17246782], [16.36049271, 48.17245899], [16.36051749, 48.17252949], [16.36053108, 48.17256834], [16.36043724, 48.17258311], [16.36042216, 48.17254031], [16.36036516, 48.17254922], [16.36038024, 48.17259203], [16.36018221, 48.1726231], [16.36016713, 48.17258029], [16.36011201, 48.17258894], [16.36012709, 48.17263174], [16.3599269, 48.17266317], [16.35991183, 48.17262036], [16.3598567, 48.17262901], [16.35987178, 48.17267181], [16.35980591, 48.17268217], [16.3597731, 48.1726873]]]}, "properties": {"id": 19175392, "bauperiode": "1946-1976"}}, {"type": "Feature", "geometry": {"type": "Polygon", "coordinates": [[[16.36918106, 48.18740352], [16.36907562, 48.18752354], [16.36894782, 48.18747222], [16.36896422, 48.18745387], [16.36893086, 48.18744048], [16.36891446, 48.18745883], [16.36883687, 48.1874278], [16.36883401, 48.18742666], [16.36888549, 48.18736864], [16.36888834, 48.18736978], [16.36898275, 48.18740764], [16.36900062, 48.18738758], [16.36901446, 48.18737193], [16.36901796, 48.18736806], [16.36901137, 48.18736384], [16.36900571, 48.18735889], [16.36900141, 48.1873535], [16.36899844, 48.18734783], [16.36899683, 48.1873419], [16.36899655, 48.18733587], [16.36901604, 48.1873141], [16.36902169, 48.18731185], [16.3690276, 48.18731014], [16.36903406, 48.18730906], [16.36904051, 48.18730861], [16.36904737, 48.18730888], [16.3690541, 48.18730978], [16.36906058, 48.18731146], [16.36906647, 48.18731373], [16.36910142, 48.18727469], [16.3690062, 48.18723673], [16.36900335, 48.1872356], [16.36905469, 48.18717757], [16.36913379, 48.18720912], [16.36911847, 48.1872263], [16.36910624, 48.18723997], [16.36913933, 48.18725318], [16.36915036, 48.18725129], [16.36915788, 48.18724293], [16.36917389, 48.18722502], [16.36929548, 48.18727328], [16.36918997, 48.18739337], [16.36918106, 48.18740352]]]}, "properties": {"id": 23245089, "bauperiode": "1884-1918"}}, {"type": "Feature", "geometry": {"type": "Polygon", "coordinates": [[[16.36901137, 48.18736384], [16.36901796, 48.18736806], [16.36892351, 48.18732997], [16.36892067, 48.18732883], [16.36896814, 48.18727527], [16.36897095, 48.18727636], [16.36906058, 48.18731146], [16.3690541, 48.18730978], [16.36904737, 48.18730888], [16.36904051, 48.18730861], [16.36903406, 48.18730906], [16.3690276, 48.18731014], [16.36902169, 48.18731185], [16.36901604, 48.1873141], [16.36899655, 48.18733587], [16.36899683, 48.1873419], [16.36899844, 48.18734783], [16.36900141, 48.1873535], [16.36900571, 48.18735889], [16.36901137, 48.18736384]]]}, "properties": {"id": 23245119, "bauperiode": "1884-1918"}}, {"type": "Feature", "geometry": {"type": "Polygon", "coordinates": [[[16.37986773, 48.19013814], [16.37984946, 48.1901735], [16.37965777, 48.19012689], [16.37966609, 48.19011088], [16.37956049, 48.19008385], [16.37954612, 48.19010967], [16.37949404, 48.19009628], [16.37949862, 48.19008846], [16.37953387, 48.19009753], [16.37958935, 48.19000129], [16.37959054, 48.18999921], [16.37975238, 48.19004061], [16.37975125, 48.1900427], [16.37971921, 48.19010225], [16.37970659, 48.1901257], [16.37983411, 48.19015659], [16.37984582, 48.1901344], [16.3798772, 48.19007492], [16.37987829, 48.19007285], [16.37988312, 48.19007405], [16.37990318, 48.19007913], [16.37995416, 48.19009218], [16.37992006, 48.19015126], [16.37986773, 48.19013814]]]}, "properties": {"id": 23383707, "bauperiode": "1860-1883"}}, {"type": "Feature", "geometry": {"type": "Polygon", "coordinates": [[[16.36847195, 48.19021643], [16.36843824, 48.19025605], [16.36843649, 48.19025515], [16.36843501, 48.19025596], [16.36831322, 48.19020976], [16.36827936, 48.19019692], [16.36828102, 48.19019496], [16.36831068, 48.19015995], [16.36829534, 48.1901542], [16.36832719, 48.19011669], [16.36831548, 48.19009663], [16.36833886, 48.19006911], [16.3683706, 48.19006568], [16.36840917, 48.19002025], [16.36842451, 48.19002601], [16.36845026, 48.18999567], [16.36845193, 48.18999371], [16.36861013, 48.19005401], [16.36857599, 48.19009415], [16.36854904, 48.19012583], [16.36853066, 48.19014742], [16.368517, 48.19016349], [16.36849793, 48.19018589], [16.36847195, 48.19021643]]]}, "properties": {"id": 24146668, "bauperiode": "1884-1918"}}, {"type": "Feature", "geometry": {"type": "Polygon", "coordinates": [[[16.36423653, 48.16994179], [16.36391766, 48.16999991], [16.36391739, 48.16999943], [16.36387761, 48.16990198], [16.36396405, 48.16988631], [16.36395853, 48.16987264], [16.36399859, 48.16986534], [16.36400411, 48.16987901], [16.36406971, 48.16986713], [16.36406556, 48.16983892], [16.3640459, 48.16984028], [16.36404427, 48.16982936], [16.36407198, 48.16982755], [16.36406793, 48.16980022], [16.36404019, 48.1698021], [16.36403916, 48.16979519], [16.36405878, 48.16979383], [16.36405217, 48.16974941], [16.36420472, 48.16973804], [16.36420565, 48.16973798], [16.36420651, 48.16974368], [16.36420856, 48.16975724], [16.36423653, 48.16994179]]]}, "properties": {"id": 24723250, "bauperiode": "1884-1918"}}, {"type": "Feature", "geometry": {"type": "Polygon", "coordinates": [[[16.36490681, 48.17247216], [16.36460131, 48.17252019], [16.36456803, 48.17242541], [16.36473756, 48.17239875], [16.36472126, 48.17233868], [16.36486613, 48.1723212], [16.36490681, 48.17247216]]]}, "properties": {"id": 19175429, "bauperiode": "1946-1976"}}, {"type": "Feature", "geometry": {"type": "Polygon", "coordinates": [[[16.36486613, 48.1723212], [16.36472126, 48.17233868], [16.3646543, 48.17209039], [16.36479913, 48.17207294], [16.36485861, 48.17229334], [16.36486613, 48.1723212]]]}, "properties": {"id": 19175461, "bauperiode": "1946-1976"}}, {"type": "Feature", "geometry": {"type": "Polygon", "coordinates": [[[16.36460131, 48.17252019], [16.36437913, 48.17255505], [16.36436857, 48.17255674], [16.36433997, 48.17256129], [16.36433701, 48.1725617], [16.36432949, 48.17256285], [16.36429741, 48.17246784], [16.36437585, 48.17245554], [16.36456803, 48.17242541], [16.36460131, 48.17252019]]]}, "properties": {"id": 19175417, "bauperiode": "1946-1976"}}, {"type": "Feature", "geometry": {"type": "Polygon", "coordinates": [[[16.36445582, 48.17203486], [16.36416463, 48.17207963], [16.36413524, 48.17199355], [16.36413228, 48.17198487], [16.3641397, 48.17198374], [16.36414219, 48.17198336], [16.36417181, 48.17197881], [16.36417994, 48.17197756], [16.36442331, 48.17194021], [16.36445582, 48.17203486]]]}, "properties": {"id": 19175511, "bauperiode": "1946-1976"}}, {"type": "Feature", "geometry": {"type": "Polygon", "coordinates": [[[16.36479913, 48.17207294], [16.3646543, 48.17209039], [16.36463207, 48.17200775], [16.36445582, 48.17203486], [16.36442331, 48.17194021], [16.36464836, 48.17190561], [16.36474985, 48.17188999], [16.36476306, 48.17193743], [16.36476262, 48.17193754], [16.36479913, 48.17207294]]]}, "properties": {"id": 19175509, "bauperiode": "1946-1976"}}, {"type": "Feature", "geometry": {"type": "MultiPolygon", "coordinates": [[[[16.36436534, 48.17302235], [16.3642308, 48.17303165], [16.36420823, 48.17287531], [16.36421224, 48.17287506], [16.36421598, 48.17287484], [16.36422991, 48.172874], [16.36422887, 48.17286598], [16.36422707, 48.17285198], [16.36422635, 48.17284648], [16.3642117, 48.17284878], [16.36420794, 48.17284937], [16.36419634, 48.17276852], [16.36437375, 48.17274073], [16.36441974, 48.17273353], [16.36455948, 48.17271164], [16.36488562, 48.17266107], [16.3649258, 48.17265485], [16.36493897, 48.17273518], [16.36494144, 48.172752], [16.36494349, 48.17276599], [16.36494446, 48.17277263], [16.36489279, 48.17277706], [16.36488551, 48.17273956], [16.36483227, 48.17274793], [16.36483484, 48.17276133], [16.36460891, 48.17279671], [16.36453473, 48.17280832], [16.36441169, 48.17282758], [16.36435936, 48.17283577], [16.36433889, 48.17283898], [16.36436534, 48.17302235]], [[16.36426615, 48.17283657], [16.36427155, 48.17287425], [16.3643299, 48.17287046], [16.36432369, 48.17282756], [16.36426615, 48.17283657]]]]}, "properties": {"id": 19175324, "bauperiode": "1946-1976"}}, {"type": "Feature", "geometry": {"type": "Polygon", "coordinates": [[[16.36482932, 48.17299021], [16.36482367, 48.17299058], [16.36479115, 48.17278599], [16.36483888, 48.17278184], [16.36489279, 48.17277706], [16.36494446, 48.17277263], [16.36495797, 48.17277139], [16.36496202, 48.17277102], [16.36499488, 48.17297881], [16.36497101, 48.17298046], [16.36486863, 48.17298751], [16.36482932, 48.17299021]]]}, "properties": {"id": 19175338, "bauperiode": "1946-1976"}}, {"type": "Feature", "geometry": {"type": "Polygon", "coordinates": [[[16.36881368, 48.18981325], [16.36878243, 48.18985009], [16.36862974, 48.18979527], [16.36866012, 48.18975947], [16.36864962, 48.18975552], [16.36867623, 48.18972421], [16.36866344, 48.1897193], [16.36865888, 48.18971756], [16.36867353, 48.18970038], [16.36866679, 48.1896877], [16.36866531, 48.18968491], [16.36868493, 48.18966189], [16.36868925, 48.1896613], [16.36870887, 48.18965864], [16.36872352, 48.18964137], [16.36872808, 48.1896431], [16.36874101, 48.18964802], [16.36879329, 48.18958631], [16.36887163, 48.1896156], [16.36895162, 48.18964385], [16.36895459, 48.1896449], [16.36895566, 48.18964589], [16.36892376, 48.1896835], [16.36889809, 48.18971375], [16.36887624, 48.18973951], [16.36886171, 48.18975663], [16.36883916, 48.18978322], [16.36881368, 48.18981325]]]}, "properties": {"id": 24146772, "bauperiode": "1884-1918"}}, {"type": "Feature", "geometry": {"type": "Polygon", "coordinates": [[[16.36674273, 48.17484394], [16.36658932, 48.17485416], [16.36658608, 48.17483213], [16.36655651, 48.17483411], [16.36655327, 48.17481231], [16.36659146, 48.17480978], [16.36658861, 48.17479054], [16.36658001, 48.17479111], [16.36657704, 48.17477151], [16.36655848, 48.17476414], [16.36647942, 48.17476938], [16.36646428, 48.17466766], [16.3664643, 48.17466693], [16.36650905, 48.17466391], [16.36653423, 48.17466221], [16.36671394, 48.17465007], [16.36674338, 48.17484395], [16.36674273, 48.17484394]]]}, "properties": {"id": 25087847, "bauperiode": "1884-1918"}}, {"type": "Feature", "geometry": {"type": "Polygon", "coordinates": [[[16.36658314, 48.1748546], [16.36649507, 48.17486084], [16.36647996, 48.17477307], [16.36647942, 48.17476938], [16.36655848, 48.17476414], [16.36657704, 48.17477151], [16.36658001, 48.17479111], [16.36655042, 48.17479307], [16.36655327, 48.17481231], [16.36655651, 48.17483411], [16.36658608, 48.17483213], [16.36658932, 48.17485416], [16.36658314, 48.1748546]]]}, "properties": {"id": 25087846, "bauperiode": "1884-1918"}}, {"type": "Feature", "geometry": {"type": "Polygon", "coordinates": [[[16.36709037, 48.17535919], [16.36702594, 48.17536339], [16.3670131, 48.17528407], [16.36701534, 48.17528407], [16.36699725, 48.17516816], [16.36715196, 48.17515726], [16.36715761, 48.17519395], [16.36717751, 48.1751926], [16.36718129, 48.17521688], [16.36716139, 48.17521823], [16.36716422, 48.1752364], [16.3671804, 48.17524233], [16.36718108, 48.17524661], [16.3672034, 48.17524505], [16.36720159, 48.17522771], [16.36720146, 48.17522659], [16.36721584, 48.17521471], [16.36723857, 48.17521317], [16.36725619, 48.17522279], [16.36725902, 48.17524114], [16.36729115, 48.17523888], [16.36730722, 48.17534305], [16.36729865, 48.17534364], [16.36727706, 48.17534512], [16.36709041, 48.17535791], [16.36709037, 48.17535919]]]}, "properties": {"id": 25087773, "bauperiode": "1884-1918"}}, {"type": "Feature", "geometry": {"type": "Polygon", "coordinates": [[[16.36252152, 48.1745763], [16.36252093, 48.17457635], [16.36252041, 48.1745727], [16.36251693, 48.17454776], [16.36251575, 48.17453926], [16.36248463, 48.17431629], [16.36246915, 48.17420533], [16.36280222, 48.17418266], [16.36283837, 48.1741802], [16.36284086, 48.17419804], [16.36250567, 48.17422087], [16.36255493, 48.17457421], [16.36252152, 48.1745763]]]}, "properties": {"id": 19174972, "bauperiode": "1946-1976"}}, {"type": "Feature", "geometry": {"type": "Polygon", "coordinates": [[[16.36255882, 48.17457397], [16.36255493, 48.17457421], [16.36250567, 48.17422087], [16.36284086, 48.17419804], [16.36284221, 48.17420703], [16.3628526, 48.17427952], [16.36285298, 48.17428207], [16.36276663, 48.17428773], [16.36276897, 48.17430331], [16.36271951, 48.17430666], [16.36271718, 48.1742913], [16.36262438, 48.17429761], [16.36262643, 48.17431239], [16.36261302, 48.1743133], [16.36263366, 48.17446114], [16.36263806, 48.17449261], [16.36264864, 48.17456834], [16.36255882, 48.17457397]]]}, "properties": {"id": 19174973, "bauperiode": "1946-1976"}}, {"type": "Feature", "geometry": {"type": "Polygon", "coordinates": [[[16.36268113, 48.17456637], [16.36264864, 48.17456834], [16.36263806, 48.17449261], [16.36265949, 48.17449126], [16.36266834, 48.1744907], [16.36266389, 48.17445932], [16.36265504, 48.17445988], [16.36263366, 48.17446114], [16.36261302, 48.1743133], [16.36262643, 48.17431239], [16.36262438, 48.17429761], [16.36271718, 48.1742913], [16.36271951, 48.17430666], [16.36263033, 48.17431272], [16.36263554, 48.17435], [16.362652, 48.17434891], [16.36267792, 48.17453504], [16.36268197, 48.17456404], [16.36268228, 48.1745663], [16.36268113, 48.17456637]]]}, "properties": {"id": 19287143, "bauperiode": "1946-1976"}}, {"type": "Feature", "geometry": {"type": "Polygon", "coordinates": [[[16.36148613, 48.17618964], [16.36140976, 48.1761955], [16.36140571, 48.17617149], [16.3613924, 48.17617248], [16.36139156, 48.17616759], [16.36139038, 48.17616061], [16.36140355, 48.17615962], [16.36140164, 48.1761457], [16.36139923, 48.17614584], [16.36139682, 48.17614582], [16.36139443, 48.17614564], [16.36139208, 48.17614528], [16.36138979, 48.17614476], [16.3613876, 48.17614408], [16.36138553, 48.17614325], [16.36138359, 48.17614228], [16.36138182, 48.17614119], [16.36138023, 48.17613997], [16.36137884, 48.17613865], [16.36137766, 48.17613725], [16.36137672, 48.17613576], [16.361376, 48.17613422], [16.36137553, 48.17613264], [16.36137532, 48.17613103], [16.36137536, 48.17612942], [16.36137564, 48.17612781], [16.36137617, 48.17612624], [16.36137695, 48.17612472], [16.36137796, 48.17612325], [16.3613792, 48.17612187], [16.36138064, 48.17612058], [16.36138228, 48.1761194], [16.36138409, 48.17611833], [16.36138607, 48.17611741], [16.36138816, 48.17611662], [16.36139038, 48.17611599], [16.36139268, 48.17611551], [16.36139505, 48.17611519], [16.36139273, 48.17611518], [16.36139045, 48.17611501], [16.36138819, 48.17611469], [16.36138598, 48.17611421], [16.36138387, 48.1761136], [16.36138186, 48.17611285], [16.36137997, 48.17611196], [16.36137822, 48.17611095], [16.36137664, 48.17610983], [16.36137522, 48.17610861], [16.361374, 48.1761073], [16.36137298, 48.17610592], [16.36137217, 48.17610447], [16.36137158, 48.17610299], [16.36137121, 48.17610146], [16.36137108, 48.17609996], [16.36137117, 48.17609846], [16.36137147, 48.17609698], [16.36137199, 48.17609552], [16.36137272, 48.1760941], [16.36137364, 48.17609273], [16.36137477, 48.17609144], [16.36137608, 48.17609022], [16.36137755, 48.17608909], [16.36137919, 48.17608806], [16.36138097, 48.17608716], [16.36138286, 48.17608635], [16.36138487, 48.17608569], [16.36138696, 48.17608516], [16.36138913, 48.17608476], [16.36138683, 48.17608469], [16.36138454, 48.17608447], [16.3613823, 48.17608409], [16.36138013, 48.17608357], [16.36137805, 48.1760829], [16.36137609, 48.17608209], [16.36137424, 48.17608117], [16.36137255, 48.17608012], [16.36137101, 48.17607896], [16.36136967, 48.17607771], [16.36136851, 48.17607637], [16.36136757, 48.17607496], [16.36136684, 48.1760735], [16.36136633, 48.17607199], [16.36136605, 48.17607046], [16.36136599, 48.17606892], [16.36136618, 48.17606738], [16.36136658, 48.17606587], [16.36136722, 48.17606439], [16.36136806, 48.17606296], [16.36136912, 48.17606159], [16.36137037, 48.1760603], [16.36137182, 48.1760591], [16.36137344, 48.176058], [16.3613752, 48.17605702], [16.36137711, 48.17605616], [16.36137914, 48.17605543], [16.36138126, 48.17605483], [16.36138347, 48.17605439], [16.36138573, 48.17605409], [16.36138332, 48.17605408], [16.36138091, 48.17605389], [16.36137856, 48.17605353], [16.36137627, 48.17605302], [16.36137409, 48.17605234], [16.36137201, 48.17605152], [16.36137009, 48.17605056], [16.36136831, 48.17604946], [16.36136671, 48.17604824], [16.36136532, 48.17604692], [16.36136414, 48.17604552], [16.36136319, 48.17604404], [16.36136247, 48.1760425], [16.361362, 48.17604092], [16.36136178, 48.17603931], [16.36136181, 48.1760378], [16.36136205, 48.1760363], [16.36136251, 48.17603483], [16.36136318, 48.1760334], [16.36136405, 48.176032], [16.36136513, 48.17603068], [16.36136639, 48.17602944], [16.36136783, 48.17602828], [16.36136944, 48.17602723], [16.36137119, 48.17602627], [16.36137306, 48.17602545], [16.36137505, 48.17602474], [16.36137713, 48.17602418], [16.3613793, 48.17602374], [16.3613815, 48.17602346], [16.36137919, 48.17602344], [16.3613769, 48.17602327], [16.36137464, 48.17602294], [16.36137245, 48.17602248], [16.36137033, 48.17602186], [16.36136832, 48.1760211], [16.36136643, 48.17602022], [16.36136468, 48.17601921], [16.36136309, 48.17601809], [16.36136168, 48.17601688], [16.36136045, 48.17601556], [16.36135943, 48.17601418], [16.36135862, 48.17601273], [16.36135803, 48.17601124], [16.36135767, 48.17600972], [16.36135753, 48.17600818], [16.36135763, 48.17600663], [16.36135796, 48.17600511], [16.36135851, 48.17600361], [16.36135929, 48.17600216], [16.36136027, 48.17600077], [16.36136147, 48.17599945], [16.36136285, 48.17599822], [16.36136441, 48.17599707], [16.36136613, 48.17599605], [16.361368, 48.17599515], [16.36136999, 48.17599437], [16.36137209, 48.17599374], [16.36137428, 48.17599323], [16.36137653, 48.17599289], [16.36138159, 48.17599252], [16.36138034, 48.1759847], [16.3614516, 48.17597947], [16.36148613, 48.17618964]]]}, "properties": {"id": 25215637, "bauperiode": "1919-1945"}}, {"type": "Feature", "geometry": {"type": "Polygon", "coordinates": [[[16.3614516, 48.17597947], [16.36138034, 48.1759847], [16.36137103, 48.17592814], [16.36137023, 48.17592337], [16.36136546, 48.17589342], [16.36136513, 48.17589129], [16.36143775, 48.17588592], [16.36143822, 48.1758888], [16.36143869, 48.1758917], [16.36143911, 48.17589428], [16.36144569, 48.17593926], [16.36144708, 48.17594881], [16.36144901, 48.17596194], [16.36145014, 48.17596972], [16.36145082, 48.17597432], [16.3614516, 48.17597947]]]}, "properties": {"id": 25215373, "bauperiode": "1919-1945"}}, {"type": "Feature", "geometry": {"type": "Polygon", "coordinates": [[[16.36167086, 48.17596516], [16.36159805, 48.17597054], [16.36159703, 48.17596398], [16.36159642, 48.17595969], [16.36159531, 48.17595197], [16.36159341, 48.17593856], [16.36159207, 48.17592916], [16.36158566, 48.17588419], [16.36158518, 48.17588102], [16.36158473, 48.17587808], [16.36158426, 48.17587501], [16.36165716, 48.17586967], [16.36167086, 48.17596516]]]}, "properties": {"id": 25215371, "bauperiode": "1919-1945"}}, {"type": "Feature", "geometry": {"type": "Polygon", "coordinates": [[[16.36165761, 48.17628673], [16.36164766, 48.17628736], [16.36159805, 48.17597054], [16.36167086, 48.17596516], [16.36170273, 48.17618808], [16.36171629, 48.17628294], [16.36171287, 48.17628316], [16.36170655, 48.17628357], [16.36165761, 48.17628673]]]}, "properties": {"id": 25211210, "bauperiode": "1919-1945"}}, {"type": "Feature", "geometry": {"type": "Polygon", "coordinates": [[[16.36157696, 48.17633954], [16.36157293, 48.17633972], [16.36156903, 48.17633963], [16.36156499, 48.17633945], [16.36156109, 48.176339], [16.3615572, 48.17633846], [16.36155343, 48.17633774], [16.36154966, 48.17633675], [16.36154603, 48.17633567], [16.36154254, 48.17633442], [16.36153917, 48.17633307], [16.36153595, 48.17633145], [16.36153285, 48.17632983], [16.36153003, 48.17632794], [16.36152734, 48.17632597], [16.36152478, 48.1763239], [16.3615225, 48.17632174], [16.36152048, 48.17631949], [16.36151873, 48.17631706], [16.36151711, 48.17631464], [16.36151577, 48.17631212], [16.36151469, 48.1763096], [16.36151388, 48.17630699], [16.36151361, 48.17630528], [16.36151253, 48.17629593], [16.36139636, 48.17630338], [16.361393, 48.17630359], [16.36131917, 48.17630832], [16.36131582, 48.17630854], [16.36108308, 48.17632346], [16.36106864, 48.17622183], [16.36113668, 48.1762166], [16.36116491, 48.17621442], [16.36116882, 48.17621412], [16.36117285, 48.17621381], [16.36117674, 48.17621351], [16.36118078, 48.1762132], [16.36118481, 48.17621288], [16.36118885, 48.17621257], [16.36119288, 48.17621226], [16.36119692, 48.17621195], [16.36120081, 48.17621165], [16.36120483, 48.17621134], [16.36120888, 48.17621102], [16.36121291, 48.17621071], [16.36121695, 48.1762104], [16.36122085, 48.1762101], [16.36122489, 48.17620979], [16.36124895, 48.17620793], [16.36125299, 48.17620762], [16.36125701, 48.17620731], [16.36126092, 48.176207], [16.36126495, 48.17620669], [16.36126898, 48.17620638], [16.36127302, 48.17620607], [16.36127705, 48.17620576], [16.36128095, 48.17620546], [16.36128498, 48.17620515], [16.36128901, 48.17620483], [16.36129305, 48.17620452], [16.36129708, 48.17620421], [16.36130099, 48.17620391], [16.36130501, 48.1762036], [16.36130905, 48.17620329], [16.36134854, 48.17620023], [16.36140976, 48.1761955], [16.36148613, 48.17618964], [16.3614516, 48.17597947], [16.36145082, 48.17597432], [16.36151071, 48.17597009], [16.361537, 48.17596822], [16.36159703, 48.17596398], [16.36159805, 48.17597054], [16.36164766, 48.17628736], [16.36162911, 48.17628853], [16.36163073, 48.17630031], [16.36163059, 48.17630301], [16.36163019, 48.17630562], [16.36162952, 48.17630823], [16.36162858, 48.17631084], [16.36162751, 48.17631335], [16.36162603, 48.17631587], [16.36162428, 48.1763183], [16.3616224, 48.17632064], [16.36162025, 48.1763228], [16.36161783, 48.17632496], [16.36161528, 48.17632694], [16.36161245, 48.17632892], [16.3616095, 48.17633062], [16.3616064, 48.17633224], [16.36160304, 48.17633377], [16.36159968, 48.17633503], [16.36159605, 48.17633629], [16.36159242, 48.17633728], [16.36159, 48.17633782], [16.36158866, 48.17633809], [16.36158476, 48.17633872], [16.36158086, 48.17633926], [16.36157696, 48.17633954]]]}, "properties": {"id": 25211193, "bauperiode": "1919-1945"}}, {"type": "Feature", "geometry": {"type": "Polygon", "coordinates": [[[16.38399794, 48.26080376], [16.38395626, 48.26085118], [16.38382328, 48.26080138], [16.38382251, 48.26080091], [16.38387104, 48.26074404], [16.38387059, 48.26074349], [16.3838731, 48.26074056], [16.38388108, 48.26073123], [16.38388386, 48.26072798], [16.38388467, 48.26072827], [16.38393316, 48.26067159], [16.38393383, 48.2606719], [16.38406922, 48.26072267], [16.38402653, 48.26077123], [16.38399794, 48.26080376]]]}, "properties": {"id": 21747593, "bauperiode": "1884-1918"}}, {"type": "Feature", "geometry": {"type": "Polygon", "coordinates": [[[16.38710166, 48.27913203], [16.38708547, 48.27916725], [16.38704014, 48.27915811], [16.38697671, 48.2791463], [16.38693468, 48.27913848], [16.38693171, 48.27913786], [16.38696707, 48.27906059], [16.38695346, 48.2790578], [16.38696623, 48.27902983], [16.38697984, 48.27903261], [16.38701504, 48.27895476], [16.38716618, 48.27898558], [16.38716862, 48.27898595], [16.38716543, 48.27899282], [16.38715535, 48.27901457], [16.38715227, 48.27902119], [16.38715187, 48.27902098], [16.38710109, 48.27913192], [16.38710166, 48.27913203]]]}, "properties": {"id": 21800365, "bauperiode": "1884-1918"}}, {"type": "Feature", "geometry": {"type": "Polygon", "coordinates": [[[16.39196082, 48.26963879], [16.39193874, 48.2696468], [16.39191314, 48.26964142], [16.39190208, 48.26962632], [16.39191081, 48.26960788], [16.39187911, 48.26956545], [16.39187561, 48.26956707], [16.39187211, 48.26956851], [16.39186834, 48.26956986], [16.39186457, 48.26957103], [16.39186066, 48.26957202], [16.39185662, 48.26957283], [16.39185258, 48.26957346], [16.39184841, 48.26957391], [16.39184423, 48.26957428], [16.39184006, 48.26957437], [16.39183588, 48.26957437], [16.3918317, 48.2695741], [16.39182766, 48.26957374], [16.39182349, 48.26957321], [16.39181945, 48.2695724], [16.39181554, 48.2695715], [16.39181163, 48.26957051], [16.39180786, 48.26956926], [16.39179281, 48.26960317], [16.3917635, 48.26959698], [16.39172027, 48.26958935], [16.39172044, 48.26958908], [16.39171505, 48.26958816], [16.39177943, 48.26944196], [16.39178118, 48.26944171], [16.39179388, 48.26941311], [16.39185385, 48.26940988], [16.39187113, 48.26943291], [16.39187342, 48.26943597], [16.3918736, 48.2694362], [16.39187502, 48.26943598], [16.39197768, 48.26957061], [16.39198553, 48.26958091], [16.39199198, 48.26958937], [16.39199088, 48.26958978], [16.39200099, 48.26960332], [16.39196605, 48.26961496], [16.39196969, 48.2696199], [16.39196082, 48.26963879]]]}, "properties": {"id": 22010361, "bauperiode": "1884-1918"}}, {"type": "Feature", "geometry": {"type": "Polygon", "coordinates": [[[16.48305005, 48.21817396], [16.48301662, 48.21817976], [16.48299046, 48.21811244], [16.48298172, 48.218114], [16.48298131, 48.21811407], [16.48297969, 48.21810984], [16.48290526, 48.21791865], [16.48304649, 48.2178941], [16.48309299, 48.21801356], [16.48312824, 48.21800744], [16.48317598, 48.21799915], [16.48320418, 48.21807169], [16.48315737, 48.21807985], [16.48315276, 48.21806816], [16.48308228, 48.21808039], [16.48310017, 48.21812623], [16.4831256, 48.2181218], [16.48313983, 48.21815838], [16.48309904, 48.21816546], [16.48305005, 48.21817396]]]}, "properties": {"id": 26727962, "bauperiode": "Vor 1683"}}, {"type": "Feature", "geometry": {"type": "Polygon", "coordinates": [[[16.4825659, 48.21776171], [16.48249604, 48.21777409], [16.48249278, 48.21776449], [16.48248307, 48.21773588], [16.4824825, 48.2177342], [16.48249456, 48.21773249], [16.48255632, 48.21772376], [16.48285593, 48.21770207], [16.48285628, 48.21770432], [16.48286199, 48.2177404], [16.4825659, 48.21776171]]]}, "properties": {"id": 26727989, "bauperiode": "Vor 1683"}}, {"type": "Feature", "geometry": {"type": "Polygon", "coordinates": [[[16.48280125, 48.21787697], [16.48280016, 48.21787712], [16.4827665, 48.21777125], [16.48291273, 48.21775048], [16.48303193, 48.21773354], [16.48311099, 48.21772231], [16.48312741, 48.21771998], [16.48315902, 48.21781938], [16.48315166, 48.21782052], [16.4829979, 48.21784431], [16.48300047, 48.21785249], [16.48295589, 48.21785873], [16.48295353, 48.21785118], [16.4828905, 48.21786092], [16.48289151, 48.21786412], [16.48280125, 48.21787697]]]}, "properties": {"id": 26730382, "bauperiode": "Vor 1683"}}, {"type": "Feature", "geometry": {"type": "Polygon", "coordinates": [[[16.48267499, 48.21795843], [16.48249568, 48.21798365], [16.48244003, 48.21781672], [16.4827665, 48.21777125], [16.48280016, 48.21787712], [16.48273467, 48.2178864], [16.48273376, 48.2178835], [16.48264203, 48.21789641], [16.48265552, 48.21793901], [16.4826682, 48.21793721], [16.48267499, 48.21795843]]]}, "properties": {"id": 26735168, "bauperiode": "Vor 1683"}}, {"type": "Feature", "geometry": {"type": "Polygon", "coordinates": [[[16.4828315, 48.21814735], [16.48281536, 48.21815187], [16.4828051, 48.21813875], [16.48279671, 48.21812509], [16.48279008, 48.21811098], [16.48278519, 48.2180966], [16.48278219, 48.21808195], [16.48278107, 48.21806711], [16.4827817, 48.21805236], [16.48278435, 48.2180377], [16.48278889, 48.21802321], [16.48279531, 48.21800899], [16.48280361, 48.21799522], [16.48281367, 48.21798199], [16.48282547, 48.21796939], [16.48283863, 48.2179575], [16.48284708, 48.21795116], [16.4828534, 48.21794642], [16.48286952, 48.21793614], [16.48288671, 48.21792686], [16.48290526, 48.21791865], [16.48297969, 48.21810984], [16.4828242, 48.21813738], [16.4828315, 48.21814735]]]}, "properties": {"id": 26727966, "bauperiode": "Vor 1683"}}, {"type": "Feature", "geometry": {"type": "Polygon", "coordinates": [[[16.48293387, 48.2183225], [16.48287025, 48.21833355], [16.48286647, 48.21833207], [16.48284721, 48.2183245], [16.48281793, 48.21824917], [16.48290359, 48.21823426], [16.48290684, 48.2182337], [16.48291423, 48.21823241], [16.48294352, 48.21830783], [16.48293387, 48.2183225]]]}, "properties": {"id": 26727946, "bauperiode": "Vor 1683"}}, {"type": "Feature", "geometry": {"type": "Polygon", "coordinates": [[[16.4841619, 48.21820635], [16.48396686, 48.21823439], [16.48391879, 48.21810077], [16.48392499, 48.21810001], [16.48391253, 48.21806346], [16.48397843, 48.21805063], [16.48399266, 48.21804786], [16.4840722, 48.21803238], [16.48408213, 48.21803044], [16.48413552, 48.21802005], [16.48413158, 48.21800795], [16.48413023, 48.2180038], [16.48411095, 48.21794456], [16.4843029, 48.21791653], [16.48433826, 48.21791137], [16.48453033, 48.21788333], [16.48456079, 48.21787881], [16.48459136, 48.21787427], [16.48462898, 48.21786869], [16.48463443, 48.21786788], [16.4846658, 48.2178633], [16.48466013, 48.21784666], [16.4846663, 48.21784566], [16.48466683, 48.21784768], [16.48469025, 48.21793695], [16.48469542, 48.21795655], [16.48458983, 48.21797189], [16.48455512, 48.21797697], [16.48455295, 48.21797023], [16.48454779, 48.2179544], [16.48440373, 48.21797536], [16.48441852, 48.21802076], [16.48433311, 48.21803319], [16.48432347, 48.21800362], [16.48431831, 48.2179878], [16.48427473, 48.21799415], [16.48427989, 48.21800997], [16.48428206, 48.21801671], [16.48421695, 48.21802615], [16.48421981, 48.21803487], [16.48414932, 48.21804512], [16.48415801, 48.21807182], [16.48412049, 48.21807915], [16.48412649, 48.21809759], [16.4841619, 48.21820635]]]}, "properties": {"id": 26727951, "bauperiode": "1884-1918"}}, {"type": "Feature", "geometry": {"type": "Polygon", "coordinates": [[[16.48451369, 48.21815978], [16.48431822, 48.21818825], [16.48427803, 48.21806492], [16.48429578, 48.21806238], [16.48428845, 48.21803972], [16.48433311, 48.21803319], [16.48441852, 48.21802076], [16.4844422, 48.21801731], [16.48446924, 48.21801341], [16.4844767, 48.21803606], [16.48448733, 48.21803443], [16.48452752, 48.21815777], [16.48451369, 48.21815978]]]}, "properties": {"id": 26727960, "bauperiode": "1884-1918"}}, {"type": "Feature", "geometry": {"type": "Polygon", "coordinates": [[[16.4843029, 48.21791653], [16.48411095, 48.21794456], [16.48410657, 48.21793093], [16.48411838, 48.21792921], [16.48411739, 48.21792619], [16.4841544, 48.21792079], [16.48415539, 48.2179238], [16.48416241, 48.21792278], [16.48416139, 48.21791968], [16.48419818, 48.21791433], [16.4841992, 48.21791742], [16.48420645, 48.21791636], [16.48420547, 48.21791337], [16.48424254, 48.21790788], [16.48424355, 48.21791094], [16.48425574, 48.21790915], [16.48425472, 48.21790606], [16.48429475, 48.21790027], [16.48429574, 48.21790329], [16.48430773, 48.21790154], [16.48430672, 48.21789846], [16.48433275, 48.21789471], [16.48436357, 48.2178902], [16.48436453, 48.2178932], [16.48437695, 48.2178914], [16.48437594, 48.21788831], [16.48441581, 48.21788268], [16.48441675, 48.21788555], [16.48442877, 48.21788381], [16.48442778, 48.21788075], [16.48446405, 48.21787543], [16.48446501, 48.21787841], [16.48447679, 48.2178767], [16.48447579, 48.21787361], [16.48451692, 48.21786783], [16.48451788, 48.21787078], [16.48452989, 48.21786905], [16.48452888, 48.21786593], [16.48455492, 48.21786217], [16.48457177, 48.21785979], [16.4845727, 48.21786263], [16.48457939, 48.21786165], [16.48457838, 48.21785861], [16.48462162, 48.21785246], [16.48462261, 48.21785546], [16.4846297, 48.21785442], [16.48462869, 48.21785137], [16.48466013, 48.21784666], [16.4846658, 48.2178633], [16.48463443, 48.21786788], [16.48462898, 48.21786869], [16.48459136, 48.21787427], [16.48456079, 48.21787881], [16.48453033, 48.21788333], [16.48433826, 48.21791137], [16.4843029, 48.21791653]]]}, "properties": {"id": 26733406, "bauperiode": "1884-1918"}}, {"type": "Feature", "geometry": {"type": "Polygon", "coordinates": [[[16.48122998, 48.21757832], [16.48103197, 48.21760474], [16.48102762, 48.21758999], [16.48094032, 48.21760161], [16.48093279, 48.21760261], [16.4809192, 48.21755703], [16.48090602, 48.21755876], [16.48090023, 48.21753966], [16.48089956, 48.21753744], [16.48089269, 48.21751475], [16.48092358, 48.21751064], [16.48095535, 48.2175063], [16.48095174, 48.2174945], [16.48108042, 48.21747693], [16.48108, 48.21747588], [16.48108203, 48.21747565], [16.48108667, 48.21747511], [16.48108845, 48.21747488], [16.48110266, 48.21747304], [16.48110452, 48.21747279], [16.48110868, 48.21747227], [16.48111118, 48.21747196], [16.48111199, 48.21747256], [16.48124044, 48.21745621], [16.48124404, 48.21746778], [16.48130343, 48.21746014], [16.48130673, 48.21745972], [16.48131832, 48.21749909], [16.48131966, 48.21750374], [16.48130688, 48.21750537], [16.48132047, 48.21755095], [16.48131717, 48.21755139], [16.48131388, 48.21755183], [16.48122563, 48.21756357], [16.48122998, 48.21757832]]]}, "properties": {"id": 26731693, "bauperiode": "1919-1945"}}, {"type": "Feature", "geometry": {"type": "Polygon", "coordinates": [[[16.53391698, 48.22376247], [16.5338134, 48.22377818], [16.5337886, 48.22369989], [16.53380421, 48.22369762], [16.53384954, 48.22369133], [16.53389446, 48.22368505], [16.5339187, 48.22375749], [16.5339202, 48.22376198], [16.53391698, 48.22376247]]]}, "properties": {"id": 27214513, "bauperiode": "1946-1976"}}, {"type": "Feature", "geometry": {"type": "Polygon", "coordinates": [[[16.49029057, 48.23687041], [16.49011233, 48.2369131], [16.49007375, 48.23684112], [16.490098, 48.2368352], [16.49015358, 48.23682203], [16.490252, 48.23679847], [16.49025359, 48.23680143], [16.49025473, 48.23680355], [16.49025822, 48.23681006], [16.49028388, 48.23685794], [16.49029057, 48.23687041]]]}, "properties": {"id": 22643364, "bauperiode": "1946-1976"}}, {"type": "Feature", "geometry": {"type": "Polygon", "coordinates": [[[16.48522949, 48.238816], [16.48522526, 48.23882304], [16.48511249, 48.2387927], [16.48511879, 48.23878216], [16.48517224, 48.2386936], [16.48528501, 48.23872394], [16.48525473, 48.23877416], [16.48524991, 48.23878199], [16.48522949, 48.238816]]]}, "properties": {"id": 22851328, "bauperiode": "1919-1945"}}, {"type": "Feature", "geometry": {"type": "MultiPolygon", "coordinates": [[[[16.48354698, 48.23936285], [16.48353195, 48.23945423], [16.48339917, 48.23944521], [16.48343193, 48.23924668], [16.48350613, 48.23925216], [16.48350922, 48.23923309], [16.48351704, 48.23918485], [16.48350625, 48.23918404], [16.48352737, 48.23905509], [16.48353829, 48.2390559], [16.48354959, 48.23898665], [16.48347539, 48.23898117], [16.48350774, 48.23878424], [16.48350788, 48.23878325], [16.48352282, 48.23878422], [16.48363633, 48.23879253], [16.48362338, 48.23887158], [16.48361879, 48.23889954], [16.48359834, 48.23902434], [16.48367481, 48.23902989], [16.4836616, 48.23911044], [16.48365735, 48.23913636], [16.48364217, 48.23922893], [16.48356988, 48.23922369], [16.48356713, 48.23924044], [16.48355152, 48.23933529], [16.48354698, 48.23936285]], [[16.48346918, 48.23937298], [16.48353804, 48.23937806], [16.48354532, 48.23933389], [16.48347646, 48.23932891], [16.48346918, 48.23937298]], [[16.48358094, 48.23914585], [16.4836496, 48.2391509], [16.48365688, 48.23910673], [16.48358822, 48.23910178], [16.48358094, 48.23914585]], [[16.48354745, 48.23890941], [16.48361295, 48.23891424], [16.48362022, 48.23887007], [16.48355473, 48.23886524], [16.48354745, 48.23890941]]]]}, "properties": {"id": 22615400, "bauperiode": "1946-1976"}}, {"type": "Feature", "geometry": {"type": "Polygon", "coordinates": [[[16.53504829, 48.23109146], [16.53504399, 48.2310922], [16.53502332, 48.23103863], [16.53505776, 48.23103273], [16.53505042, 48.23101386], [16.53518076, 48.23099133], [16.5352089, 48.23106385], [16.53504829, 48.23109146]]]}, "properties": {"id": 26206723, "bauperiode": "1919-1945"}}, {"type": "Feature", "geometry": {"type": "Polygon", "coordinates": [[[16.48125276, 48.21855323], [16.48124878, 48.21855468], [16.48117821, 48.2184645], [16.4814302, 48.21837281], [16.48150116, 48.21834698], [16.4815731, 48.21843653], [16.48139703, 48.21850065], [16.48125276, 48.21855323]]]}, "properties": {"id": 26735890, "bauperiode": "1946-1976"}}, {"type": "Feature", "geometry": {"type": "Polygon", "coordinates": [[[16.48087142, 48.21807969], [16.48071879, 48.21811801], [16.4806843, 48.21805663], [16.4808294, 48.2180202], [16.48083693, 48.21801831], [16.48087142, 48.21807969]]]}, "properties": {"id": 26727968, "bauperiode": "1946-1976"}}, {"type": "Feature", "geometry": {"type": "Polygon", "coordinates": [[[16.48072194, 48.21850935], [16.48069437, 48.21851628], [16.48061752, 48.21837953], [16.48054231, 48.21824571], [16.48046595, 48.21810916], [16.48060684, 48.21807382], [16.48083541, 48.21848083], [16.48072194, 48.21850935]]]}, "properties": {"id": 26727936, "bauperiode": "1946-1976"}}, {"type": "Feature", "geometry": {"type": "Polygon", "coordinates": [[[16.48121543, 48.21837239], [16.48120761, 48.21837523], [16.48102495, 48.21815071], [16.48098061, 48.21809619], [16.48111934, 48.21804583], [16.48134634, 48.21832478], [16.48121543, 48.21837239]]]}, "properties": {"id": 26727945, "bauperiode": "1946-1976"}}, {"type": "Feature", "geometry": {"type": "Polygon", "coordinates": [[[16.48103002, 48.21863464], [16.48082412, 48.21870963], [16.48075453, 48.21862382], [16.48084945, 48.21858928], [16.48087367, 48.21858047], [16.48096008, 48.21854902], [16.48103002, 48.21863464]]]}, "properties": {"id": 26727920, "bauperiode": "1946-1976"}}, {"type": "Feature", "geometry": {"type": "Polygon", "coordinates": [[[16.48063092, 48.21981858], [16.48058289, 48.21983654], [16.48057819, 48.21983093], [16.48053656, 48.21978122], [16.48051371, 48.21978927], [16.48048921, 48.21976002], [16.48058637, 48.21972369], [16.48061221, 48.21975457], [16.48058527, 48.21976406], [16.48061444, 48.21979888], [16.4806296, 48.21981699], [16.48063092, 48.21981858]]]}, "properties": {"id": 26731772, "bauperiode": "1884-1918"}}, {"type": "Feature", "geometry": {"type": "Polygon", "coordinates": [[[16.4806219, 48.21992644], [16.48057211, 48.21994397], [16.48056271, 48.2199323], [16.48051149, 48.21986769], [16.48050336, 48.21985742], [16.48050881, 48.2198555], [16.48054204, 48.21984373], [16.48056574, 48.21987233], [16.4806784, 48.21983316], [16.48065458, 48.21980731], [16.4806523, 48.21980469], [16.4807002, 48.21978773], [16.48070317, 48.21978668], [16.48077138, 48.21986666], [16.48077305, 48.21986861], [16.48077573, 48.21987229], [16.48076944, 48.21987451], [16.48075094, 48.21988102], [16.48072997, 48.2198884], [16.48070608, 48.21986325], [16.48059893, 48.21990026], [16.4806219, 48.21992644]]]}, "properties": {"id": 26731778, "bauperiode": "1884-1918"}}, {"type": "Feature", "geometry": {"type": "Polygon", "coordinates": [[[16.48046899, 48.21980502], [16.48046336, 48.219807], [16.48039413, 48.21971975], [16.48039936, 48.2197179], [16.48040882, 48.21971455], [16.48043349, 48.21974246], [16.4805483, 48.21970121], [16.48052525, 48.21967332], [16.48056346, 48.21965979], [16.48056643, 48.21965874], [16.48058962, 48.21965052], [16.48062243, 48.2196923], [16.48066111, 48.21973735], [16.48065813, 48.2197384], [16.48061221, 48.21975457], [16.48058637, 48.21972369], [16.48048921, 48.21976002], [16.48051371, 48.21978927], [16.48046899, 48.21980502]]]}, "properties": {"id": 26731769, "bauperiode": "1884-1918"}}, {"type": "Feature", "geometry": {"type": "MultiPolygon", "coordinates": [[[[16.48082053, 48.23893658], [16.48081099, 48.23899046], [16.48079644, 48.23898922], [16.48066798, 48.23897841], [16.48066353, 48.23897518], [16.48067853, 48.23889854], [16.48058373, 48.23889038], [16.48058385, 48.23888571], [16.48047317, 48.23887818], [16.48043183, 48.23887537], [16.4802957, 48.2388661], [16.48030854, 48.2387883], [16.48031079, 48.23877463], [16.4804713, 48.23878809], [16.48073469, 48.23881025], [16.48073747, 48.23879513], [16.48082338, 48.23880159], [16.48082139, 48.23881373], [16.48094704, 48.23882258], [16.48094577, 48.23883183], [16.48098491, 48.23883439], [16.4809702, 48.23892487], [16.48085573, 48.23891699], [16.48080996, 48.23891384], [16.48080899, 48.23892167], [16.4808072, 48.23893606], [16.48082053, 48.23893658]], [[16.48071811, 48.23890038], [16.4808121, 48.23890826], [16.48081887, 48.23887255], [16.48072474, 48.23886467], [16.48071811, 48.23890038]], [[16.48047827, 48.23887253], [16.48048408, 48.23883493], [16.48041716, 48.23882935], [16.48041107, 48.23886686], [16.48047827, 48.23887253]]]]}, "properties": {"id": 22612477, "bauperiode": "1946-1976"}}, {"type": "Feature", "geometry": {"type": "MultiPolygon", "coordinates": [[[[16.48076428, 48.23918468], [16.48075825, 48.23922121], [16.48062946, 48.23921246], [16.48064264, 48.2391324], [16.48064681, 48.23910704], [16.48066198, 48.23901484], [16.48066512, 48.23899578], [16.48066798, 48.23897841], [16.48079644, 48.23898922], [16.48079318, 48.2390091], [16.4807906, 48.23902484], [16.48078519, 48.23905776], [16.48079771, 48.23905865], [16.4807768, 48.23918557], [16.48076428, 48.23918468]], [[16.48065524, 48.23914022], [16.48071408, 48.23914302], [16.4807215, 48.23910083], [16.48066172, 48.23909677], [16.48065524, 48.23914022]]]]}, "properties": {"id": 22611682, "bauperiode": "1946-1976"}}, {"type": "Feature", "geometry": {"type": "MultiPolygon", "coordinates": [[[[16.48075825, 48.23922121], [16.48072656, 48.23941424], [16.48069195, 48.23941169], [16.48066945, 48.23941004], [16.48059783, 48.23940477], [16.48061038, 48.2393285], [16.48061454, 48.23930322], [16.48062946, 48.23921246], [16.48075825, 48.23922121]], [[16.48068637, 48.23929189], [16.48063008, 48.23928782], [16.4806228, 48.23933253], [16.48067895, 48.2393366], [16.48068637, 48.23929189]]]]}, "properties": {"id": 22611660, "bauperiode": "1946-1976"}}]}